nohup: ignoring input
2026-08-16 11:52:40,950 INFO [brain_api] Connecting to BRAIN API session
2026-08-16 11:52:40,951 INFO [brain_api] BRAIN authentication: using cookie header; password login skipped
2026-08-16 11:52:40,951 INFO [brain_api] BRAIN session ready

================================================================================
  Phase 1 Plus — 4-Step Alpha Optimization Simulation
================================================================================

  Environment: GLB / TOPDIV3000 / Delay 1
  File: alphas_4steps_cmf.txt

[load] Đọc file: /home/tohuy2710/T-MAG/phase_1_plus/alphas_4steps_cmf.txt
[load] Đã load 206 candidates

Sample candidates:
  1. [Step 2] Param: CMF_window=3, Reversal_window=5
     ts_rank(short_term_price_change_2, 3) * (1 - ts_rank(returns, 5))
  2. [Step 2] Param: CMF_window=3, Reversal_window=10
     ts_rank(short_term_price_change_2, 3) * (1 - ts_rank(returns, 10))
  3. [Step 2] Param: CMF_window=3, Reversal_window=20
     ts_rank(short_term_price_change_2, 3) * (1 - ts_rank(returns, 20))
  ... và 203 candidates khác


[sim] Bắt đầu mô phỏng: 206 candidates
      Batch size: 3
      Max concurrent: 3

[brain_api] Authenticated
2026-08-16 11:52:40,954 INFO [brain_api] Batch simulate stream start candidate_count=3 concurrency=3 max_retries=2
2026-08-16 11:52:40,954 INFO [brain_api] Simulation submit start expr_hash=879520897eb1 expr_len=65 settings_keys=['decay', 'delay', 'instrumentType', 'language', 'maxPosition', 'maxTrade', 'nanHandling', 'neutralization', 'pasteurization', 'region', 'truncation', 'unitHandling', 'universe', 'visualization']
2026-08-16 11:52:40,955 INFO [brain_api] Simulation submit start expr_hash=19a8d5323914 expr_len=66 settings_keys=['decay', 'delay', 'instrumentType', 'language', 'maxPosition', 'maxTrade', 'nanHandling', 'neutralization', 'pasteurization', 'region', 'truncation', 'unitHandling', 'universe', 'visualization']
2026-08-16 11:52:40,955 INFO [brain_api] Simulation submit start expr_hash=c58c22ae7e28 expr_len=66 settings_keys=['decay', 'delay', 'instrumentType', 'language', 'maxPosition', 'maxTrade', 'nanHandling', 'neutralization', 'pasteurization', 'region', 'truncation', 'unitHandling', 'universe', 'visualization']
2026-08-16 11:52:42,490 INFO [brain_api] Simulation created sim_id=45KbJ7dII4kragFiUIG5DFW expr_hash=879520897eb1
2026-08-16 11:52:42,492 INFO [brain_api] Simulation created sim_id=2KajI9eV4M4aMvT21sqE6A expr_hash=c58c22ae7e28
2026-08-16 11:52:42,492 INFO [brain_api] Polling simulation start sim_id=45KbJ7dII4kragFiUIG5DFW timeout=600s
2026-08-16 11:52:42,493 INFO [brain_api] Simulation created sim_id=14DfEj2Hw56rbDokFPGjjlE expr_hash=19a8d5323914
2026-08-16 11:52:42,494 INFO [brain_api] Polling simulation start sim_id=2KajI9eV4M4aMvT21sqE6A timeout=600s
2026-08-16 11:52:42,495 INFO [brain_api] Polling simulation start sim_id=14DfEj2Hw56rbDokFPGjjlE timeout=600s
2026-08-16 11:52:42,806 INFO [brain_api] Polling simulation status changed sim_id=14DfEj2Hw56rbDokFPGjjlE status=UNKNOWN
2026-08-16 11:52:42,807 INFO [brain_api] Polling simulation status changed sim_id=45KbJ7dII4kragFiUIG5DFW status=UNKNOWN
2026-08-16 11:52:42,808 INFO [brain_api] Polling simulation status changed sim_id=2KajI9eV4M4aMvT21sqE6A status=UNKNOWN
2026-08-16 11:53:10,959 INFO [brain_api] Batch heartbeat ts=2026-08-16T04:53:10.959528+00:00 elapsed=30s progress=0/3 in_flight=3 last_status=-
✓ Đã kết nối BRAIN API

[batch 1/69] Mô phỏng 3 candidates...
  [heartbeat] 11:53:10 elapsed=30s 0/3 in_flight=3 last=-
2026-08-16 11:53:40,965 INFO [brain_api] Batch heartbeat ts=2026-08-16T04:53:40.965360+00:00 elapsed=60s progress=0/3 in_flight=3 last_status=-
  [heartbeat] 11:53:40 elapsed=60s 0/3 in_flight=3 last=-
2026-08-16 11:54:10,971 INFO [brain_api] Batch heartbeat ts=2026-08-16T04:54:10.971109+00:00 elapsed=90s progress=0/3 in_flight=3 last_status=-
  [heartbeat] 11:54:10 elapsed=90s 0/3 in_flight=3 last=-
2026-08-16 11:54:24,658 INFO [brain_api] Polling simulation status changed sim_id=14DfEj2Hw56rbDokFPGjjlE status=COMPLETE
2026-08-16 11:54:24,658 INFO [brain_api] Polling simulation terminal sim_id=14DfEj2Hw56rbDokFPGjjlE status=COMPLETE alpha_id=wpak2Lb5
2026-08-16 11:54:24,658 INFO [brain_api] Fetching alpha details alpha_id=wpak2Lb5 retries=3
2026-08-16 11:54:25,031 INFO [brain_api] Fetched alpha details alpha_id=wpak2Lb5 status=UNSUBMITTED sharpe=1.67 fitness=0.62 turnover=0.4356
2026-08-16 11:54:25,031 INFO [brain_api] Simulation complete alpha_id=wpak2Lb5 sharpe=1.67 fitness=0.62 turnover=0.4356 expr_hash=19a8d5323914
2026-08-16 11:54:25,031 INFO [brain_api] Stream simulation candidate finished batch_idx=1 status=COMPLETE attempts=1 retryable=False expr_hash=19a8d5323914
  [1/3] COMPLETE — ts_rank(short_term_price_change_2, 3) * (1 - ts_ra
2026-08-16 11:54:30,045 INFO [brain_api] Polling simulation status changed sim_id=45KbJ7dII4kragFiUIG5DFW status=COMPLETE
2026-08-16 11:54:30,045 INFO [brain_api] Polling simulation terminal sim_id=45KbJ7dII4kragFiUIG5DFW status=COMPLETE alpha_id=MPGNeAr9
2026-08-16 11:54:30,045 INFO [brain_api] Fetching alpha details alpha_id=MPGNeAr9 retries=3
2026-08-16 11:54:30,396 INFO [brain_api] Fetched alpha details alpha_id=MPGNeAr9 status=UNSUBMITTED sharpe=1.63 fitness=0.57 turnover=0.4457
2026-08-16 11:54:30,397 INFO [brain_api] Simulation complete alpha_id=MPGNeAr9 sharpe=1.63 fitness=0.57 turnover=0.4457 expr_hash=879520897eb1
2026-08-16 11:54:30,397 INFO [brain_api] Stream simulation candidate finished batch_idx=0 status=COMPLETE attempts=1 retryable=False expr_hash=879520897eb1
  ✓ wpak2Lb5 | sharpe=1.67 fitness=0.62 turnover=0.4356
  [2/3] COMPLETE — ts_rank(short_term_price_change_2, 3) * (1 - ts_ra
2026-08-16 11:54:36,459 INFO [brain_api] Polling simulation status changed sim_id=2KajI9eV4M4aMvT21sqE6A status=COMPLETE
2026-08-16 11:54:36,459 INFO [brain_api] Polling simulation terminal sim_id=2KajI9eV4M4aMvT21sqE6A status=COMPLETE alpha_id=3qpvkA6P
2026-08-16 11:54:36,459 INFO [brain_api] Fetching alpha details alpha_id=3qpvkA6P retries=3
2026-08-16 11:54:37,082 INFO [brain_api] Fetched alpha details alpha_id=3qpvkA6P status=UNSUBMITTED sharpe=1.79 fitness=0.7 turnover=0.4257
2026-08-16 11:54:37,083 INFO [brain_api] Simulation complete alpha_id=3qpvkA6P sharpe=1.79 fitness=0.7 turnover=0.4257 expr_hash=c58c22ae7e28
2026-08-16 11:54:37,083 INFO [brain_api] Stream simulation candidate finished batch_idx=2 status=COMPLETE attempts=1 retryable=False expr_hash=c58c22ae7e28
  ✓ MPGNeAr9 | sharpe=1.63 fitness=0.57 turnover=0.4457
  [3/3] COMPLETE — ts_rank(short_term_price_change_2, 3) * (1 - ts_ra
2026-08-16 11:54:37,085 INFO [brain_api] Batch simulate stream complete candidate_count=3
2026-08-16 11:54:37,085 INFO [brain_api] Batch simulate stream start candidate_count=3 concurrency=3 max_retries=2
2026-08-16 11:54:37,086 INFO [brain_api] Simulation submit start expr_hash=b57e2c84d025 expr_len=66 settings_keys=['decay', 'delay', 'instrumentType', 'language', 'maxPosition', 'maxTrade', 'nanHandling', 'neutralization', 'pasteurization', 'region', 'truncation', 'unitHandling', 'universe', 'visualization']
2026-08-16 11:54:37,088 INFO [brain_api] Simulation submit start expr_hash=69245ecaef3d expr_len=65 settings_keys=['decay', 'delay', 'instrumentType', 'language', 'maxPosition', 'maxTrade', 'nanHandling', 'neutralization', 'pasteurization', 'region', 'truncation', 'unitHandling', 'universe', 'visualization']
2026-08-16 11:54:37,089 INFO [brain_api] Simulation submit start expr_hash=8997e8a3a7a9 expr_len=66 settings_keys=['decay', 'delay', 'instrumentType', 'language', 'maxPosition', 'maxTrade', 'nanHandling', 'neutralization', 'pasteurization', 'region', 'truncation', 'unitHandling', 'universe', 'visualization']
2026-08-16 11:54:37,402 INFO [brain_api] Simulation created sim_id=4lr0A09Kr4lFc0xhXHKM559 expr_hash=b57e2c84d025
2026-08-16 11:54:37,402 INFO [brain_api] Polling simulation start sim_id=4lr0A09Kr4lFc0xhXHKM559 timeout=600s
2026-08-16 11:54:37,405 INFO [brain_api] Simulation created sim_id=2RcRVraKD4Vb94z1hILxWLTd expr_hash=69245ecaef3d
2026-08-16 11:54:37,405 INFO [brain_api] Polling simulation start sim_id=2RcRVraKD4Vb94z1hILxWLTd timeout=600s
2026-08-16 11:54:37,687 INFO [brain_api] Polling simulation status changed sim_id=4lr0A09Kr4lFc0xhXHKM559 status=UNKNOWN
2026-08-16 11:54:37,688 INFO [brain_api] Polling simulation status changed sim_id=2RcRVraKD4Vb94z1hILxWLTd status=UNKNOWN
2026-08-16 11:54:41,676 INFO [brain_api] Simulation created sim_id=6Jvuh8oJ5jza3YBUlQ6PKB expr_hash=8997e8a3a7a9
2026-08-16 11:54:41,676 INFO [brain_api] Polling simulation start sim_id=6Jvuh8oJ5jza3YBUlQ6PKB timeout=600s
2026-08-16 11:54:41,987 INFO [brain_api] Polling simulation status changed sim_id=6Jvuh8oJ5jza3YBUlQ6PKB status=UNKNOWN
2026-08-16 11:55:07,091 INFO [brain_api] Batch heartbeat ts=2026-08-16T04:55:07.091706+00:00 elapsed=30s progress=0/3 in_flight=3 last_status=-
  ✓ 3qpvkA6P | sharpe=1.79 fitness=0.70 turnover=0.4257
[batch 2/69] Mô phỏng 3 candidates...
  [heartbeat] 11:55:07 elapsed=30s 0/3 in_flight=3 last=-
2026-08-16 11:55:37,097 INFO [brain_api] Batch heartbeat ts=2026-08-16T04:55:37.097625+00:00 elapsed=60s progress=0/3 in_flight=3 last_status=-
  [heartbeat] 11:55:37 elapsed=60s 0/3 in_flight=3 last=-
2026-08-16 11:56:07,102 INFO [brain_api] Batch heartbeat ts=2026-08-16T04:56:07.102797+00:00 elapsed=90s progress=0/3 in_flight=3 last_status=-
  [heartbeat] 11:56:07 elapsed=90s 0/3 in_flight=3 last=-
2026-08-16 11:56:36,162 INFO [brain_api] Polling simulation status changed sim_id=2RcRVraKD4Vb94z1hILxWLTd status=COMPLETE
2026-08-16 11:56:36,162 INFO [brain_api] Polling simulation terminal sim_id=2RcRVraKD4Vb94z1hILxWLTd status=COMPLETE alpha_id=ak19QR8x
2026-08-16 11:56:36,162 INFO [brain_api] Fetching alpha details alpha_id=ak19QR8x retries=3
2026-08-16 11:56:36,674 INFO [brain_api] Fetched alpha details alpha_id=ak19QR8x status=UNSUBMITTED sharpe=1.63 fitness=0.6 turnover=0.399
2026-08-16 11:56:36,674 INFO [brain_api] Simulation complete alpha_id=ak19QR8x sharpe=1.63 fitness=0.6 turnover=0.399 expr_hash=69245ecaef3d
2026-08-16 11:56:36,675 INFO [brain_api] Stream simulation candidate finished batch_idx=1 status=COMPLETE attempts=1 retryable=False expr_hash=69245ecaef3d
  [1/3] COMPLETE — ts_rank(short_term_price_change_2, 5) * (1 - ts_ra
2026-08-16 11:56:37,109 INFO [brain_api] Batch heartbeat ts=2026-08-16T04:56:37.109087+00:00 elapsed=120s progress=1/3 in_flight=2 last_status=COMPLETE
  ✓ ak19QR8x | sharpe=1.63 fitness=0.60 turnover=0.3990
  [heartbeat] 11:56:37 elapsed=120s 1/3 in_flight=2 last=COMPLETE
2026-08-16 11:56:42,728 INFO [brain_api] Polling simulation status changed sim_id=4lr0A09Kr4lFc0xhXHKM559 status=COMPLETE
2026-08-16 11:56:42,728 INFO [brain_api] Polling simulation terminal sim_id=4lr0A09Kr4lFc0xhXHKM559 status=COMPLETE alpha_id=qMNJYObv
2026-08-16 11:56:42,728 INFO [brain_api] Fetching alpha details alpha_id=qMNJYObv retries=3
2026-08-16 11:56:43,125 INFO [brain_api] Fetched alpha details alpha_id=qMNJYObv status=UNSUBMITTED sharpe=1.76 fitness=0.7 turnover=0.4212
2026-08-16 11:56:43,126 INFO [brain_api] Simulation complete alpha_id=qMNJYObv sharpe=1.76 fitness=0.7 turnover=0.4212 expr_hash=b57e2c84d025
2026-08-16 11:56:43,126 INFO [brain_api] Stream simulation candidate finished batch_idx=0 status=COMPLETE attempts=1 retryable=False expr_hash=b57e2c84d025
  [2/3] COMPLETE — ts_rank(short_term_price_change_2, 3) * (1 - ts_ra
2026-08-16 11:57:07,115 INFO [brain_api] Batch heartbeat ts=2026-08-16T04:57:07.115150+00:00 elapsed=150s progress=2/3 in_flight=1 last_status=COMPLETE
  ✓ qMNJYObv | sharpe=1.76 fitness=0.70 turnover=0.4212
  [heartbeat] 11:57:07 elapsed=150s 2/3 in_flight=1 last=COMPLETE
2026-08-16 11:57:11,284 INFO [brain_api] Polling simulation status changed sim_id=6Jvuh8oJ5jza3YBUlQ6PKB status=COMPLETE
2026-08-16 11:57:11,284 INFO [brain_api] Polling simulation terminal sim_id=6Jvuh8oJ5jza3YBUlQ6PKB status=COMPLETE alpha_id=gJ8Vgd3l
2026-08-16 11:57:11,284 INFO [brain_api] Fetching alpha details alpha_id=gJ8Vgd3l retries=3
2026-08-16 11:57:11,612 INFO [brain_api] Fetched alpha details alpha_id=gJ8Vgd3l status=UNSUBMITTED sharpe=1.67 fitness=0.66 turnover=0.3878
2026-08-16 11:57:11,612 INFO [brain_api] Simulation complete alpha_id=gJ8Vgd3l sharpe=1.67 fitness=0.66 turnover=0.3878 expr_hash=8997e8a3a7a9
2026-08-16 11:57:11,613 INFO [brain_api] Stream simulation candidate finished batch_idx=2 status=COMPLETE attempts=1 retryable=False expr_hash=8997e8a3a7a9
  [3/3] COMPLETE — ts_rank(short_term_price_change_2, 5) * (1 - ts_ra
2026-08-16 11:57:11,615 INFO [brain_api] Batch simulate stream complete candidate_count=3
2026-08-16 11:57:11,616 INFO [brain_api] Batch simulate stream start candidate_count=3 concurrency=3 max_retries=2
2026-08-16 11:57:11,616 INFO [brain_api] Simulation submit start expr_hash=30620b03fff3 expr_len=66 settings_keys=['decay', 'delay', 'instrumentType', 'language', 'maxPosition', 'maxTrade', 'nanHandling', 'neutralization', 'pasteurization', 'region', 'truncation', 'unitHandling', 'universe', 'visualization']
2026-08-16 11:57:11,616 INFO [brain_api] Simulation submit start expr_hash=fc8a4443d643 expr_len=66 settings_keys=['decay', 'delay', 'instrumentType', 'language', 'maxPosition', 'maxTrade', 'nanHandling', 'neutralization', 'pasteurization', 'region', 'truncation', 'unitHandling', 'universe', 'visualization']
2026-08-16 11:57:11,618 INFO [brain_api] Simulation submit start expr_hash=4753d6b1cab6 expr_len=66 settings_keys=['decay', 'delay', 'instrumentType', 'language', 'maxPosition', 'maxTrade', 'nanHandling', 'neutralization', 'pasteurization', 'region', 'truncation', 'unitHandling', 'universe', 'visualization']
2026-08-16 11:57:11,903 INFO [brain_api] Simulation created sim_id=41TpfnfRN5iVc3qCudzKDkp expr_hash=30620b03fff3
2026-08-16 11:57:11,903 INFO [brain_api] Polling simulation start sim_id=41TpfnfRN5iVc3qCudzKDkp timeout=600s
2026-08-16 11:57:12,091 INFO [brain_api] Simulation created sim_id=1KPkYDnt5aTcEX1dOxufJ1q expr_hash=fc8a4443d643
2026-08-16 11:57:12,092 INFO [brain_api] Polling simulation start sim_id=1KPkYDnt5aTcEX1dOxufJ1q timeout=600s
2026-08-16 11:57:12,518 INFO [brain_api] Polling simulation status changed sim_id=1KPkYDnt5aTcEX1dOxufJ1q status=UNKNOWN
2026-08-16 11:57:13,536 INFO [brain_api] Simulation created sim_id=2DpXIy9Me4OebE2S7QJc0fs expr_hash=4753d6b1cab6
2026-08-16 11:57:13,536 INFO [brain_api] Polling simulation start sim_id=2DpXIy9Me4OebE2S7QJc0fs timeout=600s
2026-08-16 11:57:13,843 INFO [brain_api] Polling simulation status changed sim_id=2DpXIy9Me4OebE2S7QJc0fs status=UNKNOWN
2026-08-16 11:57:15,380 INFO [brain_api] Polling simulation status changed sim_id=41TpfnfRN5iVc3qCudzKDkp status=UNKNOWN
2026-08-16 11:57:41,622 INFO [brain_api] Batch heartbeat ts=2026-08-16T04:57:41.622791+00:00 elapsed=30s progress=0/3 in_flight=3 last_status=-
  ✓ gJ8Vgd3l | sharpe=1.67 fitness=0.66 turnover=0.3878
[batch 3/69] Mô phỏng 3 candidates...
  [heartbeat] 11:57:41 elapsed=30s 0/3 in_flight=3 last=-
2026-08-16 11:58:11,629 INFO [brain_api] Batch heartbeat ts=2026-08-16T04:58:11.629903+00:00 elapsed=60s progress=0/3 in_flight=3 last_status=-
  [heartbeat] 11:58:11 elapsed=60s 0/3 in_flight=3 last=-
2026-08-16 11:58:41,636 INFO [brain_api] Batch heartbeat ts=2026-08-16T04:58:41.636289+00:00 elapsed=90s progress=0/3 in_flight=3 last_status=-
  [heartbeat] 11:58:41 elapsed=90s 0/3 in_flight=3 last=-
2026-08-16 11:59:11,643 INFO [brain_api] Batch heartbeat ts=2026-08-16T04:59:11.643135+00:00 elapsed=120s progress=0/3 in_flight=3 last_status=-
  [heartbeat] 11:59:11 elapsed=120s 0/3 in_flight=3 last=-
2026-08-16 11:59:33,614 INFO [brain_api] Polling simulation status changed sim_id=2DpXIy9Me4OebE2S7QJc0fs status=COMPLETE
2026-08-16 11:59:33,614 INFO [brain_api] Polling simulation terminal sim_id=2DpXIy9Me4OebE2S7QJc0fs status=COMPLETE alpha_id=zqNnG6Xo
2026-08-16 11:59:33,614 INFO [brain_api] Fetching alpha details alpha_id=zqNnG6Xo retries=3
2026-08-16 11:59:34,360 INFO [brain_api] Fetched alpha details alpha_id=zqNnG6Xo status=UNSUBMITTED sharpe=1.49 fitness=0.57 turnover=0.333
2026-08-16 11:59:34,360 INFO [brain_api] Simulation complete alpha_id=zqNnG6Xo sharpe=1.49 fitness=0.57 turnover=0.333 expr_hash=4753d6b1cab6
2026-08-16 11:59:34,362 INFO [brain_api] Stream simulation candidate finished batch_idx=2 status=COMPLETE attempts=1 retryable=False expr_hash=4753d6b1cab6
  [1/3] COMPLETE — ts_rank(short_term_price_change_2, 10) * (1 - ts_r
2026-08-16 11:59:39,057 INFO [brain_api] Polling simulation status changed sim_id=1KPkYDnt5aTcEX1dOxufJ1q status=COMPLETE
2026-08-16 11:59:39,057 INFO [brain_api] Polling simulation status changed sim_id=41TpfnfRN5iVc3qCudzKDkp status=COMPLETE
2026-08-16 11:59:39,057 INFO [brain_api] Polling simulation terminal sim_id=1KPkYDnt5aTcEX1dOxufJ1q status=COMPLETE alpha_id=N1blzmoL
2026-08-16 11:59:39,057 INFO [brain_api] Polling simulation terminal sim_id=41TpfnfRN5iVc3qCudzKDkp status=COMPLETE alpha_id=ak19zZOW
2026-08-16 11:59:39,058 INFO [brain_api] Fetching alpha details alpha_id=N1blzmoL retries=3
2026-08-16 11:59:39,058 INFO [brain_api] Fetching alpha details alpha_id=ak19zZOW retries=3
2026-08-16 11:59:39,460 INFO [brain_api] Fetched alpha details alpha_id=N1blzmoL status=UNSUBMITTED sharpe=1.75 fitness=0.73 turnover=0.3722
2026-08-16 11:59:39,460 INFO [brain_api] Fetched alpha details alpha_id=ak19zZOW status=UNSUBMITTED sharpe=1.77 fitness=0.73 turnover=0.3774
2026-08-16 11:59:39,460 INFO [brain_api] Simulation complete alpha_id=N1blzmoL sharpe=1.75 fitness=0.73 turnover=0.3722 expr_hash=fc8a4443d643
2026-08-16 11:59:39,460 INFO [brain_api] Simulation complete alpha_id=ak19zZOW sharpe=1.77 fitness=0.73 turnover=0.3774 expr_hash=30620b03fff3
2026-08-16 11:59:39,461 INFO [brain_api] Stream simulation candidate finished batch_idx=1 status=COMPLETE attempts=1 retryable=False expr_hash=fc8a4443d643
2026-08-16 11:59:39,462 INFO [brain_api] Stream simulation candidate finished batch_idx=0 status=COMPLETE attempts=1 retryable=False expr_hash=30620b03fff3
  ✓ zqNnG6Xo | sharpe=1.49 fitness=0.57 turnover=0.3330
  [2/3] COMPLETE — ts_rank(short_term_price_change_2, 5) * (1 - ts_ra
  ✓ N1blzmoL | sharpe=1.75 fitness=0.73 turnover=0.3722
  [3/3] COMPLETE — ts_rank(short_term_price_change_2, 5) * (1 - ts_ra
2026-08-16 11:59:39,464 INFO [brain_api] Batch simulate stream complete candidate_count=3
2026-08-16 11:59:39,464 INFO [brain_api] Batch simulate stream start candidate_count=3 concurrency=3 max_retries=2
2026-08-16 11:59:39,464 INFO [brain_api] Simulation submit start expr_hash=d692435752dc expr_len=67 settings_keys=['decay', 'delay', 'instrumentType', 'language', 'maxPosition', 'maxTrade', 'nanHandling', 'neutralization', 'pasteurization', 'region', 'truncation', 'unitHandling', 'universe', 'visualization']
2026-08-16 11:59:39,465 INFO [brain_api] Simulation submit start expr_hash=87dfbb726fe5 expr_len=67 settings_keys=['decay', 'delay', 'instrumentType', 'language', 'maxPosition', 'maxTrade', 'nanHandling', 'neutralization', 'pasteurization', 'region', 'truncation', 'unitHandling', 'universe', 'visualization']
2026-08-16 11:59:39,465 INFO [brain_api] Simulation submit start expr_hash=10aa7b3535ba expr_len=67 settings_keys=['decay', 'delay', 'instrumentType', 'language', 'maxPosition', 'maxTrade', 'nanHandling', 'neutralization', 'pasteurization', 'region', 'truncation', 'unitHandling', 'universe', 'visualization']
2026-08-16 11:59:39,761 INFO [brain_api] Increasing BRAIN concurrency new_concurrency=4
  ✓ ak19zZOW | sharpe=1.77 fitness=0.73 turnover=0.3774
[batch 4/69] Mô phỏng 3 candidates...
[brain_api] Success streak, concurrency -> 4
2026-08-16 11:59:39,763 INFO [brain_api] Simulation created sim_id=1JiXVHbr24O9byPhx6FtCSF expr_hash=d692435752dc
2026-08-16 11:59:39,763 INFO [brain_api] Simulation created sim_id=1SdhRF60v578cLYlSaUHo8Q expr_hash=87dfbb726fe5
2026-08-16 11:59:39,763 INFO [brain_api] Polling simulation start sim_id=1SdhRF60v578cLYlSaUHo8Q timeout=600s
2026-08-16 11:59:39,763 INFO [brain_api] Polling simulation start sim_id=1JiXVHbr24O9byPhx6FtCSF timeout=600s
2026-08-16 11:59:40,068 INFO [brain_api] Polling simulation status changed sim_id=1SdhRF60v578cLYlSaUHo8Q status=UNKNOWN
2026-08-16 11:59:40,070 INFO [brain_api] Polling simulation status changed sim_id=1JiXVHbr24O9byPhx6FtCSF status=UNKNOWN
2026-08-16 11:59:40,990 INFO [brain_api] Simulation created sim_id=23GzctezU5gnckIViw0DciI expr_hash=10aa7b3535ba
2026-08-16 11:59:40,990 INFO [brain_api] Polling simulation start sim_id=23GzctezU5gnckIViw0DciI timeout=600s
2026-08-16 11:59:41,601 INFO [brain_api] Polling simulation status changed sim_id=23GzctezU5gnckIViw0DciI status=UNKNOWN
2026-08-16 12:00:09,473 INFO [brain_api] Batch heartbeat ts=2026-08-16T05:00:09.473480+00:00 elapsed=30s progress=0/3 in_flight=3 last_status=-
  [heartbeat] 12:00:09 elapsed=30s 0/3 in_flight=3 last=-
2026-08-16 12:00:39,480 INFO [brain_api] Batch heartbeat ts=2026-08-16T05:00:39.480812+00:00 elapsed=60s progress=0/3 in_flight=3 last_status=-
  [heartbeat] 12:00:39 elapsed=60s 0/3 in_flight=3 last=-
2026-08-16 12:01:09,488 INFO [brain_api] Batch heartbeat ts=2026-08-16T05:01:09.488164+00:00 elapsed=90s progress=0/3 in_flight=3 last_status=-
  [heartbeat] 12:01:09 elapsed=90s 0/3 in_flight=3 last=-
2026-08-16 12:01:39,495 INFO [brain_api] Batch heartbeat ts=2026-08-16T05:01:39.495657+00:00 elapsed=120s progress=0/3 in_flight=3 last_status=-
  [heartbeat] 12:01:39 elapsed=120s 0/3 in_flight=3 last=-
2026-08-16 12:01:56,770 INFO [brain_api] Polling simulation status changed sim_id=23GzctezU5gnckIViw0DciI status=COMPLETE
2026-08-16 12:01:56,771 INFO [brain_api] Polling simulation terminal sim_id=23GzctezU5gnckIViw0DciI status=COMPLETE alpha_id=leWPG00e
2026-08-16 12:01:56,771 INFO [brain_api] Fetching alpha details alpha_id=leWPG00e retries=3
2026-08-16 12:01:57,184 INFO [brain_api] Fetched alpha details alpha_id=leWPG00e status=UNSUBMITTED sharpe=1.66 fitness=0.73 turnover=0.3033
2026-08-16 12:01:57,184 INFO [brain_api] Simulation complete alpha_id=leWPG00e sharpe=1.66 fitness=0.73 turnover=0.3033 expr_hash=10aa7b3535ba
2026-08-16 12:01:57,185 INFO [brain_api] Stream simulation candidate finished batch_idx=2 status=COMPLETE attempts=1 retryable=False expr_hash=10aa7b3535ba
  [1/3] COMPLETE — ts_rank(short_term_price_change_2, 10) * (1 - ts_r
2026-08-16 12:01:59,637 INFO [brain_api] Polling simulation status changed sim_id=1JiXVHbr24O9byPhx6FtCSF status=COMPLETE
2026-08-16 12:01:59,637 INFO [brain_api] Polling simulation terminal sim_id=1JiXVHbr24O9byPhx6FtCSF status=COMPLETE alpha_id=xANpGnol
2026-08-16 12:01:59,637 INFO [brain_api] Fetching alpha details alpha_id=xANpGnol retries=3
2026-08-16 12:02:00,252 INFO [brain_api] Fetched alpha details alpha_id=xANpGnol status=UNSUBMITTED sharpe=1.56 fitness=0.64 turnover=0.3191
2026-08-16 12:02:00,252 INFO [brain_api] Simulation complete alpha_id=xANpGnol sharpe=1.56 fitness=0.64 turnover=0.3191 expr_hash=d692435752dc
2026-08-16 12:02:00,253 INFO [brain_api] Stream simulation candidate finished batch_idx=0 status=COMPLETE attempts=1 retryable=False expr_hash=d692435752dc
  ✓ leWPG00e | sharpe=1.66 fitness=0.73 turnover=0.3033
  [2/3] COMPLETE — ts_rank(short_term_price_change_2, 10) * (1 - ts_r
2026-08-16 12:02:09,502 INFO [brain_api] Batch heartbeat ts=2026-08-16T05:02:09.502245+00:00 elapsed=150s progress=2/3 in_flight=1 last_status=COMPLETE
  ✓ xANpGnol | sharpe=1.56 fitness=0.64 turnover=0.3191
  [heartbeat] 12:02:09 elapsed=150s 2/3 in_flight=1 last=COMPLETE
2026-08-16 12:02:17,246 INFO [brain_api] Polling simulation status changed sim_id=1SdhRF60v578cLYlSaUHo8Q status=COMPLETE
2026-08-16 12:02:17,247 INFO [brain_api] Polling simulation terminal sim_id=1SdhRF60v578cLYlSaUHo8Q status=COMPLETE alpha_id=gJ8VGMZv
2026-08-16 12:02:17,247 INFO [brain_api] Fetching alpha details alpha_id=gJ8VGMZv retries=3
2026-08-16 12:02:17,660 INFO [brain_api] Fetched alpha details alpha_id=gJ8VGMZv status=UNSUBMITTED sharpe=1.65 fitness=0.71 turnover=0.3094
2026-08-16 12:02:17,660 INFO [brain_api] Simulation complete alpha_id=gJ8VGMZv sharpe=1.65 fitness=0.71 turnover=0.3094 expr_hash=87dfbb726fe5
2026-08-16 12:02:17,662 INFO [brain_api] Stream simulation candidate finished batch_idx=1 status=COMPLETE attempts=1 retryable=False expr_hash=87dfbb726fe5
  [3/3] COMPLETE — ts_rank(short_term_price_change_2, 10) * (1 - ts_r
2026-08-16 12:02:17,664 INFO [brain_api] Batch simulate stream complete candidate_count=3
2026-08-16 12:02:17,664 INFO [brain_api] Batch simulate stream start candidate_count=3 concurrency=3 max_retries=2
2026-08-16 12:02:17,665 INFO [brain_api] Simulation submit start expr_hash=bc4e17ece7bc expr_len=66 settings_keys=['decay', 'delay', 'instrumentType', 'language', 'maxPosition', 'maxTrade', 'nanHandling', 'neutralization', 'pasteurization', 'region', 'truncation', 'unitHandling', 'universe', 'visualization']
2026-08-16 12:02:17,666 INFO [brain_api] Simulation submit start expr_hash=96c81d6bb79c expr_len=67 settings_keys=['decay', 'delay', 'instrumentType', 'language', 'maxPosition', 'maxTrade', 'nanHandling', 'neutralization', 'pasteurization', 'region', 'truncation', 'unitHandling', 'universe', 'visualization']
2026-08-16 12:02:17,667 INFO [brain_api] Simulation submit start expr_hash=78706e423c17 expr_len=67 settings_keys=['decay', 'delay', 'instrumentType', 'language', 'maxPosition', 'maxTrade', 'nanHandling', 'neutralization', 'pasteurization', 'region', 'truncation', 'unitHandling', 'universe', 'visualization']
2026-08-16 12:02:17,979 INFO [brain_api] Simulation created sim_id=2uEinK2jR5dtatzYm5ikqqv expr_hash=bc4e17ece7bc
2026-08-16 12:02:17,979 INFO [brain_api] Polling simulation start sim_id=2uEinK2jR5dtatzYm5ikqqv timeout=600s
2026-08-16 12:02:18,479 INFO [brain_api] Polling simulation status changed sim_id=2uEinK2jR5dtatzYm5ikqqv status=UNKNOWN
2026-08-16 12:02:19,294 INFO [brain_api] Simulation created sim_id=1IYFSVdHm53gbHkRIDu5PAe expr_hash=96c81d6bb79c
2026-08-16 12:02:19,295 INFO [brain_api] Polling simulation start sim_id=1IYFSVdHm53gbHkRIDu5PAe timeout=600s
2026-08-16 12:02:19,609 INFO [brain_api] Polling simulation status changed sim_id=1IYFSVdHm53gbHkRIDu5PAe status=UNKNOWN
2026-08-16 12:02:19,610 INFO [brain_api] Simulation created sim_id=n62IlfM34NUbu0WCKES06g expr_hash=78706e423c17
2026-08-16 12:02:19,610 INFO [brain_api] Polling simulation start sim_id=n62IlfM34NUbu0WCKES06g timeout=600s
2026-08-16 12:02:19,923 INFO [brain_api] Polling simulation status changed sim_id=n62IlfM34NUbu0WCKES06g status=UNKNOWN
2026-08-16 12:02:47,672 INFO [brain_api] Batch heartbeat ts=2026-08-16T05:02:47.672097+00:00 elapsed=30s progress=0/3 in_flight=3 last_status=-
  ✓ gJ8VGMZv | sharpe=1.65 fitness=0.71 turnover=0.3094
[batch 5/69] Mô phỏng 3 candidates...
  [heartbeat] 12:02:47 elapsed=30s 0/3 in_flight=3 last=-
2026-08-16 12:03:17,679 INFO [brain_api] Batch heartbeat ts=2026-08-16T05:03:17.679564+00:00 elapsed=60s progress=0/3 in_flight=3 last_status=-
  [heartbeat] 12:03:17 elapsed=60s 0/3 in_flight=3 last=-
2026-08-16 12:03:47,686 INFO [brain_api] Batch heartbeat ts=2026-08-16T05:03:47.686494+00:00 elapsed=90s progress=0/3 in_flight=3 last_status=-
  [heartbeat] 12:03:47 elapsed=90s 0/3 in_flight=3 last=-
2026-08-16 12:04:17,693 INFO [brain_api] Batch heartbeat ts=2026-08-16T05:04:17.693868+00:00 elapsed=120s progress=0/3 in_flight=3 last_status=-
  [heartbeat] 12:04:17 elapsed=120s 0/3 in_flight=3 last=-
2026-08-16 12:04:24,032 INFO [brain_api] Polling simulation status changed sim_id=2uEinK2jR5dtatzYm5ikqqv status=COMPLETE
2026-08-16 12:04:24,032 INFO [brain_api] Polling simulation terminal sim_id=2uEinK2jR5dtatzYm5ikqqv status=COMPLETE alpha_id=YPvozz2J
2026-08-16 12:04:24,032 INFO [brain_api] Fetching alpha details alpha_id=YPvozz2J retries=3
2026-08-16 12:04:24,346 INFO [brain_api] Fetched alpha details alpha_id=YPvozz2J status=UNSUBMITTED sharpe=1.42 fitness=0.58 turnover=0.2717
2026-08-16 12:04:24,346 INFO [brain_api] Simulation complete alpha_id=YPvozz2J sharpe=1.42 fitness=0.58 turnover=0.2717 expr_hash=bc4e17ece7bc
2026-08-16 12:04:24,346 INFO [brain_api] Stream simulation candidate finished batch_idx=0 status=COMPLETE attempts=1 retryable=False expr_hash=bc4e17ece7bc
  [1/3] COMPLETE — ts_rank(short_term_price_change_2, 22) * (1 - ts_r
2026-08-16 12:04:25,863 INFO [brain_api] Polling simulation status changed sim_id=n62IlfM34NUbu0WCKES06g status=COMPLETE
2026-08-16 12:04:25,863 INFO [brain_api] Polling simulation terminal sim_id=n62IlfM34NUbu0WCKES06g status=COMPLETE alpha_id=d5Zrzzng
2026-08-16 12:04:25,863 INFO [brain_api] Fetching alpha details alpha_id=d5Zrzzng retries=3
2026-08-16 12:04:26,200 INFO [brain_api] Fetched alpha details alpha_id=d5Zrzzng status=UNSUBMITTED sharpe=1.58 fitness=0.73 turnover=0.2475
2026-08-16 12:04:26,201 INFO [brain_api] Simulation complete alpha_id=d5Zrzzng sharpe=1.58 fitness=0.73 turnover=0.2475 expr_hash=78706e423c17
2026-08-16 12:04:26,201 INFO [brain_api] Stream simulation candidate finished batch_idx=2 status=COMPLETE attempts=1 retryable=False expr_hash=78706e423c17
  ✓ YPvozz2J | sharpe=1.42 fitness=0.58 turnover=0.2717
  [2/3] COMPLETE — ts_rank(short_term_price_change_2, 22) * (1 - ts_r
2026-08-16 12:04:47,700 INFO [brain_api] Batch heartbeat ts=2026-08-16T05:04:47.700841+00:00 elapsed=150s progress=2/3 in_flight=1 last_status=COMPLETE
  ✓ d5Zrzzng | sharpe=1.58 fitness=0.73 turnover=0.2475
  [heartbeat] 12:04:47 elapsed=150s 2/3 in_flight=1 last=COMPLETE
2026-08-16 12:05:17,707 INFO [brain_api] Batch heartbeat ts=2026-08-16T05:05:17.707838+00:00 elapsed=180s progress=2/3 in_flight=1 last_status=COMPLETE
  [heartbeat] 12:05:17 elapsed=180s 2/3 in_flight=1 last=COMPLETE
2026-08-16 12:05:47,719 INFO [brain_api] Batch heartbeat ts=2026-08-16T05:05:47.719885+00:00 elapsed=210s progress=2/3 in_flight=1 last_status=COMPLETE
  [heartbeat] 12:05:47 elapsed=210s 2/3 in_flight=1 last=COMPLETE
2026-08-16 12:06:17,728 INFO [brain_api] Batch heartbeat ts=2026-08-16T05:06:17.728095+00:00 elapsed=240s progress=2/3 in_flight=1 last_status=COMPLETE
  [heartbeat] 12:06:17 elapsed=240s 2/3 in_flight=1 last=COMPLETE
2026-08-16 12:06:47,735 INFO [brain_api] Batch heartbeat ts=2026-08-16T05:06:47.735203+00:00 elapsed=270s progress=2/3 in_flight=1 last_status=COMPLETE
  [heartbeat] 12:06:47 elapsed=270s 2/3 in_flight=1 last=COMPLETE
2026-08-16 12:07:17,741 INFO [brain_api] Batch heartbeat ts=2026-08-16T05:07:17.741635+00:00 elapsed=300s progress=2/3 in_flight=1 last_status=COMPLETE
  [heartbeat] 12:07:17 elapsed=300s 2/3 in_flight=1 last=COMPLETE
2026-08-16 12:07:43,398 INFO [brain_api] Polling simulation status changed sim_id=1IYFSVdHm53gbHkRIDu5PAe status=COMPLETE
2026-08-16 12:07:43,398 INFO [brain_api] Polling simulation terminal sim_id=1IYFSVdHm53gbHkRIDu5PAe status=COMPLETE alpha_id=KPGMQxJz
2026-08-16 12:07:43,398 INFO [brain_api] Fetching alpha details alpha_id=KPGMQxJz retries=3
2026-08-16 12:07:43,804 INFO [brain_api] Fetched alpha details alpha_id=KPGMQxJz status=UNSUBMITTED sharpe=1.5 fitness=0.66 turnover=0.2567
2026-08-16 12:07:43,805 INFO [brain_api] Simulation complete alpha_id=KPGMQxJz sharpe=1.5 fitness=0.66 turnover=0.2567 expr_hash=96c81d6bb79c
2026-08-16 12:07:43,806 INFO [brain_api] Stream simulation candidate finished batch_idx=1 status=COMPLETE attempts=1 retryable=False expr_hash=96c81d6bb79c
  [3/3] COMPLETE — ts_rank(short_term_price_change_2, 22) * (1 - ts_r
2026-08-16 12:07:43,809 INFO [brain_api] Batch simulate stream complete candidate_count=3
2026-08-16 12:07:43,809 INFO [brain_api] Batch simulate stream start candidate_count=3 concurrency=3 max_retries=2
2026-08-16 12:07:43,810 INFO [brain_api] Simulation submit start expr_hash=6a6a529601d3 expr_len=67 settings_keys=['decay', 'delay', 'instrumentType', 'language', 'maxPosition', 'maxTrade', 'nanHandling', 'neutralization', 'pasteurization', 'region', 'truncation', 'unitHandling', 'universe', 'visualization']
2026-08-16 12:07:43,810 INFO [brain_api] Simulation submit start expr_hash=c560bc8efbe0 expr_len=72 settings_keys=['decay', 'delay', 'instrumentType', 'language', 'maxPosition', 'maxTrade', 'nanHandling', 'neutralization', 'pasteurization', 'region', 'truncation', 'unitHandling', 'universe', 'visualization']
2026-08-16 12:07:43,812 INFO [brain_api] Simulation submit start expr_hash=3a80e6a8a273 expr_len=88 settings_keys=['decay', 'delay', 'instrumentType', 'language', 'maxPosition', 'maxTrade', 'nanHandling', 'neutralization', 'pasteurization', 'region', 'truncation', 'unitHandling', 'universe', 'visualization']
2026-08-16 12:07:44,141 INFO [brain_api] Simulation created sim_id=3OtGxi6cO4HabQLyIstmtHR expr_hash=6a6a529601d3
2026-08-16 12:07:44,141 INFO [brain_api] Polling simulation start sim_id=3OtGxi6cO4HabQLyIstmtHR timeout=600s
2026-08-16 12:07:44,525 INFO [brain_api] Polling simulation status changed sim_id=3OtGxi6cO4HabQLyIstmtHR status=UNKNOWN
2026-08-16 12:07:45,746 INFO [brain_api] Simulation created sim_id=2CTiMu3QP5gjcKWb644iVUZ expr_hash=c560bc8efbe0
2026-08-16 12:07:45,747 INFO [brain_api] Polling simulation start sim_id=2CTiMu3QP5gjcKWb644iVUZ timeout=600s
2026-08-16 12:07:45,952 INFO [brain_api] Simulation created sim_id=11wKZIezr4SMcI8TpscnuoL expr_hash=3a80e6a8a273
2026-08-16 12:07:45,952 INFO [brain_api] Polling simulation start sim_id=11wKZIezr4SMcI8TpscnuoL timeout=600s
2026-08-16 12:07:46,256 INFO [brain_api] Polling simulation status changed sim_id=2CTiMu3QP5gjcKWb644iVUZ status=UNKNOWN
2026-08-16 12:07:46,257 INFO [brain_api] Polling simulation status changed sim_id=11wKZIezr4SMcI8TpscnuoL status=UNKNOWN
2026-08-16 12:08:13,816 INFO [brain_api] Batch heartbeat ts=2026-08-16T05:08:13.816892+00:00 elapsed=30s progress=0/3 in_flight=3 last_status=-
  ✓ KPGMQxJz | sharpe=1.50 fitness=0.66 turnover=0.2567
[batch 6/69] Mô phỏng 3 candidates...
  [heartbeat] 12:08:13 elapsed=30s 0/3 in_flight=3 last=-
2026-08-16 12:08:43,823 INFO [brain_api] Batch heartbeat ts=2026-08-16T05:08:43.823584+00:00 elapsed=60s progress=0/3 in_flight=3 last_status=-
  [heartbeat] 12:08:43 elapsed=60s 0/3 in_flight=3 last=-
2026-08-16 12:09:13,830 INFO [brain_api] Batch heartbeat ts=2026-08-16T05:09:13.830745+00:00 elapsed=90s progress=0/3 in_flight=3 last_status=-
  [heartbeat] 12:09:13 elapsed=90s 0/3 in_flight=3 last=-
2026-08-16 12:09:22,927 INFO [brain_api] Polling simulation status changed sim_id=3OtGxi6cO4HabQLyIstmtHR status=COMPLETE
2026-08-16 12:09:22,928 INFO [brain_api] Polling simulation terminal sim_id=3OtGxi6cO4HabQLyIstmtHR status=COMPLETE alpha_id=88pxYQ1o
2026-08-16 12:09:22,928 INFO [brain_api] Fetching alpha details alpha_id=88pxYQ1o retries=3
2026-08-16 12:09:23,341 INFO [brain_api] Fetched alpha details alpha_id=88pxYQ1o status=UNSUBMITTED sharpe=1.62 fitness=0.78 turnover=0.2409
2026-08-16 12:09:23,341 INFO [brain_api] Simulation complete alpha_id=88pxYQ1o sharpe=1.62 fitness=0.78 turnover=0.2409 expr_hash=6a6a529601d3
2026-08-16 12:09:23,343 INFO [brain_api] Stream simulation candidate finished batch_idx=0 status=COMPLETE attempts=1 retryable=False expr_hash=6a6a529601d3
  [1/3] COMPLETE — ts_rank(short_term_price_change_2, 22) * (1 - ts_r
2026-08-16 12:09:43,837 INFO [brain_api] Batch heartbeat ts=2026-08-16T05:09:43.837795+00:00 elapsed=120s progress=1/3 in_flight=2 last_status=COMPLETE
  ✓ 88pxYQ1o | sharpe=1.62 fitness=0.78 turnover=0.2409
  [heartbeat] 12:09:43 elapsed=120s 1/3 in_flight=2 last=COMPLETE
2026-08-16 12:09:51,083 INFO [brain_api] Polling simulation status changed sim_id=2CTiMu3QP5gjcKWb644iVUZ status=COMPLETE
2026-08-16 12:09:51,084 INFO [brain_api] Polling simulation terminal sim_id=2CTiMu3QP5gjcKWb644iVUZ status=COMPLETE alpha_id=d5ZrojVK
2026-08-16 12:09:51,084 INFO [brain_api] Fetching alpha details alpha_id=d5ZrojVK retries=3
2026-08-16 12:09:51,504 INFO [brain_api] Fetched alpha details alpha_id=d5ZrojVK status=UNSUBMITTED sharpe=1.49 fitness=0.5 turnover=0.4488
2026-08-16 12:09:51,504 INFO [brain_api] Simulation complete alpha_id=d5ZrojVK sharpe=1.49 fitness=0.5 turnover=0.4488 expr_hash=c560bc8efbe0
2026-08-16 12:09:51,504 INFO [brain_api] Stream simulation candidate finished batch_idx=1 status=COMPLETE attempts=1 retryable=False expr_hash=c560bc8efbe0
  [2/3] COMPLETE — rank(ts_rank(short_term_price_change_2, 3) * (1 - 
2026-08-16 12:10:13,844 INFO [brain_api] Batch heartbeat ts=2026-08-16T05:10:13.844579+00:00 elapsed=150s progress=2/3 in_flight=1 last_status=COMPLETE
  ✓ d5ZrojVK | sharpe=1.49 fitness=0.50 turnover=0.4488
  [heartbeat] 12:10:13 elapsed=150s 2/3 in_flight=1 last=COMPLETE
2026-08-16 12:10:34,402 INFO [brain_api] Polling simulation status changed sim_id=11wKZIezr4SMcI8TpscnuoL status=COMPLETE
2026-08-16 12:10:34,402 INFO [brain_api] Polling simulation terminal sim_id=11wKZIezr4SMcI8TpscnuoL status=COMPLETE alpha_id=leWP9Mn8
2026-08-16 12:10:34,402 INFO [brain_api] Fetching alpha details alpha_id=leWP9Mn8 retries=3
2026-08-16 12:10:34,807 INFO [brain_api] Fetched alpha details alpha_id=leWP9Mn8 status=UNSUBMITTED sharpe=1.49 fitness=0.5 turnover=0.453
2026-08-16 12:10:34,807 INFO [brain_api] Simulation complete alpha_id=leWP9Mn8 sharpe=1.49 fitness=0.5 turnover=0.453 expr_hash=3a80e6a8a273
2026-08-16 12:10:34,807 INFO [brain_api] Stream simulation candidate finished batch_idx=2 status=COMPLETE attempts=1 retryable=False expr_hash=3a80e6a8a273
  [3/3] COMPLETE — group_rank(ts_rank(short_term_price_change_2, 3) *
2026-08-16 12:10:34,809 INFO [brain_api] Batch simulate stream complete candidate_count=3
2026-08-16 12:10:34,809 INFO [brain_api] Batch simulate stream start candidate_count=3 concurrency=3 max_retries=2
2026-08-16 12:10:34,810 INFO [brain_api] Simulation submit start expr_hash=ebc95d08006a expr_len=94 settings_keys=['decay', 'delay', 'instrumentType', 'language', 'maxPosition', 'maxTrade', 'nanHandling', 'neutralization', 'pasteurization', 'region', 'truncation', 'unitHandling', 'universe', 'visualization']
2026-08-16 12:10:34,810 INFO [brain_api] Simulation submit start expr_hash=d47c590ba851 expr_len=128 settings_keys=['decay', 'delay', 'instrumentType', 'language', 'maxPosition', 'maxTrade', 'nanHandling', 'neutralization', 'pasteurization', 'region', 'truncation', 'unitHandling', 'universe', 'visualization']
2026-08-16 12:10:34,814 INFO [brain_api] Simulation submit start expr_hash=1a2b99de7103 expr_len=128 settings_keys=['decay', 'delay', 'instrumentType', 'language', 'maxPosition', 'maxTrade', 'nanHandling', 'neutralization', 'pasteurization', 'region', 'truncation', 'unitHandling', 'universe', 'visualization']
2026-08-16 12:10:35,130 INFO [brain_api] Simulation created sim_id=1BRsbZaoz4nOaCYfSpDbDIW expr_hash=ebc95d08006a
2026-08-16 12:10:35,131 INFO [brain_api] Polling simulation start sim_id=1BRsbZaoz4nOaCYfSpDbDIW timeout=600s
2026-08-16 12:10:35,481 INFO [brain_api] Polling simulation status changed sim_id=1BRsbZaoz4nOaCYfSpDbDIW status=UNKNOWN
2026-08-16 12:10:36,344 INFO [brain_api] Increasing BRAIN concurrency new_concurrency=5
  ✓ leWP9Mn8 | sharpe=1.49 fitness=0.50 turnover=0.4530
[batch 7/69] Mô phỏng 3 candidates...
[brain_api] Success streak, concurrency -> 5
2026-08-16 12:10:36,344 INFO [brain_api] Simulation created sim_id=1ou95cbQ44Lrbpc135EHqtIw expr_hash=d47c590ba851
2026-08-16 12:10:36,344 INFO [brain_api] Polling simulation start sim_id=1ou95cbQ44Lrbpc135EHqtIw timeout=600s
2026-08-16 12:10:36,548 INFO [brain_api] Simulation created sim_id=p4rdweCr56ncgS14dGs36oN expr_hash=1a2b99de7103
2026-08-16 12:10:36,549 INFO [brain_api] Polling simulation start sim_id=p4rdweCr56ncgS14dGs36oN timeout=600s
2026-08-16 12:10:36,753 INFO [brain_api] Polling simulation status changed sim_id=1ou95cbQ44Lrbpc135EHqtIw status=ERROR
2026-08-16 12:10:36,754 INFO [brain_api] Polling simulation failed sim_id=1ou95cbQ44Lrbpc135EHqtIw status=ERROR data_keys=['id', 'links', 'location', 'message', 'status', 'type']
2026-08-16 12:10:36,754 INFO [brain_api] Simulation finished non-complete sim_id=1ou95cbQ44Lrbpc135EHqtIw status=ERROR expr_hash=d47c590ba851 status_code=None error_hash=None
2026-08-16 12:10:36,754 INFO [brain_api] Stream simulation candidate finished batch_idx=1 status=ERROR attempts=1 retryable=False expr_hash=d47c590ba851
  [1/3] ERROR — group_neutralize(ts_rank(short_term_price_change_2
2026-08-16 12:10:37,061 INFO [brain_api] Polling simulation status changed sim_id=p4rdweCr56ncgS14dGs36oN status=ERROR
2026-08-16 12:10:37,061 INFO [brain_api] Polling simulation failed sim_id=p4rdweCr56ncgS14dGs36oN status=ERROR data_keys=['id', 'links', 'location', 'message', 'status', 'type']
2026-08-16 12:10:37,061 INFO [brain_api] Simulation finished non-complete sim_id=p4rdweCr56ncgS14dGs36oN status=ERROR expr_hash=1a2b99de7103 status_code=None error_hash=None
2026-08-16 12:10:37,061 INFO [brain_api] Stream simulation candidate finished batch_idx=2 status=ERROR attempts=1 retryable=False expr_hash=1a2b99de7103
  ✗ ERROR: unknown error
  [2/3] ERROR — group_neutralize(ts_rank(short_term_price_change_2
2026-08-16 12:11:04,816 INFO [brain_api] Batch heartbeat ts=2026-08-16T05:11:04.816802+00:00 elapsed=30s progress=2/3 in_flight=1 last_status=ERROR
  ✗ ERROR: unknown error
  [heartbeat] 12:11:04 elapsed=30s 2/3 in_flight=1 last=ERROR
2026-08-16 12:11:34,829 INFO [brain_api] Batch heartbeat ts=2026-08-16T05:11:34.829425+00:00 elapsed=60s progress=2/3 in_flight=1 last_status=ERROR
  [heartbeat] 12:11:34 elapsed=60s 2/3 in_flight=1 last=ERROR
2026-08-16 12:12:04,837 INFO [brain_api] Batch heartbeat ts=2026-08-16T05:12:04.837149+00:00 elapsed=90s progress=2/3 in_flight=1 last_status=ERROR
  [heartbeat] 12:12:04 elapsed=90s 2/3 in_flight=1 last=ERROR
2026-08-16 12:12:34,844 INFO [brain_api] Batch heartbeat ts=2026-08-16T05:12:34.844620+00:00 elapsed=120s progress=2/3 in_flight=1 last_status=ERROR
  [heartbeat] 12:12:34 elapsed=120s 2/3 in_flight=1 last=ERROR
2026-08-16 12:12:50,693 INFO [brain_api] Polling simulation status changed sim_id=1BRsbZaoz4nOaCYfSpDbDIW status=COMPLETE
2026-08-16 12:12:50,693 INFO [brain_api] Polling simulation terminal sim_id=1BRsbZaoz4nOaCYfSpDbDIW status=COMPLETE alpha_id=O0GXVlwJ
2026-08-16 12:12:50,693 INFO [brain_api] Fetching alpha details alpha_id=O0GXVlwJ retries=3
2026-08-16 12:12:51,099 INFO [brain_api] Fetched alpha details alpha_id=O0GXVlwJ status=UNSUBMITTED sharpe=1.67 fitness=0.62 turnover=0.4392
2026-08-16 12:12:51,099 INFO [brain_api] Simulation complete alpha_id=O0GXVlwJ sharpe=1.67 fitness=0.62 turnover=0.4392 expr_hash=ebc95d08006a
2026-08-16 12:12:51,100 INFO [brain_api] Stream simulation candidate finished batch_idx=0 status=COMPLETE attempts=1 retryable=False expr_hash=ebc95d08006a
  [3/3] COMPLETE — group_neutralize(ts_rank(short_term_price_change_2
2026-08-16 12:12:51,102 INFO [brain_api] Batch simulate stream complete candidate_count=3
2026-08-16 12:12:51,103 INFO [brain_api] Batch simulate stream start candidate_count=3 concurrency=3 max_retries=2
2026-08-16 12:12:51,103 INFO [brain_api] Simulation submit start expr_hash=7709b2f02ac3 expr_len=104 settings_keys=['decay', 'delay', 'instrumentType', 'language', 'maxPosition', 'maxTrade', 'nanHandling', 'neutralization', 'pasteurization', 'region', 'truncation', 'unitHandling', 'universe', 'visualization']
2026-08-16 12:12:51,104 INFO [brain_api] Simulation submit start expr_hash=0959a8470f17 expr_len=114 settings_keys=['decay', 'delay', 'instrumentType', 'language', 'maxPosition', 'maxTrade', 'nanHandling', 'neutralization', 'pasteurization', 'region', 'truncation', 'unitHandling', 'universe', 'visualization']
2026-08-16 12:12:51,107 INFO [brain_api] Simulation submit start expr_hash=c560bc8efbe0 expr_len=72 settings_keys=['decay', 'delay', 'instrumentType', 'language', 'maxPosition', 'maxTrade', 'nanHandling', 'neutralization', 'pasteurization', 'region', 'truncation', 'unitHandling', 'universe', 'visualization']
2026-08-16 12:12:51,409 INFO [brain_api] Simulation created sim_id=28T5SU5mp4gtcs1Ae5oJao9 expr_hash=7709b2f02ac3
2026-08-16 12:12:51,410 INFO [brain_api] Polling simulation start sim_id=28T5SU5mp4gtcs1Ae5oJao9 timeout=600s
2026-08-16 12:12:52,441 INFO [brain_api] Simulation created sim_id=qjBxsaZi4l69tG92fwWuWu expr_hash=0959a8470f17
2026-08-16 12:12:52,441 INFO [brain_api] Polling simulation start sim_id=qjBxsaZi4l69tG92fwWuWu timeout=600s
2026-08-16 12:12:52,445 INFO [brain_api] Simulation created sim_id=2DgPMvgUw4wG971NW4jWpGa expr_hash=c560bc8efbe0
2026-08-16 12:12:52,445 INFO [brain_api] Polling simulation start sim_id=2DgPMvgUw4wG971NW4jWpGa timeout=600s
2026-08-16 12:12:52,741 INFO [brain_api] Polling simulation status changed sim_id=qjBxsaZi4l69tG92fwWuWu status=UNKNOWN
2026-08-16 12:12:52,742 INFO [brain_api] Polling simulation status changed sim_id=2DgPMvgUw4wG971NW4jWpGa status=UNKNOWN
2026-08-16 12:12:53,555 INFO [brain_api] Polling simulation status changed sim_id=28T5SU5mp4gtcs1Ae5oJao9 status=UNKNOWN
2026-08-16 12:13:21,110 INFO [brain_api] Batch heartbeat ts=2026-08-16T05:13:21.110530+00:00 elapsed=30s progress=0/3 in_flight=3 last_status=-
  ✓ O0GXVlwJ | sharpe=1.67 fitness=0.62 turnover=0.4392
[batch 8/69] Mô phỏng 3 candidates...
  [heartbeat] 12:13:21 elapsed=30s 0/3 in_flight=3 last=-
2026-08-16 12:13:51,118 INFO [brain_api] Batch heartbeat ts=2026-08-16T05:13:51.117985+00:00 elapsed=60s progress=0/3 in_flight=3 last_status=-
  [heartbeat] 12:13:51 elapsed=60s 0/3 in_flight=3 last=-
2026-08-16 12:14:21,125 INFO [brain_api] Batch heartbeat ts=2026-08-16T05:14:21.125290+00:00 elapsed=90s progress=0/3 in_flight=3 last_status=-
  [heartbeat] 12:14:21 elapsed=90s 0/3 in_flight=3 last=-
2026-08-16 12:14:24,189 INFO [brain_api] Polling simulation status changed sim_id=2DgPMvgUw4wG971NW4jWpGa status=COMPLETE
2026-08-16 12:14:24,189 INFO [brain_api] Polling simulation terminal sim_id=2DgPMvgUw4wG971NW4jWpGa status=COMPLETE alpha_id=d5ZrojVK
2026-08-16 12:14:24,189 INFO [brain_api] Fetching alpha details alpha_id=d5ZrojVK retries=3
2026-08-16 12:14:24,601 INFO [brain_api] Fetched alpha details alpha_id=d5ZrojVK status=UNSUBMITTED sharpe=1.49 fitness=0.5 turnover=0.4488
2026-08-16 12:14:24,601 INFO [brain_api] Simulation complete alpha_id=d5ZrojVK sharpe=1.49 fitness=0.5 turnover=0.4488 expr_hash=c560bc8efbe0
2026-08-16 12:14:24,602 INFO [brain_api] Stream simulation candidate finished batch_idx=2 status=COMPLETE attempts=1 retryable=False expr_hash=c560bc8efbe0
  [1/3] COMPLETE — rank(ts_rank(short_term_price_change_2, 3) * (1 - 
2026-08-16 12:14:31,868 INFO [brain_api] Polling simulation status changed sim_id=28T5SU5mp4gtcs1Ae5oJao9 status=COMPLETE
2026-08-16 12:14:31,868 INFO [brain_api] Polling simulation terminal sim_id=28T5SU5mp4gtcs1Ae5oJao9 status=COMPLETE alpha_id=KPGMZed1
2026-08-16 12:14:31,868 INFO [brain_api] Fetching alpha details alpha_id=KPGMZed1 retries=3
2026-08-16 12:14:32,275 INFO [brain_api] Fetched alpha details alpha_id=KPGMZed1 status=UNSUBMITTED sharpe=1.86 fitness=0.75 turnover=0.4731
2026-08-16 12:14:32,275 INFO [brain_api] Simulation complete alpha_id=KPGMZed1 sharpe=1.86 fitness=0.75 turnover=0.4731 expr_hash=7709b2f02ac3
2026-08-16 12:14:32,275 INFO [brain_api] Stream simulation candidate finished batch_idx=0 status=COMPLETE attempts=1 retryable=False expr_hash=7709b2f02ac3
  ✓ d5ZrojVK | sharpe=1.49 fitness=0.50 turnover=0.4488
  [2/3] COMPLETE — group_neutralize(rank(ts_rank(short_term_price_cha
2026-08-16 12:14:51,132 INFO [brain_api] Batch heartbeat ts=2026-08-16T05:14:51.132215+00:00 elapsed=120s progress=2/3 in_flight=1 last_status=COMPLETE
  ✓ KPGMZed1 | sharpe=1.86 fitness=0.75 turnover=0.4731
  [heartbeat] 12:14:51 elapsed=120s 2/3 in_flight=1 last=COMPLETE
2026-08-16 12:15:03,452 INFO [brain_api] Polling simulation status changed sim_id=qjBxsaZi4l69tG92fwWuWu status=COMPLETE
2026-08-16 12:15:03,453 INFO [brain_api] Polling simulation terminal sim_id=qjBxsaZi4l69tG92fwWuWu status=COMPLETE alpha_id=E5GPxY20
2026-08-16 12:15:03,453 INFO [brain_api] Fetching alpha details alpha_id=E5GPxY20 retries=3
2026-08-16 12:15:04,024 INFO [brain_api] Fetched alpha details alpha_id=E5GPxY20 status=UNSUBMITTED sharpe=1.28 fitness=0.5 turnover=0.2861
2026-08-16 12:15:04,024 INFO [brain_api] Simulation complete alpha_id=E5GPxY20 sharpe=1.28 fitness=0.5 turnover=0.2861 expr_hash=0959a8470f17
2026-08-16 12:15:04,024 INFO [brain_api] Stream simulation candidate finished batch_idx=1 status=COMPLETE attempts=1 retryable=False expr_hash=0959a8470f17
  [3/3] COMPLETE — group_neutralize(ts_decay_linear(ts_rank(short_ter
2026-08-16 12:15:04,025 INFO [brain_api] Batch simulate stream complete candidate_count=3
2026-08-16 12:15:04,026 INFO [brain_api] Batch simulate stream start candidate_count=3 concurrency=3 max_retries=2
2026-08-16 12:15:04,026 INFO [brain_api] Simulation submit start expr_hash=97f0d51afcd4 expr_len=91 settings_keys=['decay', 'delay', 'instrumentType', 'language', 'maxPosition', 'maxTrade', 'nanHandling', 'neutralization', 'pasteurization', 'region', 'truncation', 'unitHandling', 'universe', 'visualization']
2026-08-16 12:15:04,026 INFO [brain_api] Simulation submit start expr_hash=894bdb4f9560 expr_len=97 settings_keys=['decay', 'delay', 'instrumentType', 'language', 'maxPosition', 'maxTrade', 'nanHandling', 'neutralization', 'pasteurization', 'region', 'truncation', 'unitHandling', 'universe', 'visualization']
2026-08-16 12:15:04,030 INFO [brain_api] Simulation submit start expr_hash=21af6ff2e76a expr_len=131 settings_keys=['decay', 'delay', 'instrumentType', 'language', 'maxPosition', 'maxTrade', 'nanHandling', 'neutralization', 'pasteurization', 'region', 'truncation', 'unitHandling', 'universe', 'visualization']
2026-08-16 12:15:04,646 INFO [brain_api] Simulation created sim_id=1graK21uH4CPaYjobqmcfQN expr_hash=894bdb4f9560
2026-08-16 12:15:04,646 INFO [brain_api] Polling simulation start sim_id=1graK21uH4CPaYjobqmcfQN timeout=600s
2026-08-16 12:15:05,050 INFO [brain_api] Polling simulation status changed sim_id=1graK21uH4CPaYjobqmcfQN status=UNKNOWN
2026-08-16 12:15:05,975 INFO [brain_api] Simulation created sim_id=3YcwGy94J4traDt1bt5kSlT9 expr_hash=21af6ff2e76a
2026-08-16 12:15:05,976 INFO [brain_api] Simulation created sim_id=2Vivr95Vi4kn9mpDswKzx8L expr_hash=97f0d51afcd4
2026-08-16 12:15:05,976 INFO [brain_api] Polling simulation start sim_id=3YcwGy94J4traDt1bt5kSlT9 timeout=600s
2026-08-16 12:15:05,976 INFO [brain_api] Polling simulation start sim_id=2Vivr95Vi4kn9mpDswKzx8L timeout=600s
2026-08-16 12:15:06,380 INFO [brain_api] Polling simulation status changed sim_id=2Vivr95Vi4kn9mpDswKzx8L status=UNKNOWN
2026-08-16 12:15:06,382 INFO [brain_api] Polling simulation status changed sim_id=3YcwGy94J4traDt1bt5kSlT9 status=ERROR
2026-08-16 12:15:06,382 INFO [brain_api] Polling simulation failed sim_id=3YcwGy94J4traDt1bt5kSlT9 status=ERROR data_keys=['id', 'links', 'location', 'message', 'status', 'type']
2026-08-16 12:15:06,382 INFO [brain_api] Simulation finished non-complete sim_id=3YcwGy94J4traDt1bt5kSlT9 status=ERROR expr_hash=21af6ff2e76a status_code=None error_hash=None
2026-08-16 12:15:06,382 INFO [brain_api] Stream simulation candidate finished batch_idx=2 status=ERROR attempts=1 retryable=False expr_hash=21af6ff2e76a
  ✓ E5GPxY20 | sharpe=1.28 fitness=0.50 turnover=0.2861
[batch 9/69] Mô phỏng 3 candidates...
  [1/3] ERROR — group_neutralize(ts_rank(short_term_price_change_2
2026-08-16 12:15:34,032 INFO [brain_api] Batch heartbeat ts=2026-08-16T05:15:34.032510+00:00 elapsed=30s progress=1/3 in_flight=2 last_status=ERROR
  ✗ ERROR: unknown error
  [heartbeat] 12:15:34 elapsed=30s 1/3 in_flight=2 last=ERROR
2026-08-16 12:16:04,039 INFO [brain_api] Batch heartbeat ts=2026-08-16T05:16:04.039363+00:00 elapsed=60s progress=1/3 in_flight=2 last_status=ERROR
  [heartbeat] 12:16:04 elapsed=60s 1/3 in_flight=2 last=ERROR
2026-08-16 12:16:34,045 INFO [brain_api] Batch heartbeat ts=2026-08-16T05:16:34.045700+00:00 elapsed=90s progress=1/3 in_flight=2 last_status=ERROR
  [heartbeat] 12:16:34 elapsed=90s 1/3 in_flight=2 last=ERROR
2026-08-16 12:17:04,052 INFO [brain_api] Batch heartbeat ts=2026-08-16T05:17:04.052447+00:00 elapsed=120s progress=1/3 in_flight=2 last_status=ERROR
  [heartbeat] 12:17:04 elapsed=120s 1/3 in_flight=2 last=ERROR
2026-08-16 12:17:12,657 INFO [brain_api] Polling simulation status changed sim_id=1graK21uH4CPaYjobqmcfQN status=COMPLETE
2026-08-16 12:17:12,657 INFO [brain_api] Polling simulation terminal sim_id=1graK21uH4CPaYjobqmcfQN status=COMPLETE alpha_id=XgoAMbg1
2026-08-16 12:17:12,657 INFO [brain_api] Fetching alpha details alpha_id=XgoAMbg1 retries=3
2026-08-16 12:17:13,062 INFO [brain_api] Fetched alpha details alpha_id=XgoAMbg1 status=UNSUBMITTED sharpe=1.66 fitness=0.61 turnover=0.4389
2026-08-16 12:17:13,062 INFO [brain_api] Simulation complete alpha_id=XgoAMbg1 sharpe=1.66 fitness=0.61 turnover=0.4389 expr_hash=894bdb4f9560
2026-08-16 12:17:13,062 INFO [brain_api] Stream simulation candidate finished batch_idx=1 status=COMPLETE attempts=1 retryable=False expr_hash=894bdb4f9560
  [2/3] COMPLETE — group_neutralize(ts_rank(short_term_price_change_2
2026-08-16 12:17:34,064 INFO [brain_api] Batch heartbeat ts=2026-08-16T05:17:34.064112+00:00 elapsed=150s progress=2/3 in_flight=1 last_status=COMPLETE
  ✓ XgoAMbg1 | sharpe=1.66 fitness=0.61 turnover=0.4389
  [heartbeat] 12:17:34 elapsed=150s 2/3 in_flight=1 last=COMPLETE
2026-08-16 12:17:34,158 INFO [brain_api] Polling simulation status changed sim_id=2Vivr95Vi4kn9mpDswKzx8L status=COMPLETE
2026-08-16 12:17:34,158 INFO [brain_api] Polling simulation terminal sim_id=2Vivr95Vi4kn9mpDswKzx8L status=COMPLETE alpha_id=2rpoejz6
2026-08-16 12:17:34,158 INFO [brain_api] Fetching alpha details alpha_id=2rpoejz6 retries=3
2026-08-16 12:17:34,874 INFO [brain_api] Fetched alpha details alpha_id=2rpoejz6 status=UNSUBMITTED sharpe=1.52 fitness=0.5 turnover=0.4595
2026-08-16 12:17:34,874 INFO [brain_api] Simulation complete alpha_id=2rpoejz6 sharpe=1.52 fitness=0.5 turnover=0.4595 expr_hash=97f0d51afcd4
2026-08-16 12:17:34,874 INFO [brain_api] Stream simulation candidate finished batch_idx=0 status=COMPLETE attempts=1 retryable=False expr_hash=97f0d51afcd4
  [3/3] COMPLETE — group_rank(ts_rank(short_term_price_change_2, 3) *
2026-08-16 12:17:34,877 INFO [brain_api] Batch simulate stream complete candidate_count=3
2026-08-16 12:17:34,877 INFO [brain_api] Batch simulate stream start candidate_count=3 concurrency=3 max_retries=2
2026-08-16 12:17:34,878 INFO [brain_api] Simulation submit start expr_hash=1f731c4b8692 expr_len=131 settings_keys=['decay', 'delay', 'instrumentType', 'language', 'maxPosition', 'maxTrade', 'nanHandling', 'neutralization', 'pasteurization', 'region', 'truncation', 'unitHandling', 'universe', 'visualization']
2026-08-16 12:17:34,879 INFO [brain_api] Simulation submit start expr_hash=fb90ef61c41d expr_len=107 settings_keys=['decay', 'delay', 'instrumentType', 'language', 'maxPosition', 'maxTrade', 'nanHandling', 'neutralization', 'pasteurization', 'region', 'truncation', 'unitHandling', 'universe', 'visualization']
2026-08-16 12:17:34,881 INFO [brain_api] Simulation submit start expr_hash=c47a7ef04dc2 expr_len=117 settings_keys=['decay', 'delay', 'instrumentType', 'language', 'maxPosition', 'maxTrade', 'nanHandling', 'neutralization', 'pasteurization', 'region', 'truncation', 'unitHandling', 'universe', 'visualization']
2026-08-16 12:17:35,192 INFO [brain_api] Simulation created sim_id=1dt1oIgs84AFaRI12KIuM5VG expr_hash=1f731c4b8692
2026-08-16 12:17:35,192 INFO [brain_api] Polling simulation start sim_id=1dt1oIgs84AFaRI12KIuM5VG timeout=600s
2026-08-16 12:17:35,386 INFO [brain_api] Simulation created sim_id=16vPgx7na4mk9xhFFdDoacV expr_hash=c47a7ef04dc2
2026-08-16 12:17:35,386 INFO [brain_api] Polling simulation start sim_id=16vPgx7na4mk9xhFFdDoacV timeout=600s
2026-08-16 12:17:35,696 INFO [brain_api] Polling simulation status changed sim_id=16vPgx7na4mk9xhFFdDoacV status=UNKNOWN
2026-08-16 12:17:36,309 INFO [brain_api] Increasing BRAIN concurrency new_concurrency=6
  ✓ 2rpoejz6 | sharpe=1.52 fitness=0.50 turnover=0.4595
[batch 10/69] Mô phỏng 3 candidates...
[brain_api] Success streak, concurrency -> 6
2026-08-16 12:17:36,309 INFO [brain_api] Simulation created sim_id=2kW37i3jD4QlaWo7SQwYnYt expr_hash=fb90ef61c41d
2026-08-16 12:17:36,309 INFO [brain_api] Polling simulation start sim_id=2kW37i3jD4QlaWo7SQwYnYt timeout=600s
2026-08-16 12:17:36,615 INFO [brain_api] Polling simulation status changed sim_id=1dt1oIgs84AFaRI12KIuM5VG status=ERROR
2026-08-16 12:17:36,615 INFO [brain_api] Polling simulation failed sim_id=1dt1oIgs84AFaRI12KIuM5VG status=ERROR data_keys=['id', 'links', 'location', 'message', 'status', 'type']
2026-08-16 12:17:36,615 INFO [brain_api] Simulation finished non-complete sim_id=1dt1oIgs84AFaRI12KIuM5VG status=ERROR expr_hash=1f731c4b8692 status_code=None error_hash=None
2026-08-16 12:17:36,616 INFO [brain_api] Polling simulation status changed sim_id=2kW37i3jD4QlaWo7SQwYnYt status=UNKNOWN
2026-08-16 12:17:36,617 INFO [brain_api] Stream simulation candidate finished batch_idx=0 status=ERROR attempts=1 retryable=False expr_hash=1f731c4b8692
  [1/3] ERROR — group_neutralize(ts_rank(short_term_price_change_2
2026-08-16 12:18:04,885 INFO [brain_api] Batch heartbeat ts=2026-08-16T05:18:04.884928+00:00 elapsed=30s progress=1/3 in_flight=2 last_status=ERROR
  ✗ ERROR: unknown error
  [heartbeat] 12:18:04 elapsed=30s 1/3 in_flight=2 last=ERROR
2026-08-16 12:18:34,892 INFO [brain_api] Batch heartbeat ts=2026-08-16T05:18:34.891999+00:00 elapsed=60s progress=1/3 in_flight=2 last_status=ERROR
  [heartbeat] 12:18:34 elapsed=60s 1/3 in_flight=2 last=ERROR
2026-08-16 12:19:04,899 INFO [brain_api] Batch heartbeat ts=2026-08-16T05:19:04.899470+00:00 elapsed=90s progress=1/3 in_flight=2 last_status=ERROR
  [heartbeat] 12:19:04 elapsed=90s 1/3 in_flight=2 last=ERROR
2026-08-16 12:19:34,906 INFO [brain_api] Batch heartbeat ts=2026-08-16T05:19:34.906803+00:00 elapsed=120s progress=1/3 in_flight=2 last_status=ERROR
  [heartbeat] 12:19:34 elapsed=120s 1/3 in_flight=2 last=ERROR
2026-08-16 12:19:57,728 INFO [brain_api] Polling simulation status changed sim_id=16vPgx7na4mk9xhFFdDoacV status=COMPLETE
2026-08-16 12:19:57,728 INFO [brain_api] Polling simulation terminal sim_id=16vPgx7na4mk9xhFFdDoacV status=COMPLETE alpha_id=9qpOkne1
2026-08-16 12:19:57,728 INFO [brain_api] Fetching alpha details alpha_id=9qpOkne1 retries=3
2026-08-16 12:19:58,343 INFO [brain_api] Fetched alpha details alpha_id=9qpOkne1 status=UNSUBMITTED sharpe=1.27 fitness=0.49 turnover=0.2858
2026-08-16 12:19:58,343 INFO [brain_api] Simulation complete alpha_id=9qpOkne1 sharpe=1.27 fitness=0.49 turnover=0.2858 expr_hash=c47a7ef04dc2
2026-08-16 12:19:58,343 INFO [brain_api] Stream simulation candidate finished batch_idx=2 status=COMPLETE attempts=1 retryable=False expr_hash=c47a7ef04dc2
  [2/3] COMPLETE — group_neutralize(ts_decay_linear(ts_rank(short_ter
2026-08-16 12:20:04,913 INFO [brain_api] Batch heartbeat ts=2026-08-16T05:20:04.913247+00:00 elapsed=150s progress=2/3 in_flight=1 last_status=COMPLETE
  ✓ 9qpOkne1 | sharpe=1.27 fitness=0.49 turnover=0.2858
  [heartbeat] 12:20:04 elapsed=150s 2/3 in_flight=1 last=COMPLETE
2026-08-16 12:20:21,084 INFO [brain_api] Polling simulation status changed sim_id=2kW37i3jD4QlaWo7SQwYnYt status=COMPLETE
2026-08-16 12:20:21,084 INFO [brain_api] Polling simulation terminal sim_id=2kW37i3jD4QlaWo7SQwYnYt status=COMPLETE alpha_id=blQ1Klxq
2026-08-16 12:20:21,084 INFO [brain_api] Fetching alpha details alpha_id=blQ1Klxq retries=3
2026-08-16 12:20:22,101 INFO [brain_api] Fetched alpha details alpha_id=blQ1Klxq status=UNSUBMITTED sharpe=1.85 fitness=0.75 turnover=0.4728
2026-08-16 12:20:22,101 INFO [brain_api] Simulation complete alpha_id=blQ1Klxq sharpe=1.85 fitness=0.75 turnover=0.4728 expr_hash=fb90ef61c41d
2026-08-16 12:20:22,101 INFO [brain_api] Stream simulation candidate finished batch_idx=1 status=COMPLETE attempts=1 retryable=False expr_hash=fb90ef61c41d
  [3/3] COMPLETE — group_neutralize(rank(ts_rank(short_term_price_cha
2026-08-16 12:20:22,104 INFO [brain_api] Batch simulate stream complete candidate_count=3
2026-08-16 12:20:22,104 INFO [brain_api] Batch simulate stream start candidate_count=3 concurrency=3 max_retries=2
2026-08-16 12:20:22,105 INFO [brain_api] Simulation submit start expr_hash=6b16b9adfa88 expr_len=72 settings_keys=['decay', 'delay', 'instrumentType', 'language', 'maxPosition', 'maxTrade', 'nanHandling', 'neutralization', 'pasteurization', 'region', 'truncation', 'unitHandling', 'universe', 'visualization']
2026-08-16 12:20:22,107 INFO [brain_api] Simulation submit start expr_hash=ac52dc5688e4 expr_len=88 settings_keys=['decay', 'delay', 'instrumentType', 'language', 'maxPosition', 'maxTrade', 'nanHandling', 'neutralization', 'pasteurization', 'region', 'truncation', 'unitHandling', 'universe', 'visualization']
2026-08-16 12:20:22,110 INFO [brain_api] Simulation submit start expr_hash=781f4e5fb5b8 expr_len=94 settings_keys=['decay', 'delay', 'instrumentType', 'language', 'maxPosition', 'maxTrade', 'nanHandling', 'neutralization', 'pasteurization', 'region', 'truncation', 'unitHandling', 'universe', 'visualization']
2026-08-16 12:20:22,416 INFO [brain_api] Simulation created sim_id=43U2j22bd53ZchkpSh2wtrG expr_hash=6b16b9adfa88
2026-08-16 12:20:22,416 INFO [brain_api] Polling simulation start sim_id=43U2j22bd53ZchkpSh2wtrG timeout=600s
2026-08-16 12:20:22,931 INFO [brain_api] Polling simulation status changed sim_id=43U2j22bd53ZchkpSh2wtrG status=UNKNOWN
2026-08-16 12:20:23,534 INFO [brain_api] Simulation created sim_id=3iWU6RY94gXbNAfIsO6fE3 expr_hash=781f4e5fb5b8
2026-08-16 12:20:23,534 INFO [brain_api] Polling simulation start sim_id=3iWU6RY94gXbNAfIsO6fE3 timeout=600s
2026-08-16 12:20:23,536 INFO [brain_api] Simulation created sim_id=3jmQ8bbKL4JT9grnGyn9RMi expr_hash=ac52dc5688e4
2026-08-16 12:20:23,538 INFO [brain_api] Polling simulation start sim_id=3jmQ8bbKL4JT9grnGyn9RMi timeout=600s
2026-08-16 12:20:23,845 INFO [brain_api] Polling simulation status changed sim_id=3jmQ8bbKL4JT9grnGyn9RMi status=UNKNOWN
2026-08-16 12:20:23,846 INFO [brain_api] Polling simulation status changed sim_id=3iWU6RY94gXbNAfIsO6fE3 status=UNKNOWN
2026-08-16 12:20:52,111 INFO [brain_api] Batch heartbeat ts=2026-08-16T05:20:52.111189+00:00 elapsed=30s progress=0/3 in_flight=3 last_status=-
  ✓ blQ1Klxq | sharpe=1.85 fitness=0.75 turnover=0.4728
[batch 11/69] Mô phỏng 3 candidates...
  [heartbeat] 12:20:52 elapsed=30s 0/3 in_flight=3 last=-
2026-08-16 12:21:22,118 INFO [brain_api] Batch heartbeat ts=2026-08-16T05:21:22.118691+00:00 elapsed=60s progress=0/3 in_flight=3 last_status=-
  [heartbeat] 12:21:22 elapsed=60s 0/3 in_flight=3 last=-
2026-08-16 12:21:52,125 INFO [brain_api] Batch heartbeat ts=2026-08-16T05:21:52.125491+00:00 elapsed=90s progress=0/3 in_flight=3 last_status=-
  [heartbeat] 12:21:52 elapsed=90s 0/3 in_flight=3 last=-
2026-08-16 12:22:22,132 INFO [brain_api] Batch heartbeat ts=2026-08-16T05:22:22.132641+00:00 elapsed=120s progress=0/3 in_flight=3 last_status=-
  [heartbeat] 12:22:22 elapsed=120s 0/3 in_flight=3 last=-
2026-08-16 12:22:39,430 INFO [brain_api] Polling simulation status changed sim_id=3jmQ8bbKL4JT9grnGyn9RMi status=COMPLETE
2026-08-16 12:22:39,430 INFO [brain_api] Polling simulation terminal sim_id=3jmQ8bbKL4JT9grnGyn9RMi status=COMPLETE alpha_id=WjA2xWJx
2026-08-16 12:22:39,430 INFO [brain_api] Fetching alpha details alpha_id=WjA2xWJx retries=3
2026-08-16 12:22:39,843 INFO [brain_api] Fetched alpha details alpha_id=WjA2xWJx status=UNSUBMITTED sharpe=1.55 fitness=0.53 turnover=0.4396
2026-08-16 12:22:39,844 INFO [brain_api] Simulation complete alpha_id=WjA2xWJx sharpe=1.55 fitness=0.53 turnover=0.4396 expr_hash=ac52dc5688e4
2026-08-16 12:22:39,844 INFO [brain_api] Stream simulation candidate finished batch_idx=1 status=COMPLETE attempts=1 retryable=False expr_hash=ac52dc5688e4
  [1/3] COMPLETE — group_rank(ts_rank(short_term_price_change_2, 3) *
2026-08-16 12:22:40,249 INFO [brain_api] Polling simulation status changed sim_id=3iWU6RY94gXbNAfIsO6fE3 status=COMPLETE
2026-08-16 12:22:40,249 INFO [brain_api] Polling simulation terminal sim_id=3iWU6RY94gXbNAfIsO6fE3 status=COMPLETE alpha_id=omN0k9Jk
2026-08-16 12:22:40,249 INFO [brain_api] Fetching alpha details alpha_id=omN0k9Jk retries=3
2026-08-16 12:22:40,588 INFO [brain_api] Fetched alpha details alpha_id=omN0k9Jk status=UNSUBMITTED sharpe=1.8 fitness=0.7 turnover=0.4292
2026-08-16 12:22:40,588 INFO [brain_api] Simulation complete alpha_id=omN0k9Jk sharpe=1.8 fitness=0.7 turnover=0.4292 expr_hash=781f4e5fb5b8
2026-08-16 12:22:40,588 INFO [brain_api] Stream simulation candidate finished batch_idx=2 status=COMPLETE attempts=1 retryable=False expr_hash=781f4e5fb5b8
  ✓ WjA2xWJx | sharpe=1.55 fitness=0.53 turnover=0.4396
  [2/3] COMPLETE — group_neutralize(ts_rank(short_term_price_change_2
2026-08-16 12:22:42,912 INFO [brain_api] Polling simulation status changed sim_id=43U2j22bd53ZchkpSh2wtrG status=COMPLETE
2026-08-16 12:22:42,912 INFO [brain_api] Polling simulation terminal sim_id=43U2j22bd53ZchkpSh2wtrG status=COMPLETE alpha_id=j26KM9Ej
2026-08-16 12:22:42,912 INFO [brain_api] Fetching alpha details alpha_id=j26KM9Ej retries=3
2026-08-16 12:22:43,321 INFO [brain_api] Fetched alpha details alpha_id=j26KM9Ej status=UNSUBMITTED sharpe=1.54 fitness=0.53 turnover=0.4352
2026-08-16 12:22:43,321 INFO [brain_api] Simulation complete alpha_id=j26KM9Ej sharpe=1.54 fitness=0.53 turnover=0.4352 expr_hash=6b16b9adfa88
2026-08-16 12:22:43,322 INFO [brain_api] Stream simulation candidate finished batch_idx=0 status=COMPLETE attempts=1 retryable=False expr_hash=6b16b9adfa88
  ✓ omN0k9Jk | sharpe=1.80 fitness=0.70 turnover=0.4292
  [3/3] COMPLETE — rank(ts_rank(short_term_price_change_2, 3) * (1 - 
2026-08-16 12:22:43,324 INFO [brain_api] Batch simulate stream complete candidate_count=3
2026-08-16 12:22:43,324 INFO [brain_api] Batch simulate stream start candidate_count=3 concurrency=3 max_retries=2
2026-08-16 12:22:43,325 INFO [brain_api] Simulation submit start expr_hash=c7bd2af79569 expr_len=128 settings_keys=['decay', 'delay', 'instrumentType', 'language', 'maxPosition', 'maxTrade', 'nanHandling', 'neutralization', 'pasteurization', 'region', 'truncation', 'unitHandling', 'universe', 'visualization']
2026-08-16 12:22:43,325 INFO [brain_api] Simulation submit start expr_hash=83d62ead3b55 expr_len=128 settings_keys=['decay', 'delay', 'instrumentType', 'language', 'maxPosition', 'maxTrade', 'nanHandling', 'neutralization', 'pasteurization', 'region', 'truncation', 'unitHandling', 'universe', 'visualization']
2026-08-16 12:22:43,328 INFO [brain_api] Simulation submit start expr_hash=f51d4cf5e849 expr_len=104 settings_keys=['decay', 'delay', 'instrumentType', 'language', 'maxPosition', 'maxTrade', 'nanHandling', 'neutralization', 'pasteurization', 'region', 'truncation', 'unitHandling', 'universe', 'visualization']
2026-08-16 12:22:43,837 INFO [brain_api] Simulation created sim_id=397w3d4LF4ELb9e1fAzXyQG expr_hash=83d62ead3b55
2026-08-16 12:22:43,838 INFO [brain_api] Simulation created sim_id=3R9KdibRy4x8cpCQvZ8IA04 expr_hash=c7bd2af79569
2026-08-16 12:22:43,839 INFO [brain_api] Polling simulation start sim_id=397w3d4LF4ELb9e1fAzXyQG timeout=600s
2026-08-16 12:22:43,839 INFO [brain_api] Polling simulation start sim_id=3R9KdibRy4x8cpCQvZ8IA04 timeout=600s
2026-08-16 12:22:44,142 INFO [brain_api] Polling simulation status changed sim_id=3R9KdibRy4x8cpCQvZ8IA04 status=UNKNOWN
2026-08-16 12:22:44,142 INFO [brain_api] Polling simulation status changed sim_id=397w3d4LF4ELb9e1fAzXyQG status=ERROR
2026-08-16 12:22:44,142 INFO [brain_api] Polling simulation failed sim_id=397w3d4LF4ELb9e1fAzXyQG status=ERROR data_keys=['id', 'links', 'location', 'message', 'status', 'type']
2026-08-16 12:22:44,143 INFO [brain_api] Simulation finished non-complete sim_id=397w3d4LF4ELb9e1fAzXyQG status=ERROR expr_hash=83d62ead3b55 status_code=None error_hash=None
2026-08-16 12:22:44,143 INFO [brain_api] Stream simulation candidate finished batch_idx=1 status=ERROR attempts=1 retryable=False expr_hash=83d62ead3b55
  ✓ j26KM9Ej | sharpe=1.54 fitness=0.53 turnover=0.4352
[batch 12/69] Mô phỏng 3 candidates...
  [1/3] ERROR — group_neutralize(ts_rank(short_term_price_change_2
2026-08-16 12:22:44,863 INFO [brain_api] Simulation created sim_id=3De5Ynfit4oaa9a1cByTxPJ1 expr_hash=f51d4cf5e849
2026-08-16 12:22:44,863 INFO [brain_api] Polling simulation start sim_id=3De5Ynfit4oaa9a1cByTxPJ1 timeout=600s
2026-08-16 12:22:45,161 INFO [brain_api] Polling simulation status changed sim_id=3De5Ynfit4oaa9a1cByTxPJ1 status=UNKNOWN
2026-08-16 12:23:06,361 INFO [brain_api] Polling simulation status changed sim_id=3R9KdibRy4x8cpCQvZ8IA04 status=ERROR
2026-08-16 12:23:06,361 INFO [brain_api] Polling simulation failed sim_id=3R9KdibRy4x8cpCQvZ8IA04 status=ERROR data_keys=['id', 'links', 'location', 'message', 'status', 'type']
2026-08-16 12:23:06,362 INFO [brain_api] Simulation finished non-complete sim_id=3R9KdibRy4x8cpCQvZ8IA04 status=ERROR expr_hash=c7bd2af79569 status_code=None error_hash=None
2026-08-16 12:23:06,362 INFO [brain_api] Stream simulation candidate finished batch_idx=0 status=ERROR attempts=1 retryable=False expr_hash=c7bd2af79569
  ✗ ERROR: unknown error
  [2/3] ERROR — group_neutralize(ts_rank(short_term_price_change_2
2026-08-16 12:23:13,332 INFO [brain_api] Batch heartbeat ts=2026-08-16T05:23:13.332232+00:00 elapsed=30s progress=2/3 in_flight=1 last_status=ERROR
  ✗ ERROR: unknown error
  [heartbeat] 12:23:13 elapsed=30s 2/3 in_flight=1 last=ERROR
2026-08-16 12:23:43,339 INFO [brain_api] Batch heartbeat ts=2026-08-16T05:23:43.339600+00:00 elapsed=60s progress=2/3 in_flight=1 last_status=ERROR
  [heartbeat] 12:23:43 elapsed=60s 2/3 in_flight=1 last=ERROR
2026-08-16 12:24:13,346 INFO [brain_api] Batch heartbeat ts=2026-08-16T05:24:13.346619+00:00 elapsed=90s progress=2/3 in_flight=1 last_status=ERROR
  [heartbeat] 12:24:13 elapsed=90s 2/3 in_flight=1 last=ERROR
2026-08-16 12:24:37,604 INFO [brain_api] Polling simulation status changed sim_id=3De5Ynfit4oaa9a1cByTxPJ1 status=COMPLETE
2026-08-16 12:24:37,605 INFO [brain_api] Polling simulation terminal sim_id=3De5Ynfit4oaa9a1cByTxPJ1 status=COMPLETE alpha_id=RRmwvAa1
2026-08-16 12:24:37,605 INFO [brain_api] Fetching alpha details alpha_id=RRmwvAa1 retries=3
2026-08-16 12:24:38,216 INFO [brain_api] Fetched alpha details alpha_id=RRmwvAa1 status=UNSUBMITTED sharpe=1.96 fitness=0.85 turnover=0.4581
2026-08-16 12:24:38,216 INFO [brain_api] Simulation complete alpha_id=RRmwvAa1 sharpe=1.96 fitness=0.85 turnover=0.4581 expr_hash=f51d4cf5e849
2026-08-16 12:24:38,217 INFO [brain_api] Stream simulation candidate finished batch_idx=2 status=COMPLETE attempts=1 retryable=False expr_hash=f51d4cf5e849
  [3/3] COMPLETE — group_neutralize(rank(ts_rank(short_term_price_cha
2026-08-16 12:24:38,219 INFO [brain_api] Batch simulate stream complete candidate_count=3
2026-08-16 12:24:38,220 INFO [brain_api] Batch simulate stream start candidate_count=3 concurrency=3 max_retries=2
2026-08-16 12:24:38,220 INFO [brain_api] Simulation submit start expr_hash=c85d81572569 expr_len=114 settings_keys=['decay', 'delay', 'instrumentType', 'language', 'maxPosition', 'maxTrade', 'nanHandling', 'neutralization', 'pasteurization', 'region', 'truncation', 'unitHandling', 'universe', 'visualization']
2026-08-16 12:24:38,221 INFO [brain_api] Simulation submit start expr_hash=6b16b9adfa88 expr_len=72 settings_keys=['decay', 'delay', 'instrumentType', 'language', 'maxPosition', 'maxTrade', 'nanHandling', 'neutralization', 'pasteurization', 'region', 'truncation', 'unitHandling', 'universe', 'visualization']
2026-08-16 12:24:38,226 INFO [brain_api] Simulation submit start expr_hash=296d4d758740 expr_len=91 settings_keys=['decay', 'delay', 'instrumentType', 'language', 'maxPosition', 'maxTrade', 'nanHandling', 'neutralization', 'pasteurization', 'region', 'truncation', 'unitHandling', 'universe', 'visualization']
2026-08-16 12:24:38,729 INFO [brain_api] Simulation created sim_id=4GEUEI95i57La7szTBh6Ne8 expr_hash=c85d81572569
2026-08-16 12:24:38,729 INFO [brain_api] Polling simulation start sim_id=4GEUEI95i57La7szTBh6Ne8 timeout=600s
2026-08-16 12:24:39,240 INFO [brain_api] Polling simulation status changed sim_id=4GEUEI95i57La7szTBh6Ne8 status=UNKNOWN
2026-08-16 12:24:39,957 INFO [brain_api] Simulation created sim_id=3aXuFe9gW4Sr9pv1atyYOgng expr_hash=6b16b9adfa88
2026-08-16 12:24:39,957 INFO [brain_api] Polling simulation start sim_id=3aXuFe9gW4Sr9pv1atyYOgng timeout=600s
2026-08-16 12:24:39,958 INFO [brain_api] Simulation created sim_id=2gmYuwbXv5hR9h61frte8WdV expr_hash=296d4d758740
2026-08-16 12:24:39,958 INFO [brain_api] Polling simulation start sim_id=2gmYuwbXv5hR9h61frte8WdV timeout=600s
2026-08-16 12:24:40,370 INFO [brain_api] Polling simulation status changed sim_id=3aXuFe9gW4Sr9pv1atyYOgng status=UNKNOWN
2026-08-16 12:24:40,371 INFO [brain_api] Polling simulation status changed sim_id=2gmYuwbXv5hR9h61frte8WdV status=UNKNOWN
2026-08-16 12:25:08,227 INFO [brain_api] Batch heartbeat ts=2026-08-16T05:25:08.227450+00:00 elapsed=30s progress=0/3 in_flight=3 last_status=-
  ✓ RRmwvAa1 | sharpe=1.96 fitness=0.85 turnover=0.4581
[batch 13/69] Mô phỏng 3 candidates...
  [heartbeat] 12:25:08 elapsed=30s 0/3 in_flight=3 last=-
2026-08-16 12:25:38,234 INFO [brain_api] Batch heartbeat ts=2026-08-16T05:25:38.234521+00:00 elapsed=60s progress=0/3 in_flight=3 last_status=-
  [heartbeat] 12:25:38 elapsed=60s 0/3 in_flight=3 last=-
2026-08-16 12:26:08,242 INFO [brain_api] Batch heartbeat ts=2026-08-16T05:26:08.241934+00:00 elapsed=90s progress=0/3 in_flight=3 last_status=-
  [heartbeat] 12:26:08 elapsed=90s 0/3 in_flight=3 last=-
2026-08-16 12:26:38,248 INFO [brain_api] Batch heartbeat ts=2026-08-16T05:26:38.248637+00:00 elapsed=120s progress=0/3 in_flight=3 last_status=-
  [heartbeat] 12:26:38 elapsed=120s 0/3 in_flight=3 last=-
2026-08-16 12:26:39,260 INFO [brain_api] Polling simulation status changed sim_id=3aXuFe9gW4Sr9pv1atyYOgng status=COMPLETE
2026-08-16 12:26:39,260 INFO [brain_api] Polling simulation terminal sim_id=3aXuFe9gW4Sr9pv1atyYOgng status=COMPLETE alpha_id=j26KM9Ej
2026-08-16 12:26:39,260 INFO [brain_api] Fetching alpha details alpha_id=j26KM9Ej retries=3
2026-08-16 12:26:39,668 INFO [brain_api] Fetched alpha details alpha_id=j26KM9Ej status=UNSUBMITTED sharpe=1.54 fitness=0.53 turnover=0.4352
2026-08-16 12:26:39,668 INFO [brain_api] Simulation complete alpha_id=j26KM9Ej sharpe=1.54 fitness=0.53 turnover=0.4352 expr_hash=6b16b9adfa88
2026-08-16 12:26:39,669 INFO [brain_api] Stream simulation candidate finished batch_idx=1 status=COMPLETE attempts=1 retryable=False expr_hash=6b16b9adfa88
  [1/3] COMPLETE — rank(ts_rank(short_term_price_change_2, 3) * (1 - 
2026-08-16 12:27:06,808 INFO [brain_api] Polling simulation status changed sim_id=4GEUEI95i57La7szTBh6Ne8 status=COMPLETE
2026-08-16 12:27:06,808 INFO [brain_api] Polling simulation terminal sim_id=4GEUEI95i57La7szTBh6Ne8 status=COMPLETE alpha_id=d5Zr628x
2026-08-16 12:27:06,809 INFO [brain_api] Fetching alpha details alpha_id=d5Zr628x retries=3
2026-08-16 12:27:07,145 INFO [brain_api] Fetched alpha details alpha_id=d5Zr628x status=UNSUBMITTED sharpe=1.32 fitness=0.53 turnover=0.2801
2026-08-16 12:27:07,145 INFO [brain_api] Simulation complete alpha_id=d5Zr628x sharpe=1.32 fitness=0.53 turnover=0.2801 expr_hash=c85d81572569
2026-08-16 12:27:07,147 INFO [brain_api] Stream simulation candidate finished batch_idx=0 status=COMPLETE attempts=1 retryable=False expr_hash=c85d81572569
  ✓ j26KM9Ej | sharpe=1.54 fitness=0.53 turnover=0.4352
  [2/3] COMPLETE — group_neutralize(ts_decay_linear(ts_rank(short_ter
2026-08-16 12:27:08,256 INFO [brain_api] Batch heartbeat ts=2026-08-16T05:27:08.255977+00:00 elapsed=150s progress=2/3 in_flight=1 last_status=COMPLETE
  ✓ d5Zr628x | sharpe=1.32 fitness=0.53 turnover=0.2801
  [heartbeat] 12:27:08 elapsed=150s 2/3 in_flight=1 last=COMPLETE
2026-08-16 12:27:38,262 INFO [brain_api] Batch heartbeat ts=2026-08-16T05:27:38.262814+00:00 elapsed=180s progress=2/3 in_flight=1 last_status=COMPLETE
  [heartbeat] 12:27:38 elapsed=180s 2/3 in_flight=1 last=COMPLETE
2026-08-16 12:28:01,501 INFO [brain_api] Polling simulation status changed sim_id=2gmYuwbXv5hR9h61frte8WdV status=COMPLETE
2026-08-16 12:28:01,501 INFO [brain_api] Polling simulation terminal sim_id=2gmYuwbXv5hR9h61frte8WdV status=COMPLETE alpha_id=9qpO3L1x
2026-08-16 12:28:01,501 INFO [brain_api] Fetching alpha details alpha_id=9qpO3L1x retries=3
2026-08-16 12:28:02,003 INFO [brain_api] Fetched alpha details alpha_id=9qpO3L1x status=UNSUBMITTED sharpe=1.57 fitness=0.53 turnover=0.4473
2026-08-16 12:28:02,003 INFO [brain_api] Simulation complete alpha_id=9qpO3L1x sharpe=1.57 fitness=0.53 turnover=0.4473 expr_hash=296d4d758740
2026-08-16 12:28:02,003 INFO [brain_api] Stream simulation candidate finished batch_idx=2 status=COMPLETE attempts=1 retryable=False expr_hash=296d4d758740
  [3/3] COMPLETE — group_rank(ts_rank(short_term_price_change_2, 3) *
2026-08-16 12:28:02,006 INFO [brain_api] Batch simulate stream complete candidate_count=3
2026-08-16 12:28:02,006 INFO [brain_api] Batch simulate stream start candidate_count=3 concurrency=3 max_retries=2
2026-08-16 12:28:02,007 INFO [brain_api] Simulation submit start expr_hash=4abea39b87b6 expr_len=97 settings_keys=['decay', 'delay', 'instrumentType', 'language', 'maxPosition', 'maxTrade', 'nanHandling', 'neutralization', 'pasteurization', 'region', 'truncation', 'unitHandling', 'universe', 'visualization']
2026-08-16 12:28:02,007 INFO [brain_api] Simulation submit start expr_hash=b6db37c0fe77 expr_len=131 settings_keys=['decay', 'delay', 'instrumentType', 'language', 'maxPosition', 'maxTrade', 'nanHandling', 'neutralization', 'pasteurization', 'region', 'truncation', 'unitHandling', 'universe', 'visualization']
2026-08-16 12:28:02,010 INFO [brain_api] Simulation submit start expr_hash=18c30695983f expr_len=131 settings_keys=['decay', 'delay', 'instrumentType', 'language', 'maxPosition', 'maxTrade', 'nanHandling', 'neutralization', 'pasteurization', 'region', 'truncation', 'unitHandling', 'universe', 'visualization']
2026-08-16 12:28:02,310 INFO [brain_api] Increasing BRAIN concurrency new_concurrency=7
  ✓ 9qpO3L1x | sharpe=1.57 fitness=0.53 turnover=0.4473
[batch 14/69] Mô phỏng 3 candidates...
[brain_api] Success streak, concurrency -> 7
2026-08-16 12:28:02,311 INFO [brain_api] Simulation created sim_id=4uaWz3aCN4sR8Ib18AkjTK5M expr_hash=4abea39b87b6
2026-08-16 12:28:02,316 INFO [brain_api] Polling simulation start sim_id=4uaWz3aCN4sR8Ib18AkjTK5M timeout=600s
2026-08-16 12:28:03,642 INFO [brain_api] Simulation created sim_id=4oUYxf9LW4s1aVHZpvAKtgI expr_hash=18c30695983f
2026-08-16 12:28:03,642 INFO [brain_api] Polling simulation start sim_id=4oUYxf9LW4s1aVHZpvAKtgI timeout=600s
2026-08-16 12:28:03,645 INFO [brain_api] Simulation created sim_id=2f3b9aasl4XebEnY23G4tJS expr_hash=b6db37c0fe77
2026-08-16 12:28:03,645 INFO [brain_api] Polling simulation start sim_id=2f3b9aasl4XebEnY23G4tJS timeout=600s
2026-08-16 12:28:04,161 INFO [brain_api] Polling simulation status changed sim_id=2f3b9aasl4XebEnY23G4tJS status=ERROR
2026-08-16 12:28:04,161 INFO [brain_api] Polling simulation failed sim_id=2f3b9aasl4XebEnY23G4tJS status=ERROR data_keys=['id', 'links', 'location', 'message', 'status', 'type']
2026-08-16 12:28:04,161 INFO [brain_api] Simulation finished non-complete sim_id=2f3b9aasl4XebEnY23G4tJS status=ERROR expr_hash=b6db37c0fe77 status_code=None error_hash=None
2026-08-16 12:28:04,162 INFO [brain_api] Polling simulation status changed sim_id=4oUYxf9LW4s1aVHZpvAKtgI status=UNKNOWN
2026-08-16 12:28:04,163 INFO [brain_api] Stream simulation candidate finished batch_idx=1 status=ERROR attempts=1 retryable=False expr_hash=b6db37c0fe77
  [1/3] ERROR — group_neutralize(ts_rank(short_term_price_change_2
2026-08-16 12:28:04,361 INFO [brain_api] Polling simulation status changed sim_id=4uaWz3aCN4sR8Ib18AkjTK5M status=UNKNOWN
2026-08-16 12:28:09,505 INFO [brain_api] Polling simulation status changed sim_id=4oUYxf9LW4s1aVHZpvAKtgI status=ERROR
2026-08-16 12:28:09,505 INFO [brain_api] Polling simulation failed sim_id=4oUYxf9LW4s1aVHZpvAKtgI status=ERROR data_keys=['id', 'links', 'location', 'message', 'status', 'type']
2026-08-16 12:28:09,505 INFO [brain_api] Simulation finished non-complete sim_id=4oUYxf9LW4s1aVHZpvAKtgI status=ERROR expr_hash=18c30695983f status_code=None error_hash=None
2026-08-16 12:28:09,505 INFO [brain_api] Stream simulation candidate finished batch_idx=2 status=ERROR attempts=1 retryable=False expr_hash=18c30695983f
  ✗ ERROR: unknown error
  [2/3] ERROR — group_neutralize(ts_rank(short_term_price_change_2
2026-08-16 12:28:32,013 INFO [brain_api] Batch heartbeat ts=2026-08-16T05:28:32.013480+00:00 elapsed=30s progress=2/3 in_flight=1 last_status=ERROR
  ✗ ERROR: unknown error
  [heartbeat] 12:28:32 elapsed=30s 2/3 in_flight=1 last=ERROR
2026-08-16 12:29:02,020 INFO [brain_api] Batch heartbeat ts=2026-08-16T05:29:02.020851+00:00 elapsed=60s progress=2/3 in_flight=1 last_status=ERROR
  [heartbeat] 12:29:02 elapsed=60s 2/3 in_flight=1 last=ERROR
2026-08-16 12:29:32,028 INFO [brain_api] Batch heartbeat ts=2026-08-16T05:29:32.028360+00:00 elapsed=90s progress=2/3 in_flight=1 last_status=ERROR
  [heartbeat] 12:29:32 elapsed=90s 2/3 in_flight=1 last=ERROR
2026-08-16 12:30:02,035 INFO [brain_api] Batch heartbeat ts=2026-08-16T05:30:02.035724+00:00 elapsed=120s progress=2/3 in_flight=1 last_status=ERROR
  [heartbeat] 12:30:02 elapsed=120s 2/3 in_flight=1 last=ERROR
2026-08-16 12:30:25,779 INFO [brain_api] Polling simulation status changed sim_id=4uaWz3aCN4sR8Ib18AkjTK5M status=COMPLETE
2026-08-16 12:30:25,779 INFO [brain_api] Polling simulation terminal sim_id=4uaWz3aCN4sR8Ib18AkjTK5M status=COMPLETE alpha_id=blQ1gdll
2026-08-16 12:30:25,827 INFO [brain_api] Fetching alpha details alpha_id=blQ1gdll retries=3
2026-08-16 12:30:26,195 INFO [brain_api] Fetched alpha details alpha_id=blQ1gdll status=UNSUBMITTED sharpe=1.79 fitness=0.7 turnover=0.4289
2026-08-16 12:30:26,195 INFO [brain_api] Simulation complete alpha_id=blQ1gdll sharpe=1.79 fitness=0.7 turnover=0.4289 expr_hash=4abea39b87b6
2026-08-16 12:30:26,195 INFO [brain_api] Stream simulation candidate finished batch_idx=0 status=COMPLETE attempts=1 retryable=False expr_hash=4abea39b87b6
  [3/3] COMPLETE — group_neutralize(ts_rank(short_term_price_change_2
2026-08-16 12:30:26,198 INFO [brain_api] Batch simulate stream complete candidate_count=3
2026-08-16 12:30:26,198 INFO [brain_api] Batch simulate stream start candidate_count=3 concurrency=3 max_retries=2
2026-08-16 12:30:26,199 INFO [brain_api] Simulation submit start expr_hash=734df0ebd3f9 expr_len=107 settings_keys=['decay', 'delay', 'instrumentType', 'language', 'maxPosition', 'maxTrade', 'nanHandling', 'neutralization', 'pasteurization', 'region', 'truncation', 'unitHandling', 'universe', 'visualization']
2026-08-16 12:30:26,201 INFO [brain_api] Simulation submit start expr_hash=e0045161c0e1 expr_len=117 settings_keys=['decay', 'delay', 'instrumentType', 'language', 'maxPosition', 'maxTrade', 'nanHandling', 'neutralization', 'pasteurization', 'region', 'truncation', 'unitHandling', 'universe', 'visualization']
2026-08-16 12:30:26,202 INFO [brain_api] Simulation submit start expr_hash=5ad841e5899e expr_len=72 settings_keys=['decay', 'delay', 'instrumentType', 'language', 'maxPosition', 'maxTrade', 'nanHandling', 'neutralization', 'pasteurization', 'region', 'truncation', 'unitHandling', 'universe', 'visualization']
2026-08-16 12:30:26,699 INFO [brain_api] Simulation created sim_id=bxzBx7yx5eLbZksYsfMtrk expr_hash=734df0ebd3f9
2026-08-16 12:30:26,699 INFO [brain_api] Polling simulation start sim_id=bxzBx7yx5eLbZksYsfMtrk timeout=600s
2026-08-16 12:30:27,003 INFO [brain_api] Polling simulation status changed sim_id=bxzBx7yx5eLbZksYsfMtrk status=UNKNOWN
2026-08-16 12:30:28,436 INFO [brain_api] Simulation created sim_id=2iTHMx7rp4kub3sQJzIIIgF expr_hash=5ad841e5899e
2026-08-16 12:30:28,436 INFO [brain_api] Polling simulation start sim_id=2iTHMx7rp4kub3sQJzIIIgF timeout=600s
2026-08-16 12:30:28,437 INFO [brain_api] Simulation created sim_id=4wYktGfJG4oIcBOJk03nANf expr_hash=e0045161c0e1
2026-08-16 12:30:28,439 INFO [brain_api] Polling simulation start sim_id=4wYktGfJG4oIcBOJk03nANf timeout=600s
2026-08-16 12:30:28,960 INFO [brain_api] Polling simulation status changed sim_id=4wYktGfJG4oIcBOJk03nANf status=UNKNOWN
2026-08-16 12:30:28,961 INFO [brain_api] Polling simulation status changed sim_id=2iTHMx7rp4kub3sQJzIIIgF status=UNKNOWN
2026-08-16 12:30:56,205 INFO [brain_api] Batch heartbeat ts=2026-08-16T05:30:56.205566+00:00 elapsed=30s progress=0/3 in_flight=3 last_status=-
  ✓ blQ1gdll | sharpe=1.79 fitness=0.70 turnover=0.4289
[batch 15/69] Mô phỏng 3 candidates...
  [heartbeat] 12:30:56 elapsed=30s 0/3 in_flight=3 last=-
2026-08-16 12:31:26,212 INFO [brain_api] Batch heartbeat ts=2026-08-16T05:31:26.212657+00:00 elapsed=60s progress=0/3 in_flight=3 last_status=-
  [heartbeat] 12:31:26 elapsed=60s 0/3 in_flight=3 last=-
2026-08-16 12:31:56,219 INFO [brain_api] Batch heartbeat ts=2026-08-16T05:31:56.219284+00:00 elapsed=90s progress=0/3 in_flight=3 last_status=-
  [heartbeat] 12:31:56 elapsed=90s 0/3 in_flight=3 last=-
2026-08-16 12:32:26,226 INFO [brain_api] Batch heartbeat ts=2026-08-16T05:32:26.226896+00:00 elapsed=120s progress=0/3 in_flight=3 last_status=-
  [heartbeat] 12:32:26 elapsed=120s 0/3 in_flight=3 last=-
2026-08-16 12:32:42,383 INFO [brain_api] Polling simulation status changed sim_id=bxzBx7yx5eLbZksYsfMtrk status=COMPLETE
2026-08-16 12:32:42,383 INFO [brain_api] Polling simulation terminal sim_id=bxzBx7yx5eLbZksYsfMtrk status=COMPLETE alpha_id=gJ8V5Lxe
2026-08-16 12:32:42,383 INFO [brain_api] Fetching alpha details alpha_id=gJ8V5Lxe retries=3
2026-08-16 12:32:42,802 INFO [brain_api] Fetched alpha details alpha_id=gJ8V5Lxe status=UNSUBMITTED sharpe=1.95 fitness=0.84 turnover=0.4577
2026-08-16 12:32:42,802 INFO [brain_api] Simulation complete alpha_id=gJ8V5Lxe sharpe=1.95 fitness=0.84 turnover=0.4577 expr_hash=734df0ebd3f9
2026-08-16 12:32:42,802 INFO [brain_api] Stream simulation candidate finished batch_idx=0 status=COMPLETE attempts=1 retryable=False expr_hash=734df0ebd3f9
  [1/3] COMPLETE — group_neutralize(rank(ts_rank(short_term_price_cha
2026-08-16 12:32:55,999 INFO [brain_api] Polling simulation status changed sim_id=2iTHMx7rp4kub3sQJzIIIgF status=COMPLETE
2026-08-16 12:32:55,999 INFO [brain_api] Polling simulation terminal sim_id=2iTHMx7rp4kub3sQJzIIIgF status=COMPLETE alpha_id=LLGYw2o6
2026-08-16 12:32:55,999 INFO [brain_api] Fetching alpha details alpha_id=LLGYw2o6 retries=3
2026-08-16 12:32:56,239 INFO [brain_api] Batch heartbeat ts=2026-08-16T05:32:56.239589+00:00 elapsed=150s progress=1/3 in_flight=2 last_status=COMPLETE
  ✓ gJ8V5Lxe | sharpe=1.95 fitness=0.84 turnover=0.4577
  [heartbeat] 12:32:56 elapsed=150s 1/3 in_flight=2 last=COMPLETE
2026-08-16 12:32:56,525 INFO [brain_api] Fetched alpha details alpha_id=LLGYw2o6 status=UNSUBMITTED sharpe=1.51 fitness=0.53 turnover=0.4284
2026-08-16 12:32:56,525 INFO [brain_api] Simulation complete alpha_id=LLGYw2o6 sharpe=1.51 fitness=0.53 turnover=0.4284 expr_hash=5ad841e5899e
2026-08-16 12:32:56,527 INFO [brain_api] Stream simulation candidate finished batch_idx=2 status=COMPLETE attempts=1 retryable=False expr_hash=5ad841e5899e
  [2/3] COMPLETE — rank(ts_rank(short_term_price_change_2, 3) * (1 - 
2026-08-16 12:33:26,247 INFO [brain_api] Batch heartbeat ts=2026-08-16T05:33:26.247169+00:00 elapsed=180s progress=2/3 in_flight=1 last_status=COMPLETE
  ✓ LLGYw2o6 | sharpe=1.51 fitness=0.53 turnover=0.4284
  [heartbeat] 12:33:26 elapsed=180s 2/3 in_flight=1 last=COMPLETE
2026-08-16 12:33:37,788 INFO [brain_api] Polling simulation status changed sim_id=4wYktGfJG4oIcBOJk03nANf status=COMPLETE
2026-08-16 12:33:37,789 INFO [brain_api] Polling simulation terminal sim_id=4wYktGfJG4oIcBOJk03nANf status=COMPLETE alpha_id=JjGJkArO
2026-08-16 12:33:37,789 INFO [brain_api] Fetching alpha details alpha_id=JjGJkArO retries=3
2026-08-16 12:33:38,405 INFO [brain_api] Fetched alpha details alpha_id=JjGJkArO status=UNSUBMITTED sharpe=1.31 fitness=0.52 turnover=0.2798
2026-08-16 12:33:38,406 INFO [brain_api] Simulation complete alpha_id=JjGJkArO sharpe=1.31 fitness=0.52 turnover=0.2798 expr_hash=e0045161c0e1
2026-08-16 12:33:38,406 INFO [brain_api] Stream simulation candidate finished batch_idx=1 status=COMPLETE attempts=1 retryable=False expr_hash=e0045161c0e1
  [3/3] COMPLETE — group_neutralize(ts_decay_linear(ts_rank(short_ter
2026-08-16 12:33:38,408 INFO [brain_api] Batch simulate stream complete candidate_count=3
2026-08-16 12:33:38,409 INFO [brain_api] Batch simulate stream start candidate_count=3 concurrency=3 max_retries=2
2026-08-16 12:33:38,410 INFO [brain_api] Simulation submit start expr_hash=4266b11fcb01 expr_len=88 settings_keys=['decay', 'delay', 'instrumentType', 'language', 'maxPosition', 'maxTrade', 'nanHandling', 'neutralization', 'pasteurization', 'region', 'truncation', 'unitHandling', 'universe', 'visualization']
2026-08-16 12:33:38,412 INFO [brain_api] Simulation submit start expr_hash=f222b2c4feb8 expr_len=94 settings_keys=['decay', 'delay', 'instrumentType', 'language', 'maxPosition', 'maxTrade', 'nanHandling', 'neutralization', 'pasteurization', 'region', 'truncation', 'unitHandling', 'universe', 'visualization']
2026-08-16 12:33:38,413 INFO [brain_api] Simulation submit start expr_hash=411ffdd3a71f expr_len=128 settings_keys=['decay', 'delay', 'instrumentType', 'language', 'maxPosition', 'maxTrade', 'nanHandling', 'neutralization', 'pasteurization', 'region', 'truncation', 'unitHandling', 'universe', 'visualization']
2026-08-16 12:33:38,738 INFO [brain_api] Simulation created sim_id=4mk5xw1AA4J4bHe1g6934g8b expr_hash=4266b11fcb01
2026-08-16 12:33:38,738 INFO [brain_api] Polling simulation start sim_id=4mk5xw1AA4J4bHe1g6934g8b timeout=600s
2026-08-16 12:33:39,315 INFO [brain_api] Polling simulation status changed sim_id=4mk5xw1AA4J4bHe1g6934g8b status=UNKNOWN
2026-08-16 12:33:39,623 INFO [brain_api] Simulation created sim_id=1vdMYf3K74jHccjP6NNu6Lk expr_hash=f222b2c4feb8
2026-08-16 12:33:39,623 INFO [brain_api] Polling simulation start sim_id=1vdMYf3K74jHccjP6NNu6Lk timeout=600s
2026-08-16 12:33:39,626 INFO [brain_api] Simulation created sim_id=1LsyNW8aq5fp9L4RAyBIKFZ expr_hash=411ffdd3a71f
2026-08-16 12:33:39,626 INFO [brain_api] Polling simulation start sim_id=1LsyNW8aq5fp9L4RAyBIKFZ timeout=600s
2026-08-16 12:33:39,933 INFO [brain_api] Polling simulation status changed sim_id=1vdMYf3K74jHccjP6NNu6Lk status=UNKNOWN
2026-08-16 12:33:39,935 INFO [brain_api] Polling simulation status changed sim_id=1LsyNW8aq5fp9L4RAyBIKFZ status=ERROR
2026-08-16 12:33:39,935 INFO [brain_api] Polling simulation failed sim_id=1LsyNW8aq5fp9L4RAyBIKFZ status=ERROR data_keys=['id', 'links', 'location', 'message', 'status', 'type']
2026-08-16 12:33:39,935 INFO [brain_api] Simulation finished non-complete sim_id=1LsyNW8aq5fp9L4RAyBIKFZ status=ERROR expr_hash=411ffdd3a71f status_code=None error_hash=None
2026-08-16 12:33:39,935 INFO [brain_api] Stream simulation candidate finished batch_idx=2 status=ERROR attempts=1 retryable=False expr_hash=411ffdd3a71f
  ✓ JjGJkArO | sharpe=1.31 fitness=0.52 turnover=0.2798
[batch 16/69] Mô phỏng 3 candidates...
  [1/3] ERROR — group_neutralize(ts_rank(short_term_price_change_2
2026-08-16 12:34:08,416 INFO [brain_api] Batch heartbeat ts=2026-08-16T05:34:08.416715+00:00 elapsed=30s progress=1/3 in_flight=2 last_status=ERROR
  ✗ ERROR: unknown error
  [heartbeat] 12:34:08 elapsed=30s 1/3 in_flight=2 last=ERROR
2026-08-16 12:34:38,424 INFO [brain_api] Batch heartbeat ts=2026-08-16T05:34:38.424054+00:00 elapsed=60s progress=1/3 in_flight=2 last_status=ERROR
  [heartbeat] 12:34:38 elapsed=60s 1/3 in_flight=2 last=ERROR
2026-08-16 12:35:05,143 INFO [brain_api] Polling simulation status changed sim_id=4mk5xw1AA4J4bHe1g6934g8b status=COMPLETE
2026-08-16 12:35:05,143 INFO [brain_api] Polling simulation terminal sim_id=4mk5xw1AA4J4bHe1g6934g8b status=COMPLETE alpha_id=O0GXXawR
2026-08-16 12:35:05,143 INFO [brain_api] Fetching alpha details alpha_id=O0GXXawR retries=3
2026-08-16 12:35:05,501 INFO [brain_api] Fetched alpha details alpha_id=O0GXXawR status=UNSUBMITTED sharpe=1.53 fitness=0.53 turnover=0.4329
2026-08-16 12:35:05,501 INFO [brain_api] Simulation complete alpha_id=O0GXXawR sharpe=1.53 fitness=0.53 turnover=0.4329 expr_hash=4266b11fcb01
2026-08-16 12:35:05,502 INFO [brain_api] Stream simulation candidate finished batch_idx=0 status=COMPLETE attempts=1 retryable=False expr_hash=4266b11fcb01
  [2/3] COMPLETE — group_rank(ts_rank(short_term_price_change_2, 3) *
2026-08-16 12:35:08,430 INFO [brain_api] Batch heartbeat ts=2026-08-16T05:35:08.430721+00:00 elapsed=90s progress=2/3 in_flight=1 last_status=COMPLETE
  ✓ O0GXXawR | sharpe=1.53 fitness=0.53 turnover=0.4329
  [heartbeat] 12:35:08 elapsed=90s 2/3 in_flight=1 last=COMPLETE
2026-08-16 12:35:38,437 INFO [brain_api] Batch heartbeat ts=2026-08-16T05:35:38.437715+00:00 elapsed=120s progress=2/3 in_flight=1 last_status=COMPLETE
  [heartbeat] 12:35:38 elapsed=120s 2/3 in_flight=1 last=COMPLETE
2026-08-16 12:36:08,445 INFO [brain_api] Batch heartbeat ts=2026-08-16T05:36:08.445054+00:00 elapsed=150s progress=2/3 in_flight=1 last_status=COMPLETE
  [heartbeat] 12:36:08 elapsed=150s 2/3 in_flight=1 last=COMPLETE
2026-08-16 12:36:13,038 INFO [brain_api] Polling simulation status changed sim_id=1vdMYf3K74jHccjP6NNu6Lk status=COMPLETE
2026-08-16 12:36:13,038 INFO [brain_api] Polling simulation terminal sim_id=1vdMYf3K74jHccjP6NNu6Lk status=COMPLETE alpha_id=E5GPPaRR
2026-08-16 12:36:13,038 INFO [brain_api] Fetching alpha details alpha_id=E5GPPaRR retries=3
2026-08-16 12:36:13,469 INFO [brain_api] Fetched alpha details alpha_id=E5GPPaRR status=UNSUBMITTED sharpe=1.77 fitness=0.7 turnover=0.4248
2026-08-16 12:36:13,469 INFO [brain_api] Simulation complete alpha_id=E5GPPaRR sharpe=1.77 fitness=0.7 turnover=0.4248 expr_hash=f222b2c4feb8
2026-08-16 12:36:13,470 INFO [brain_api] Stream simulation candidate finished batch_idx=1 status=COMPLETE attempts=1 retryable=False expr_hash=f222b2c4feb8
  [3/3] COMPLETE — group_neutralize(ts_rank(short_term_price_change_2
2026-08-16 12:36:13,472 INFO [brain_api] Batch simulate stream complete candidate_count=3
2026-08-16 12:36:13,473 INFO [brain_api] Batch simulate stream start candidate_count=3 concurrency=3 max_retries=2
2026-08-16 12:36:13,474 INFO [brain_api] Simulation submit start expr_hash=359b39d9903f expr_len=128 settings_keys=['decay', 'delay', 'instrumentType', 'language', 'maxPosition', 'maxTrade', 'nanHandling', 'neutralization', 'pasteurization', 'region', 'truncation', 'unitHandling', 'universe', 'visualization']
2026-08-16 12:36:13,474 INFO [brain_api] Simulation submit start expr_hash=791971a12577 expr_len=104 settings_keys=['decay', 'delay', 'instrumentType', 'language', 'maxPosition', 'maxTrade', 'nanHandling', 'neutralization', 'pasteurization', 'region', 'truncation', 'unitHandling', 'universe', 'visualization']
2026-08-16 12:36:13,479 INFO [brain_api] Simulation submit start expr_hash=f0f721545b62 expr_len=114 settings_keys=['decay', 'delay', 'instrumentType', 'language', 'maxPosition', 'maxTrade', 'nanHandling', 'neutralization', 'pasteurization', 'region', 'truncation', 'unitHandling', 'universe', 'visualization']
2026-08-16 12:36:13,775 INFO [brain_api] Simulation created sim_id=4jgXWjgPg53m9mS14h6tOaRw expr_hash=359b39d9903f
2026-08-16 12:36:13,775 INFO [brain_api] Polling simulation start sim_id=4jgXWjgPg53m9mS14h6tOaRw timeout=600s
2026-08-16 12:36:14,358 INFO [brain_api] Polling simulation status changed sim_id=4jgXWjgPg53m9mS14h6tOaRw status=UNKNOWN
2026-08-16 12:36:15,377 INFO [brain_api] Increasing BRAIN concurrency new_concurrency=8
  ✓ E5GPPaRR | sharpe=1.77 fitness=0.70 turnover=0.4248
[batch 17/69] Mô phỏng 3 candidates...
[brain_api] Success streak, concurrency -> 8
2026-08-16 12:36:15,377 INFO [brain_api] Simulation created sim_id=2c705x3Ty4Yg8NL4mHVK4J8 expr_hash=f0f721545b62
2026-08-16 12:36:15,377 INFO [brain_api] Polling simulation start sim_id=2c705x3Ty4Yg8NL4mHVK4J8 timeout=600s
2026-08-16 12:36:15,581 INFO [brain_api] Simulation created sim_id=fqR9Xwp4wV9Kr1avyMcDIC expr_hash=791971a12577
2026-08-16 12:36:15,581 INFO [brain_api] Polling simulation start sim_id=fqR9Xwp4wV9Kr1avyMcDIC timeout=600s
2026-08-16 12:36:15,686 INFO [brain_api] Polling simulation status changed sim_id=2c705x3Ty4Yg8NL4mHVK4J8 status=UNKNOWN
2026-08-16 12:36:16,000 INFO [brain_api] Polling simulation status changed sim_id=fqR9Xwp4wV9Kr1avyMcDIC status=UNKNOWN
2026-08-16 12:36:19,691 INFO [brain_api] Polling simulation status changed sim_id=4jgXWjgPg53m9mS14h6tOaRw status=ERROR
2026-08-16 12:36:19,691 INFO [brain_api] Polling simulation failed sim_id=4jgXWjgPg53m9mS14h6tOaRw status=ERROR data_keys=['id', 'links', 'location', 'message', 'status', 'type']
2026-08-16 12:36:19,691 INFO [brain_api] Simulation finished non-complete sim_id=4jgXWjgPg53m9mS14h6tOaRw status=ERROR expr_hash=359b39d9903f status_code=None error_hash=None
2026-08-16 12:36:19,692 INFO [brain_api] Stream simulation candidate finished batch_idx=0 status=ERROR attempts=1 retryable=False expr_hash=359b39d9903f
  [1/3] ERROR — group_neutralize(ts_rank(short_term_price_change_2
2026-08-16 12:36:43,479 INFO [brain_api] Batch heartbeat ts=2026-08-16T05:36:43.479727+00:00 elapsed=30s progress=1/3 in_flight=2 last_status=ERROR
  ✗ ERROR: unknown error
  [heartbeat] 12:36:43 elapsed=30s 1/3 in_flight=2 last=ERROR
2026-08-16 12:37:13,486 INFO [brain_api] Batch heartbeat ts=2026-08-16T05:37:13.486568+00:00 elapsed=60s progress=1/3 in_flight=2 last_status=ERROR
  [heartbeat] 12:37:13 elapsed=60s 1/3 in_flight=2 last=ERROR
2026-08-16 12:37:41,907 INFO [brain_api] Polling simulation status changed sim_id=fqR9Xwp4wV9Kr1avyMcDIC status=COMPLETE
2026-08-16 12:37:41,907 INFO [brain_api] Polling simulation terminal sim_id=fqR9Xwp4wV9Kr1avyMcDIC status=COMPLETE alpha_id=88pxxpdW
2026-08-16 12:37:41,907 INFO [brain_api] Fetching alpha details alpha_id=88pxxpdW retries=3
2026-08-16 12:37:42,300 INFO [brain_api] Fetched alpha details alpha_id=88pxxpdW status=UNSUBMITTED sharpe=1.93 fitness=0.86 turnover=0.4528
2026-08-16 12:37:42,300 INFO [brain_api] Simulation complete alpha_id=88pxxpdW sharpe=1.93 fitness=0.86 turnover=0.4528 expr_hash=791971a12577
2026-08-16 12:37:42,301 INFO [brain_api] Stream simulation candidate finished batch_idx=1 status=COMPLETE attempts=1 retryable=False expr_hash=791971a12577
  [2/3] COMPLETE — group_neutralize(rank(ts_rank(short_term_price_cha
2026-08-16 12:37:43,492 INFO [brain_api] Batch heartbeat ts=2026-08-16T05:37:43.492902+00:00 elapsed=90s progress=2/3 in_flight=1 last_status=COMPLETE
  ✓ 88pxxpdW | sharpe=1.93 fitness=0.86 turnover=0.4528
  [heartbeat] 12:37:43 elapsed=90s 2/3 in_flight=1 last=COMPLETE
2026-08-16 12:38:13,499 INFO [brain_api] Batch heartbeat ts=2026-08-16T05:38:13.499741+00:00 elapsed=120s progress=2/3 in_flight=1 last_status=COMPLETE
  [heartbeat] 12:38:13 elapsed=120s 2/3 in_flight=1 last=COMPLETE
2026-08-16 12:38:30,141 INFO [brain_api] Polling simulation status changed sim_id=2c705x3Ty4Yg8NL4mHVK4J8 status=COMPLETE
2026-08-16 12:38:30,141 INFO [brain_api] Polling simulation terminal sim_id=2c705x3Ty4Yg8NL4mHVK4J8 status=COMPLETE alpha_id=j26KKe0Z
2026-08-16 12:38:30,142 INFO [brain_api] Fetching alpha details alpha_id=j26KKe0Z retries=3
2026-08-16 12:38:30,650 INFO [brain_api] Fetched alpha details alpha_id=j26KKe0Z status=UNSUBMITTED sharpe=1.3 fitness=0.53 turnover=0.2775
2026-08-16 12:38:30,651 INFO [brain_api] Simulation complete alpha_id=j26KKe0Z sharpe=1.3 fitness=0.53 turnover=0.2775 expr_hash=f0f721545b62
2026-08-16 12:38:30,651 INFO [brain_api] Stream simulation candidate finished batch_idx=2 status=COMPLETE attempts=1 retryable=False expr_hash=f0f721545b62
  [3/3] COMPLETE — group_neutralize(ts_decay_linear(ts_rank(short_ter
2026-08-16 12:38:30,653 INFO [brain_api] Batch simulate stream complete candidate_count=3
2026-08-16 12:38:30,653 INFO [brain_api] Batch simulate stream start candidate_count=3 concurrency=3 max_retries=2
2026-08-16 12:38:30,654 INFO [brain_api] Simulation submit start expr_hash=5ad841e5899e expr_len=72 settings_keys=['decay', 'delay', 'instrumentType', 'language', 'maxPosition', 'maxTrade', 'nanHandling', 'neutralization', 'pasteurization', 'region', 'truncation', 'unitHandling', 'universe', 'visualization']
2026-08-16 12:38:30,655 INFO [brain_api] Simulation submit start expr_hash=081df7b0fe3e expr_len=91 settings_keys=['decay', 'delay', 'instrumentType', 'language', 'maxPosition', 'maxTrade', 'nanHandling', 'neutralization', 'pasteurization', 'region', 'truncation', 'unitHandling', 'universe', 'visualization']
2026-08-16 12:38:30,659 INFO [brain_api] Simulation submit start expr_hash=4bc9ea5b27c0 expr_len=97 settings_keys=['decay', 'delay', 'instrumentType', 'language', 'maxPosition', 'maxTrade', 'nanHandling', 'neutralization', 'pasteurization', 'region', 'truncation', 'unitHandling', 'universe', 'visualization']
2026-08-16 12:38:30,965 INFO [brain_api] Simulation created sim_id=2qHIoq9lC5dl9SKG8j6gqY1 expr_hash=081df7b0fe3e
2026-08-16 12:38:30,965 INFO [brain_api] Polling simulation start sim_id=2qHIoq9lC5dl9SKG8j6gqY1 timeout=600s
2026-08-16 12:38:31,449 INFO [brain_api] Polling simulation status changed sim_id=2qHIoq9lC5dl9SKG8j6gqY1 status=UNKNOWN
2026-08-16 12:38:32,595 INFO [brain_api] Simulation created sim_id=1WMyRg3t653pc06K9qbJO3a expr_hash=5ad841e5899e
2026-08-16 12:38:32,595 INFO [brain_api] Polling simulation start sim_id=1WMyRg3t653pc06K9qbJO3a timeout=600s
2026-08-16 12:38:32,595 INFO [brain_api] Simulation created sim_id=uY3wm5dL4vYbpHKzE8J00R expr_hash=4bc9ea5b27c0
2026-08-16 12:38:32,596 INFO [brain_api] Polling simulation start sim_id=uY3wm5dL4vYbpHKzE8J00R timeout=600s
2026-08-16 12:38:32,919 INFO [brain_api] Polling simulation status changed sim_id=1WMyRg3t653pc06K9qbJO3a status=UNKNOWN
2026-08-16 12:38:32,920 INFO [brain_api] Polling simulation status changed sim_id=uY3wm5dL4vYbpHKzE8J00R status=UNKNOWN
2026-08-16 12:39:00,660 INFO [brain_api] Batch heartbeat ts=2026-08-16T05:39:00.660534+00:00 elapsed=30s progress=0/3 in_flight=3 last_status=-
  ✓ j26KKe0Z | sharpe=1.30 fitness=0.53 turnover=0.2775
[batch 18/69] Mô phỏng 3 candidates...
  [heartbeat] 12:39:00 elapsed=30s 0/3 in_flight=3 last=-
2026-08-16 12:39:30,667 INFO [brain_api] Batch heartbeat ts=2026-08-16T05:39:30.667179+00:00 elapsed=60s progress=0/3 in_flight=3 last_status=-
  [heartbeat] 12:39:30 elapsed=60s 0/3 in_flight=3 last=-
2026-08-16 12:40:00,674 INFO [brain_api] Batch heartbeat ts=2026-08-16T05:40:00.674852+00:00 elapsed=90s progress=0/3 in_flight=3 last_status=-
  [heartbeat] 12:40:00 elapsed=90s 0/3 in_flight=3 last=-
2026-08-16 12:40:30,682 INFO [brain_api] Batch heartbeat ts=2026-08-16T05:40:30.682124+00:00 elapsed=120s progress=0/3 in_flight=3 last_status=-
  [heartbeat] 12:40:30 elapsed=120s 0/3 in_flight=3 last=-
2026-08-16 12:40:36,920 INFO [brain_api] Polling simulation status changed sim_id=1WMyRg3t653pc06K9qbJO3a status=COMPLETE
2026-08-16 12:40:36,920 INFO [brain_api] Polling simulation terminal sim_id=1WMyRg3t653pc06K9qbJO3a status=COMPLETE alpha_id=LLGYw2o6
2026-08-16 12:40:36,920 INFO [brain_api] Fetching alpha details alpha_id=LLGYw2o6 retries=3
2026-08-16 12:40:37,329 INFO [brain_api] Fetched alpha details alpha_id=LLGYw2o6 status=UNSUBMITTED sharpe=1.51 fitness=0.53 turnover=0.4284
2026-08-16 12:40:37,329 INFO [brain_api] Simulation complete alpha_id=LLGYw2o6 sharpe=1.51 fitness=0.53 turnover=0.4284 expr_hash=5ad841e5899e
2026-08-16 12:40:37,329 INFO [brain_api] Stream simulation candidate finished batch_idx=0 status=COMPLETE attempts=1 retryable=False expr_hash=5ad841e5899e
  [1/3] COMPLETE — rank(ts_rank(short_term_price_change_2, 3) * (1 - 
2026-08-16 12:41:00,690 INFO [brain_api] Batch heartbeat ts=2026-08-16T05:41:00.690275+00:00 elapsed=150s progress=1/3 in_flight=2 last_status=COMPLETE
  ✓ LLGYw2o6 | sharpe=1.51 fitness=0.53 turnover=0.4284
  [heartbeat] 12:41:00 elapsed=150s 1/3 in_flight=2 last=COMPLETE
2026-08-16 12:41:07,335 INFO [brain_api] Polling simulation status changed sim_id=uY3wm5dL4vYbpHKzE8J00R status=COMPLETE
2026-08-16 12:41:07,335 INFO [brain_api] Polling simulation terminal sim_id=uY3wm5dL4vYbpHKzE8J00R status=COMPLETE alpha_id=omN0j1Ev
2026-08-16 12:41:07,335 INFO [brain_api] Fetching alpha details alpha_id=omN0j1Ev retries=3
2026-08-16 12:41:07,739 INFO [brain_api] Fetched alpha details alpha_id=omN0j1Ev status=UNSUBMITTED sharpe=1.75 fitness=0.69 turnover=0.4245
2026-08-16 12:41:07,739 INFO [brain_api] Simulation complete alpha_id=omN0j1Ev sharpe=1.75 fitness=0.69 turnover=0.4245 expr_hash=4bc9ea5b27c0
2026-08-16 12:41:07,740 INFO [brain_api] Stream simulation candidate finished batch_idx=2 status=COMPLETE attempts=1 retryable=False expr_hash=4bc9ea5b27c0
  [2/3] COMPLETE — group_neutralize(ts_rank(short_term_price_change_2
2026-08-16 12:41:08,766 INFO [brain_api] Polling simulation status changed sim_id=2qHIoq9lC5dl9SKG8j6gqY1 status=COMPLETE
2026-08-16 12:41:08,766 INFO [brain_api] Polling simulation terminal sim_id=2qHIoq9lC5dl9SKG8j6gqY1 status=COMPLETE alpha_id=GrG5jra0
2026-08-16 12:41:08,766 INFO [brain_api] Fetching alpha details alpha_id=GrG5jra0 retries=3
2026-08-16 12:41:09,173 INFO [brain_api] Fetched alpha details alpha_id=GrG5jra0 status=UNSUBMITTED sharpe=1.59 fitness=0.55 turnover=0.4413
2026-08-16 12:41:09,173 INFO [brain_api] Simulation complete alpha_id=GrG5jra0 sharpe=1.59 fitness=0.55 turnover=0.4413 expr_hash=081df7b0fe3e
2026-08-16 12:41:09,173 INFO [brain_api] Stream simulation candidate finished batch_idx=1 status=COMPLETE attempts=1 retryable=False expr_hash=081df7b0fe3e
  ✓ omN0j1Ev | sharpe=1.75 fitness=0.69 turnover=0.4245
  [3/3] COMPLETE — group_rank(ts_rank(short_term_price_change_2, 3) *
2026-08-16 12:41:09,175 INFO [brain_api] Batch simulate stream complete candidate_count=3
2026-08-16 12:41:09,176 INFO [brain_api] Batch simulate stream start candidate_count=3 concurrency=3 max_retries=2
2026-08-16 12:41:09,177 INFO [brain_api] Simulation submit start expr_hash=44e25a059194 expr_len=131 settings_keys=['decay', 'delay', 'instrumentType', 'language', 'maxPosition', 'maxTrade', 'nanHandling', 'neutralization', 'pasteurization', 'region', 'truncation', 'unitHandling', 'universe', 'visualization']
2026-08-16 12:41:09,179 INFO [brain_api] Simulation submit start expr_hash=0ee60d839073 expr_len=131 settings_keys=['decay', 'delay', 'instrumentType', 'language', 'maxPosition', 'maxTrade', 'nanHandling', 'neutralization', 'pasteurization', 'region', 'truncation', 'unitHandling', 'universe', 'visualization']
2026-08-16 12:41:09,180 INFO [brain_api] Simulation submit start expr_hash=3dbf7a86b5c9 expr_len=107 settings_keys=['decay', 'delay', 'instrumentType', 'language', 'maxPosition', 'maxTrade', 'nanHandling', 'neutralization', 'pasteurization', 'region', 'truncation', 'unitHandling', 'universe', 'visualization']
2026-08-16 12:41:09,586 INFO [brain_api] Simulation created sim_id=48CnUR8AD4QkaItIPYJQDn4 expr_hash=44e25a059194
2026-08-16 12:41:09,586 INFO [brain_api] Polling simulation start sim_id=48CnUR8AD4QkaItIPYJQDn4 timeout=600s
2026-08-16 12:41:09,859 INFO [brain_api] Polling simulation status changed sim_id=48CnUR8AD4QkaItIPYJQDn4 status=ERROR
2026-08-16 12:41:09,860 INFO [brain_api] Polling simulation failed sim_id=48CnUR8AD4QkaItIPYJQDn4 status=ERROR data_keys=['id', 'links', 'location', 'message', 'status', 'type']
2026-08-16 12:41:09,860 INFO [brain_api] Simulation finished non-complete sim_id=48CnUR8AD4QkaItIPYJQDn4 status=ERROR expr_hash=44e25a059194 status_code=None error_hash=None
2026-08-16 12:41:09,860 INFO [brain_api] Stream simulation candidate finished batch_idx=0 status=ERROR attempts=1 retryable=False expr_hash=44e25a059194
  ✓ GrG5jra0 | sharpe=1.59 fitness=0.55 turnover=0.4413
[batch 19/69] Mô phỏng 3 candidates...
  [1/3] ERROR — group_neutralize(ts_rank(short_term_price_change_2
2026-08-16 12:41:10,411 INFO [brain_api] Simulation created sim_id=4cafJZ5nh4vg9QlueHk1CTk expr_hash=0ee60d839073
2026-08-16 12:41:10,411 INFO [brain_api] Polling simulation start sim_id=4cafJZ5nh4vg9QlueHk1CTk timeout=600s
2026-08-16 12:41:10,413 INFO [brain_api] Simulation created sim_id=2kyiKh1k4QGbBUZV24WLz0 expr_hash=3dbf7a86b5c9
2026-08-16 12:41:10,413 INFO [brain_api] Polling simulation start sim_id=2kyiKh1k4QGbBUZV24WLz0 timeout=600s
2026-08-16 12:41:10,681 INFO [brain_api] Polling simulation status changed sim_id=2kyiKh1k4QGbBUZV24WLz0 status=UNKNOWN
2026-08-16 12:41:10,689 INFO [brain_api] Polling simulation status changed sim_id=4cafJZ5nh4vg9QlueHk1CTk status=ERROR
2026-08-16 12:41:10,689 INFO [brain_api] Polling simulation failed sim_id=4cafJZ5nh4vg9QlueHk1CTk status=ERROR data_keys=['id', 'links', 'location', 'message', 'status', 'type']
2026-08-16 12:41:10,689 INFO [brain_api] Simulation finished non-complete sim_id=4cafJZ5nh4vg9QlueHk1CTk status=ERROR expr_hash=0ee60d839073 status_code=None error_hash=None
2026-08-16 12:41:10,689 INFO [brain_api] Stream simulation candidate finished batch_idx=1 status=ERROR attempts=1 retryable=False expr_hash=0ee60d839073
  ✗ ERROR: unknown error
  [2/3] ERROR — group_neutralize(ts_rank(short_term_price_change_2
2026-08-16 12:41:39,183 INFO [brain_api] Batch heartbeat ts=2026-08-16T05:41:39.183187+00:00 elapsed=30s progress=2/3 in_flight=1 last_status=ERROR
  ✗ ERROR: unknown error
  [heartbeat] 12:41:39 elapsed=30s 2/3 in_flight=1 last=ERROR
2026-08-16 12:42:09,190 INFO [brain_api] Batch heartbeat ts=2026-08-16T05:42:09.190114+00:00 elapsed=60s progress=2/3 in_flight=1 last_status=ERROR
  [heartbeat] 12:42:09 elapsed=60s 2/3 in_flight=1 last=ERROR
2026-08-16 12:42:39,197 INFO [brain_api] Batch heartbeat ts=2026-08-16T05:42:39.197473+00:00 elapsed=90s progress=2/3 in_flight=1 last_status=ERROR
  [heartbeat] 12:42:39 elapsed=90s 2/3 in_flight=1 last=ERROR
2026-08-16 12:43:08,775 INFO [brain_api] Polling simulation status changed sim_id=2kyiKh1k4QGbBUZV24WLz0 status=COMPLETE
2026-08-16 12:43:08,775 INFO [brain_api] Polling simulation terminal sim_id=2kyiKh1k4QGbBUZV24WLz0 status=COMPLETE alpha_id=vRNX79Aw
2026-08-16 12:43:08,775 INFO [brain_api] Fetching alpha details alpha_id=vRNX79Aw retries=3
2026-08-16 12:43:09,193 INFO [brain_api] Fetched alpha details alpha_id=vRNX79Aw status=UNSUBMITTED sharpe=1.93 fitness=0.86 turnover=0.4525
2026-08-16 12:43:09,193 INFO [brain_api] Simulation complete alpha_id=vRNX79Aw sharpe=1.93 fitness=0.86 turnover=0.4525 expr_hash=3dbf7a86b5c9
2026-08-16 12:43:09,193 INFO [brain_api] Stream simulation candidate finished batch_idx=2 status=COMPLETE attempts=1 retryable=False expr_hash=3dbf7a86b5c9
  [3/3] COMPLETE — group_neutralize(rank(ts_rank(short_term_price_cha
2026-08-16 12:43:09,195 INFO [brain_api] Batch simulate stream complete candidate_count=3
2026-08-16 12:43:09,196 INFO [brain_api] Batch simulate stream start candidate_count=3 concurrency=3 max_retries=2
2026-08-16 12:43:09,197 INFO [brain_api] Simulation submit start expr_hash=5ae4308fada2 expr_len=117 settings_keys=['decay', 'delay', 'instrumentType', 'language', 'maxPosition', 'maxTrade', 'nanHandling', 'neutralization', 'pasteurization', 'region', 'truncation', 'unitHandling', 'universe', 'visualization']
2026-08-16 12:43:09,197 INFO [brain_api] Simulation submit start expr_hash=c2437a79909a expr_len=72 settings_keys=['decay', 'delay', 'instrumentType', 'language', 'maxPosition', 'maxTrade', 'nanHandling', 'neutralization', 'pasteurization', 'region', 'truncation', 'unitHandling', 'universe', 'visualization']
2026-08-16 12:43:09,199 INFO [brain_api] Simulation submit start expr_hash=c6818c4329e1 expr_len=88 settings_keys=['decay', 'delay', 'instrumentType', 'language', 'maxPosition', 'maxTrade', 'nanHandling', 'neutralization', 'pasteurization', 'region', 'truncation', 'unitHandling', 'universe', 'visualization']
2026-08-16 12:43:09,808 INFO [brain_api] Simulation created sim_id=3kDaTSfI852x8wym7rR73zz expr_hash=5ae4308fada2
2026-08-16 12:43:09,808 INFO [brain_api] Polling simulation start sim_id=3kDaTSfI852x8wym7rR73zz timeout=600s
2026-08-16 12:43:10,220 INFO [brain_api] Polling simulation status changed sim_id=3kDaTSfI852x8wym7rR73zz status=UNKNOWN
2026-08-16 12:43:10,833 INFO [brain_api] Simulation created sim_id=35EtTz7cb53D9iWRdA7NSrn expr_hash=c6818c4329e1
2026-08-16 12:43:10,833 INFO [brain_api] Polling simulation start sim_id=35EtTz7cb53D9iWRdA7NSrn timeout=600s
2026-08-16 12:43:10,932 INFO [brain_api] Simulation created sim_id=4FATIB6JW4ZycbhESTms3Sv expr_hash=c2437a79909a
2026-08-16 12:43:10,932 INFO [brain_api] Polling simulation start sim_id=4FATIB6JW4ZycbhESTms3Sv timeout=600s
2026-08-16 12:43:11,240 INFO [brain_api] Polling simulation status changed sim_id=35EtTz7cb53D9iWRdA7NSrn status=UNKNOWN
2026-08-16 12:43:11,241 INFO [brain_api] Polling simulation status changed sim_id=4FATIB6JW4ZycbhESTms3Sv status=UNKNOWN
2026-08-16 12:43:39,202 INFO [brain_api] Batch heartbeat ts=2026-08-16T05:43:39.202896+00:00 elapsed=30s progress=0/3 in_flight=3 last_status=-
  ✓ vRNX79Aw | sharpe=1.93 fitness=0.86 turnover=0.4525
[batch 20/69] Mô phỏng 3 candidates...
  [heartbeat] 12:43:39 elapsed=30s 0/3 in_flight=3 last=-
2026-08-16 12:44:09,209 INFO [brain_api] Batch heartbeat ts=2026-08-16T05:44:09.209778+00:00 elapsed=60s progress=0/3 in_flight=3 last_status=-
  [heartbeat] 12:44:09 elapsed=60s 0/3 in_flight=3 last=-
2026-08-16 12:44:39,217 INFO [brain_api] Batch heartbeat ts=2026-08-16T05:44:39.217244+00:00 elapsed=90s progress=0/3 in_flight=3 last_status=-
  [heartbeat] 12:44:39 elapsed=90s 0/3 in_flight=3 last=-
2026-08-16 12:45:09,224 INFO [brain_api] Batch heartbeat ts=2026-08-16T05:45:09.224674+00:00 elapsed=120s progress=0/3 in_flight=3 last_status=-
  [heartbeat] 12:45:09 elapsed=120s 0/3 in_flight=3 last=-
2026-08-16 12:45:30,611 INFO [brain_api] Polling simulation status changed sim_id=3kDaTSfI852x8wym7rR73zz status=COMPLETE
2026-08-16 12:45:30,612 INFO [brain_api] Polling simulation terminal sim_id=3kDaTSfI852x8wym7rR73zz status=COMPLETE alpha_id=KPGMAmO1
2026-08-16 12:45:30,612 INFO [brain_api] Fetching alpha details alpha_id=KPGMAmO1 retries=3
2026-08-16 12:45:31,222 INFO [brain_api] Fetched alpha details alpha_id=KPGMAmO1 status=UNSUBMITTED sharpe=1.3 fitness=0.53 turnover=0.2772
2026-08-16 12:45:31,223 INFO [brain_api] Simulation complete alpha_id=KPGMAmO1 sharpe=1.3 fitness=0.53 turnover=0.2772 expr_hash=5ae4308fada2
2026-08-16 12:45:31,223 INFO [brain_api] Stream simulation candidate finished batch_idx=0 status=COMPLETE attempts=1 retryable=False expr_hash=5ae4308fada2
  [1/3] COMPLETE — group_neutralize(ts_decay_linear(ts_rank(short_ter
2026-08-16 12:45:33,066 INFO [brain_api] Polling simulation status changed sim_id=35EtTz7cb53D9iWRdA7NSrn status=COMPLETE
2026-08-16 12:45:33,066 INFO [brain_api] Polling simulation terminal sim_id=35EtTz7cb53D9iWRdA7NSrn status=COMPLETE alpha_id=A1G8XQLg
2026-08-16 12:45:33,066 INFO [brain_api] Fetching alpha details alpha_id=A1G8XQLg retries=3
2026-08-16 12:45:33,585 INFO [brain_api] Fetched alpha details alpha_id=A1G8XQLg status=UNSUBMITTED sharpe=1.49 fitness=0.53 turnover=0.4023
2026-08-16 12:45:33,585 INFO [brain_api] Simulation complete alpha_id=A1G8XQLg sharpe=1.49 fitness=0.53 turnover=0.4023 expr_hash=c6818c4329e1
2026-08-16 12:45:33,586 INFO [brain_api] Stream simulation candidate finished batch_idx=2 status=COMPLETE attempts=1 retryable=False expr_hash=c6818c4329e1
  ✓ KPGMAmO1 | sharpe=1.30 fitness=0.53 turnover=0.2772
  [2/3] COMPLETE — group_rank(ts_rank(short_term_price_change_2, 5) *
2026-08-16 12:45:37,571 INFO [brain_api] Polling simulation status changed sim_id=4FATIB6JW4ZycbhESTms3Sv status=COMPLETE
2026-08-16 12:45:37,572 INFO [brain_api] Polling simulation terminal sim_id=4FATIB6JW4ZycbhESTms3Sv status=COMPLETE alpha_id=pwNebdJ3
2026-08-16 12:45:37,572 INFO [brain_api] Fetching alpha details alpha_id=pwNebdJ3 retries=3
2026-08-16 12:45:37,982 INFO [brain_api] Fetched alpha details alpha_id=pwNebdJ3 status=UNSUBMITTED sharpe=1.48 fitness=0.53 turnover=0.3971
2026-08-16 12:45:37,982 INFO [brain_api] Simulation complete alpha_id=pwNebdJ3 sharpe=1.48 fitness=0.53 turnover=0.3971 expr_hash=c2437a79909a
2026-08-16 12:45:37,982 INFO [brain_api] Stream simulation candidate finished batch_idx=1 status=COMPLETE attempts=1 retryable=False expr_hash=c2437a79909a
  ✓ A1G8XQLg | sharpe=1.49 fitness=0.53 turnover=0.4023
  [3/3] COMPLETE — rank(ts_rank(short_term_price_change_2, 5) * (1 - 
2026-08-16 12:45:37,984 INFO [brain_api] Batch simulate stream complete candidate_count=3
2026-08-16 12:45:37,985 INFO [brain_api] Batch simulate stream start candidate_count=3 concurrency=3 max_retries=2
2026-08-16 12:45:37,986 INFO [brain_api] Simulation submit start expr_hash=bd5f36821da9 expr_len=94 settings_keys=['decay', 'delay', 'instrumentType', 'language', 'maxPosition', 'maxTrade', 'nanHandling', 'neutralization', 'pasteurization', 'region', 'truncation', 'unitHandling', 'universe', 'visualization']
2026-08-16 12:45:37,986 INFO [brain_api] Simulation submit start expr_hash=169e025dd83a expr_len=128 settings_keys=['decay', 'delay', 'instrumentType', 'language', 'maxPosition', 'maxTrade', 'nanHandling', 'neutralization', 'pasteurization', 'region', 'truncation', 'unitHandling', 'universe', 'visualization']
2026-08-16 12:45:37,990 INFO [brain_api] Simulation submit start expr_hash=7ddd6b1520d5 expr_len=128 settings_keys=['decay', 'delay', 'instrumentType', 'language', 'maxPosition', 'maxTrade', 'nanHandling', 'neutralization', 'pasteurization', 'region', 'truncation', 'unitHandling', 'universe', 'visualization']
2026-08-16 12:45:38,497 INFO [brain_api] Simulation created sim_id=1n9Xtm8hL5aY8AhSx2TW93y expr_hash=bd5f36821da9
2026-08-16 12:45:38,498 INFO [brain_api] Polling simulation start sim_id=1n9Xtm8hL5aY8AhSx2TW93y timeout=600s
2026-08-16 12:45:39,004 INFO [brain_api] Polling simulation status changed sim_id=1n9Xtm8hL5aY8AhSx2TW93y status=UNKNOWN
2026-08-16 12:45:39,931 INFO [brain_api] Simulation created sim_id=pUUbdgsw5b08yF104wq8b3q expr_hash=7ddd6b1520d5
2026-08-16 12:45:39,931 INFO [brain_api] Polling simulation start sim_id=pUUbdgsw5b08yF104wq8b3q timeout=600s
2026-08-16 12:45:40,335 INFO [brain_api] Polling simulation status changed sim_id=pUUbdgsw5b08yF104wq8b3q status=UNKNOWN
2026-08-16 12:45:42,283 INFO [brain_api] Simulation created sim_id=4cZTylgtk4Utc57q5BnLKe4 expr_hash=169e025dd83a
2026-08-16 12:45:42,283 INFO [brain_api] Polling simulation start sim_id=4cZTylgtk4Utc57q5BnLKe4 timeout=600s
2026-08-16 12:45:42,685 INFO [brain_api] Polling simulation status changed sim_id=4cZTylgtk4Utc57q5BnLKe4 status=ERROR
2026-08-16 12:45:42,685 INFO [brain_api] Polling simulation failed sim_id=4cZTylgtk4Utc57q5BnLKe4 status=ERROR data_keys=['id', 'links', 'location', 'message', 'status', 'type']
2026-08-16 12:45:42,690 INFO [brain_api] Simulation finished non-complete sim_id=4cZTylgtk4Utc57q5BnLKe4 status=ERROR expr_hash=169e025dd83a status_code=None error_hash=None
2026-08-16 12:45:42,690 INFO [brain_api] Stream simulation candidate finished batch_idx=1 status=ERROR attempts=1 retryable=False expr_hash=169e025dd83a
  ✓ pwNebdJ3 | sharpe=1.48 fitness=0.53 turnover=0.3971
[batch 21/69] Mô phỏng 3 candidates...
  [1/3] ERROR — group_neutralize(ts_rank(short_term_price_change_2
2026-08-16 12:46:07,992 INFO [brain_api] Batch heartbeat ts=2026-08-16T05:46:07.992571+00:00 elapsed=30s progress=1/3 in_flight=2 last_status=ERROR
  ✗ ERROR: unknown error
  [heartbeat] 12:46:07 elapsed=30s 1/3 in_flight=2 last=ERROR
2026-08-16 12:46:37,999 INFO [brain_api] Batch heartbeat ts=2026-08-16T05:46:37.999092+00:00 elapsed=60s progress=1/3 in_flight=2 last_status=ERROR
  [heartbeat] 12:46:37 elapsed=60s 1/3 in_flight=2 last=ERROR
2026-08-16 12:47:08,006 INFO [brain_api] Batch heartbeat ts=2026-08-16T05:47:08.006516+00:00 elapsed=90s progress=1/3 in_flight=2 last_status=ERROR
  [heartbeat] 12:47:08 elapsed=90s 1/3 in_flight=2 last=ERROR
2026-08-16 12:47:35,442 INFO [brain_api] Polling simulation status changed sim_id=1n9Xtm8hL5aY8AhSx2TW93y status=COMPLETE
2026-08-16 12:47:35,442 INFO [brain_api] Polling simulation terminal sim_id=1n9Xtm8hL5aY8AhSx2TW93y status=COMPLETE alpha_id=QPGpRxjp
2026-08-16 12:47:35,443 INFO [brain_api] Fetching alpha details alpha_id=QPGpRxjp retries=3
2026-08-16 12:47:35,947 INFO [brain_api] Fetched alpha details alpha_id=QPGpRxjp status=UNSUBMITTED sharpe=1.68 fitness=0.66 turnover=0.391
2026-08-16 12:47:35,948 INFO [brain_api] Simulation complete alpha_id=QPGpRxjp sharpe=1.68 fitness=0.66 turnover=0.391 expr_hash=bd5f36821da9
2026-08-16 12:47:35,948 INFO [brain_api] Stream simulation candidate finished batch_idx=0 status=COMPLETE attempts=1 retryable=False expr_hash=bd5f36821da9
  [2/3] COMPLETE — group_neutralize(ts_rank(short_term_price_change_2
2026-08-16 12:47:38,013 INFO [brain_api] Batch heartbeat ts=2026-08-16T05:47:38.013146+00:00 elapsed=120s progress=2/3 in_flight=1 last_status=COMPLETE
  ✓ QPGpRxjp | sharpe=1.68 fitness=0.66 turnover=0.3910
  [heartbeat] 12:47:38 elapsed=120s 2/3 in_flight=1 last=COMPLETE
2026-08-16 12:48:08,020 INFO [brain_api] Batch heartbeat ts=2026-08-16T05:48:08.020498+00:00 elapsed=150s progress=2/3 in_flight=1 last_status=COMPLETE
  [heartbeat] 12:48:08 elapsed=150s 2/3 in_flight=1 last=COMPLETE
2026-08-16 12:48:31,759 INFO [brain_api] Polling simulation status changed sim_id=pUUbdgsw5b08yF104wq8b3q status=ERROR
2026-08-16 12:48:31,759 INFO [brain_api] Polling simulation failed sim_id=pUUbdgsw5b08yF104wq8b3q status=ERROR data_keys=['id', 'links', 'location', 'message', 'status', 'type']
2026-08-16 12:48:31,759 INFO [brain_api] Simulation finished non-complete sim_id=pUUbdgsw5b08yF104wq8b3q status=ERROR expr_hash=7ddd6b1520d5 status_code=None error_hash=None
2026-08-16 12:48:31,760 INFO [brain_api] Stream simulation candidate finished batch_idx=2 status=ERROR attempts=1 retryable=False expr_hash=7ddd6b1520d5
  [3/3] ERROR — group_neutralize(ts_rank(short_term_price_change_2
2026-08-16 12:48:31,762 INFO [brain_api] Batch simulate stream complete candidate_count=3
2026-08-16 12:48:31,762 INFO [brain_api] Batch simulate stream start candidate_count=3 concurrency=3 max_retries=2
2026-08-16 12:48:31,763 INFO [brain_api] Simulation submit start expr_hash=2deac99b8fae expr_len=104 settings_keys=['decay', 'delay', 'instrumentType', 'language', 'maxPosition', 'maxTrade', 'nanHandling', 'neutralization', 'pasteurization', 'region', 'truncation', 'unitHandling', 'universe', 'visualization']
2026-08-16 12:48:31,763 INFO [brain_api] Simulation submit start expr_hash=8a1a5e4d4f6c expr_len=114 settings_keys=['decay', 'delay', 'instrumentType', 'language', 'maxPosition', 'maxTrade', 'nanHandling', 'neutralization', 'pasteurization', 'region', 'truncation', 'unitHandling', 'universe', 'visualization']
2026-08-16 12:48:31,765 INFO [brain_api] Simulation submit start expr_hash=c2437a79909a expr_len=72 settings_keys=['decay', 'delay', 'instrumentType', 'language', 'maxPosition', 'maxTrade', 'nanHandling', 'neutralization', 'pasteurization', 'region', 'truncation', 'unitHandling', 'universe', 'visualization']
2026-08-16 12:48:32,068 INFO [brain_api] Simulation created sim_id=mdLTE41b4yIbZ418mQRj9hB expr_hash=2deac99b8fae
2026-08-16 12:48:32,068 INFO [brain_api] Polling simulation start sim_id=mdLTE41b4yIbZ418mQRj9hB timeout=600s
2026-08-16 12:48:32,374 INFO [brain_api] Polling simulation status changed sim_id=mdLTE41b4yIbZ418mQRj9hB status=UNKNOWN
2026-08-16 12:48:33,597 INFO [brain_api] Simulation created sim_id=2EBwc0aho4Gxb8wjJjhJ4Kl expr_hash=8a1a5e4d4f6c
2026-08-16 12:48:33,597 INFO [brain_api] Polling simulation start sim_id=2EBwc0aho4Gxb8wjJjhJ4Kl timeout=600s
2026-08-16 12:48:33,601 INFO [brain_api] Simulation created sim_id=33Q9ZJ1H94G4929LmYAc54H expr_hash=c2437a79909a
2026-08-16 12:48:33,601 INFO [brain_api] Polling simulation start sim_id=33Q9ZJ1H94G4929LmYAc54H timeout=600s
2026-08-16 12:48:33,908 INFO [brain_api] Polling simulation status changed sim_id=33Q9ZJ1H94G4929LmYAc54H status=UNKNOWN
2026-08-16 12:48:33,909 INFO [brain_api] Polling simulation status changed sim_id=2EBwc0aho4Gxb8wjJjhJ4Kl status=UNKNOWN
2026-08-16 12:49:01,769 INFO [brain_api] Batch heartbeat ts=2026-08-16T05:49:01.769364+00:00 elapsed=30s progress=0/3 in_flight=3 last_status=-
  ✗ ERROR: unknown error
[batch 22/69] Mô phỏng 3 candidates...
  [heartbeat] 12:49:01 elapsed=30s 0/3 in_flight=3 last=-
2026-08-16 12:49:31,776 INFO [brain_api] Batch heartbeat ts=2026-08-16T05:49:31.776549+00:00 elapsed=60s progress=0/3 in_flight=3 last_status=-
  [heartbeat] 12:49:31 elapsed=60s 0/3 in_flight=3 last=-
2026-08-16 12:50:01,784 INFO [brain_api] Batch heartbeat ts=2026-08-16T05:50:01.783959+00:00 elapsed=90s progress=0/3 in_flight=3 last_status=-
  [heartbeat] 12:50:01 elapsed=90s 0/3 in_flight=3 last=-
2026-08-16 12:50:31,790 INFO [brain_api] Batch heartbeat ts=2026-08-16T05:50:31.790829+00:00 elapsed=120s progress=0/3 in_flight=3 last_status=-
  [heartbeat] 12:50:31 elapsed=120s 0/3 in_flight=3 last=-
2026-08-16 12:51:01,798 INFO [brain_api] Batch heartbeat ts=2026-08-16T05:51:01.797948+00:00 elapsed=150s progress=0/3 in_flight=3 last_status=-
  [heartbeat] 12:51:01 elapsed=150s 0/3 in_flight=3 last=-
2026-08-16 12:51:15,717 INFO [brain_api] Polling simulation status changed sim_id=2EBwc0aho4Gxb8wjJjhJ4Kl status=COMPLETE
2026-08-16 12:51:15,717 INFO [brain_api] Polling simulation terminal sim_id=2EBwc0aho4Gxb8wjJjhJ4Kl status=COMPLETE alpha_id=6XpLWwEP
2026-08-16 12:51:15,717 INFO [brain_api] Fetching alpha details alpha_id=6XpLWwEP retries=3
2026-08-16 12:51:16,314 INFO [brain_api] Fetched alpha details alpha_id=6XpLWwEP status=UNSUBMITTED sharpe=1.25 fitness=0.49 turnover=0.272
2026-08-16 12:51:16,315 INFO [brain_api] Simulation complete alpha_id=6XpLWwEP sharpe=1.25 fitness=0.49 turnover=0.272 expr_hash=8a1a5e4d4f6c
2026-08-16 12:51:16,316 INFO [brain_api] Stream simulation candidate finished batch_idx=1 status=COMPLETE attempts=1 retryable=False expr_hash=8a1a5e4d4f6c
  [1/3] COMPLETE — group_neutralize(ts_decay_linear(ts_rank(short_ter
2026-08-16 12:51:23,995 INFO [brain_api] Polling simulation status changed sim_id=33Q9ZJ1H94G4929LmYAc54H status=COMPLETE
2026-08-16 12:51:23,996 INFO [brain_api] Polling simulation terminal sim_id=33Q9ZJ1H94G4929LmYAc54H status=COMPLETE alpha_id=pwNebdJ3
2026-08-16 12:51:23,996 INFO [brain_api] Fetching alpha details alpha_id=pwNebdJ3 retries=3
2026-08-16 12:51:24,917 INFO [brain_api] Fetched alpha details alpha_id=pwNebdJ3 status=UNSUBMITTED sharpe=1.48 fitness=0.53 turnover=0.3971
2026-08-16 12:51:24,917 INFO [brain_api] Simulation complete alpha_id=pwNebdJ3 sharpe=1.48 fitness=0.53 turnover=0.3971 expr_hash=c2437a79909a
2026-08-16 12:51:24,919 INFO [brain_api] Stream simulation candidate finished batch_idx=2 status=COMPLETE attempts=1 retryable=False expr_hash=c2437a79909a
  ✓ 6XpLWwEP | sharpe=1.25 fitness=0.49 turnover=0.2720
  [2/3] COMPLETE — rank(ts_rank(short_term_price_change_2, 5) * (1 - 
2026-08-16 12:51:31,805 INFO [brain_api] Batch heartbeat ts=2026-08-16T05:51:31.805130+00:00 elapsed=180s progress=2/3 in_flight=1 last_status=COMPLETE
  ✓ pwNebdJ3 | sharpe=1.48 fitness=0.53 turnover=0.3971
  [heartbeat] 12:51:31 elapsed=180s 2/3 in_flight=1 last=COMPLETE
2026-08-16 12:51:38,904 INFO [brain_api] Polling simulation status changed sim_id=mdLTE41b4yIbZ418mQRj9hB status=COMPLETE
2026-08-16 12:51:38,904 INFO [brain_api] Polling simulation terminal sim_id=mdLTE41b4yIbZ418mQRj9hB status=COMPLETE alpha_id=d5ZrMR1E
2026-08-16 12:51:38,904 INFO [brain_api] Fetching alpha details alpha_id=d5ZrMR1E retries=3
2026-08-16 12:51:39,254 INFO [brain_api] Fetched alpha details alpha_id=d5ZrMR1E status=UNSUBMITTED sharpe=1.75 fitness=0.71 turnover=0.4175
2026-08-16 12:51:39,255 INFO [brain_api] Simulation complete alpha_id=d5ZrMR1E sharpe=1.75 fitness=0.71 turnover=0.4175 expr_hash=2deac99b8fae
2026-08-16 12:51:39,255 INFO [brain_api] Stream simulation candidate finished batch_idx=0 status=COMPLETE attempts=1 retryable=False expr_hash=2deac99b8fae
  [3/3] COMPLETE — group_neutralize(rank(ts_rank(short_term_price_cha
2026-08-16 12:51:39,257 INFO [brain_api] Batch simulate stream complete candidate_count=3
2026-08-16 12:51:39,258 INFO [brain_api] Batch simulate stream start candidate_count=3 concurrency=3 max_retries=2
2026-08-16 12:51:39,259 INFO [brain_api] Simulation submit start expr_hash=6c2782c104eb expr_len=91 settings_keys=['decay', 'delay', 'instrumentType', 'language', 'maxPosition', 'maxTrade', 'nanHandling', 'neutralization', 'pasteurization', 'region', 'truncation', 'unitHandling', 'universe', 'visualization']
2026-08-16 12:51:39,259 INFO [brain_api] Simulation submit start expr_hash=3ad5c2856bde expr_len=97 settings_keys=['decay', 'delay', 'instrumentType', 'language', 'maxPosition', 'maxTrade', 'nanHandling', 'neutralization', 'pasteurization', 'region', 'truncation', 'unitHandling', 'universe', 'visualization']
2026-08-16 12:51:39,262 INFO [brain_api] Simulation submit start expr_hash=3bf103e92ee5 expr_len=131 settings_keys=['decay', 'delay', 'instrumentType', 'language', 'maxPosition', 'maxTrade', 'nanHandling', 'neutralization', 'pasteurization', 'region', 'truncation', 'unitHandling', 'universe', 'visualization']
2026-08-16 12:51:39,766 INFO [brain_api] Simulation created sim_id=3eqcGHfQ04SY96TDifjVGdD expr_hash=6c2782c104eb
2026-08-16 12:51:39,766 INFO [brain_api] Polling simulation start sim_id=3eqcGHfQ04SY96TDifjVGdD timeout=600s
2026-08-16 12:51:40,173 INFO [brain_api] Polling simulation status changed sim_id=3eqcGHfQ04SY96TDifjVGdD status=UNKNOWN
2026-08-16 12:51:41,206 INFO [brain_api] Simulation created sim_id=2pivrE1pn4q5cMn182szPO5h expr_hash=3ad5c2856bde
2026-08-16 12:51:41,207 INFO [brain_api] Simulation created sim_id=4nOqDCc854SqaXdT2dUEnZs expr_hash=3bf103e92ee5
2026-08-16 12:51:41,208 INFO [brain_api] Polling simulation start sim_id=4nOqDCc854SqaXdT2dUEnZs timeout=600s
2026-08-16 12:51:41,207 INFO [brain_api] Polling simulation start sim_id=2pivrE1pn4q5cMn182szPO5h timeout=600s
2026-08-16 12:51:41,613 INFO [brain_api] Polling simulation status changed sim_id=2pivrE1pn4q5cMn182szPO5h status=UNKNOWN
2026-08-16 12:51:41,615 INFO [brain_api] Polling simulation status changed sim_id=4nOqDCc854SqaXdT2dUEnZs status=ERROR
2026-08-16 12:51:41,615 INFO [brain_api] Polling simulation failed sim_id=4nOqDCc854SqaXdT2dUEnZs status=ERROR data_keys=['id', 'links', 'location', 'message', 'status', 'type']
2026-08-16 12:51:41,615 INFO [brain_api] Simulation finished non-complete sim_id=4nOqDCc854SqaXdT2dUEnZs status=ERROR expr_hash=3bf103e92ee5 status_code=None error_hash=None
2026-08-16 12:51:41,615 INFO [brain_api] Stream simulation candidate finished batch_idx=2 status=ERROR attempts=1 retryable=False expr_hash=3bf103e92ee5
  ✓ d5ZrMR1E | sharpe=1.75 fitness=0.71 turnover=0.4175
[batch 23/69] Mô phỏng 3 candidates...
  [1/3] ERROR — group_neutralize(ts_rank(short_term_price_change_2
2026-08-16 12:52:09,265 INFO [brain_api] Batch heartbeat ts=2026-08-16T05:52:09.265862+00:00 elapsed=30s progress=1/3 in_flight=2 last_status=ERROR
  ✗ ERROR: unknown error
  [heartbeat] 12:52:09 elapsed=30s 1/3 in_flight=2 last=ERROR
2026-08-16 12:52:39,272 INFO [brain_api] Batch heartbeat ts=2026-08-16T05:52:39.272862+00:00 elapsed=60s progress=1/3 in_flight=2 last_status=ERROR
  [heartbeat] 12:52:39 elapsed=60s 1/3 in_flight=2 last=ERROR
2026-08-16 12:53:09,280 INFO [brain_api] Batch heartbeat ts=2026-08-16T05:53:09.280251+00:00 elapsed=90s progress=1/3 in_flight=2 last_status=ERROR
  [heartbeat] 12:53:09 elapsed=90s 1/3 in_flight=2 last=ERROR
2026-08-16 12:53:39,287 INFO [brain_api] Batch heartbeat ts=2026-08-16T05:53:39.287578+00:00 elapsed=120s progress=1/3 in_flight=2 last_status=ERROR
  [heartbeat] 12:53:39 elapsed=120s 1/3 in_flight=2 last=ERROR
2026-08-16 12:54:01,185 INFO [brain_api] Polling simulation status changed sim_id=2pivrE1pn4q5cMn182szPO5h status=COMPLETE
2026-08-16 12:54:01,185 INFO [brain_api] Polling simulation terminal sim_id=2pivrE1pn4q5cMn182szPO5h status=COMPLETE alpha_id=2rpog2L5
2026-08-16 12:54:01,185 INFO [brain_api] Fetching alpha details alpha_id=2rpog2L5 retries=3
2026-08-16 12:54:01,595 INFO [brain_api] Fetched alpha details alpha_id=2rpog2L5 status=UNSUBMITTED sharpe=1.67 fitness=0.65 turnover=0.3907
2026-08-16 12:54:01,595 INFO [brain_api] Simulation complete alpha_id=2rpog2L5 sharpe=1.67 fitness=0.65 turnover=0.3907 expr_hash=3ad5c2856bde
2026-08-16 12:54:01,595 INFO [brain_api] Stream simulation candidate finished batch_idx=1 status=COMPLETE attempts=1 retryable=False expr_hash=3ad5c2856bde
  [2/3] COMPLETE — group_neutralize(ts_rank(short_term_price_change_2
2026-08-16 12:54:09,295 INFO [brain_api] Batch heartbeat ts=2026-08-16T05:54:09.295695+00:00 elapsed=150s progress=2/3 in_flight=1 last_status=COMPLETE
  ✓ 2rpog2L5 | sharpe=1.67 fitness=0.65 turnover=0.3907
  [heartbeat] 12:54:09 elapsed=150s 2/3 in_flight=1 last=COMPLETE
2026-08-16 12:54:39,303 INFO [brain_api] Batch heartbeat ts=2026-08-16T05:54:39.303460+00:00 elapsed=180s progress=2/3 in_flight=1 last_status=COMPLETE
  [heartbeat] 12:54:39 elapsed=180s 2/3 in_flight=1 last=COMPLETE
2026-08-16 12:54:59,969 INFO [brain_api] Polling simulation status changed sim_id=3eqcGHfQ04SY96TDifjVGdD status=COMPLETE
2026-08-16 12:54:59,969 INFO [brain_api] Polling simulation terminal sim_id=3eqcGHfQ04SY96TDifjVGdD status=COMPLETE alpha_id=JjGJA6Xl
2026-08-16 12:54:59,969 INFO [brain_api] Fetching alpha details alpha_id=JjGJA6Xl retries=3
2026-08-16 12:55:00,370 INFO [brain_api] Fetched alpha details alpha_id=JjGJA6Xl status=UNSUBMITTED sharpe=1.55 fitness=0.54 turnover=0.4109
2026-08-16 12:55:00,370 INFO [brain_api] Simulation complete alpha_id=JjGJA6Xl sharpe=1.55 fitness=0.54 turnover=0.4109 expr_hash=6c2782c104eb
2026-08-16 12:55:00,371 INFO [brain_api] Stream simulation candidate finished batch_idx=0 status=COMPLETE attempts=1 retryable=False expr_hash=6c2782c104eb
  [3/3] COMPLETE — group_rank(ts_rank(short_term_price_change_2, 5) *
2026-08-16 12:55:00,373 INFO [brain_api] Batch simulate stream complete candidate_count=3
2026-08-16 12:55:00,374 INFO [brain_api] Batch simulate stream start candidate_count=3 concurrency=3 max_retries=2
2026-08-16 12:55:00,375 INFO [brain_api] Simulation submit start expr_hash=732e97965605 expr_len=131 settings_keys=['decay', 'delay', 'instrumentType', 'language', 'maxPosition', 'maxTrade', 'nanHandling', 'neutralization', 'pasteurization', 'region', 'truncation', 'unitHandling', 'universe', 'visualization']
2026-08-16 12:55:00,375 INFO [brain_api] Simulation submit start expr_hash=3be17e4e567b expr_len=107 settings_keys=['decay', 'delay', 'instrumentType', 'language', 'maxPosition', 'maxTrade', 'nanHandling', 'neutralization', 'pasteurization', 'region', 'truncation', 'unitHandling', 'universe', 'visualization']
2026-08-16 12:55:00,378 INFO [brain_api] Simulation submit start expr_hash=958c611de38e expr_len=117 settings_keys=['decay', 'delay', 'instrumentType', 'language', 'maxPosition', 'maxTrade', 'nanHandling', 'neutralization', 'pasteurization', 'region', 'truncation', 'unitHandling', 'universe', 'visualization']
2026-08-16 12:55:00,681 INFO [brain_api] Simulation created sim_id=2zvR755U44HCaoasTd6sJAN expr_hash=732e97965605
2026-08-16 12:55:00,681 INFO [brain_api] Polling simulation start sim_id=2zvR755U44HCaoasTd6sJAN timeout=600s
2026-08-16 12:55:01,193 INFO [brain_api] Polling simulation status changed sim_id=2zvR755U44HCaoasTd6sJAN status=UNKNOWN
2026-08-16 12:55:02,216 INFO [brain_api] Simulation created sim_id=4jY8Uge2z4vZ9117ZwzUbvn expr_hash=958c611de38e
2026-08-16 12:55:02,218 INFO [brain_api] Simulation created sim_id=DRxMHtW54r96ar3po720e expr_hash=3be17e4e567b
2026-08-16 12:55:02,218 INFO [brain_api] Polling simulation start sim_id=4jY8Uge2z4vZ9117ZwzUbvn timeout=600s
2026-08-16 12:55:02,218 INFO [brain_api] Polling simulation start sim_id=DRxMHtW54r96ar3po720e timeout=600s
2026-08-16 12:55:02,625 INFO [brain_api] Polling simulation status changed sim_id=4jY8Uge2z4vZ9117ZwzUbvn status=UNKNOWN
2026-08-16 12:55:02,630 INFO [brain_api] Polling simulation status changed sim_id=DRxMHtW54r96ar3po720e status=UNKNOWN
2026-08-16 12:55:06,514 INFO [brain_api] Polling simulation status changed sim_id=2zvR755U44HCaoasTd6sJAN status=ERROR
2026-08-16 12:55:06,514 INFO [brain_api] Polling simulation failed sim_id=2zvR755U44HCaoasTd6sJAN status=ERROR data_keys=['id', 'links', 'location', 'message', 'status', 'type']
2026-08-16 12:55:06,514 INFO [brain_api] Simulation finished non-complete sim_id=2zvR755U44HCaoasTd6sJAN status=ERROR expr_hash=732e97965605 status_code=None error_hash=None
2026-08-16 12:55:06,514 INFO [brain_api] Stream simulation candidate finished batch_idx=0 status=ERROR attempts=1 retryable=False expr_hash=732e97965605
  ✓ JjGJA6Xl | sharpe=1.55 fitness=0.54 turnover=0.4109
[batch 24/69] Mô phỏng 3 candidates...
  [1/3] ERROR — group_neutralize(ts_rank(short_term_price_change_2
2026-08-16 12:55:30,380 INFO [brain_api] Batch heartbeat ts=2026-08-16T05:55:30.380926+00:00 elapsed=30s progress=1/3 in_flight=2 last_status=ERROR
  ✗ ERROR: unknown error
  [heartbeat] 12:55:30 elapsed=30s 1/3 in_flight=2 last=ERROR
2026-08-16 12:56:00,387 INFO [brain_api] Batch heartbeat ts=2026-08-16T05:56:00.387636+00:00 elapsed=60s progress=1/3 in_flight=2 last_status=ERROR
  [heartbeat] 12:56:00 elapsed=60s 1/3 in_flight=2 last=ERROR
2026-08-16 12:56:30,394 INFO [brain_api] Batch heartbeat ts=2026-08-16T05:56:30.394515+00:00 elapsed=90s progress=1/3 in_flight=2 last_status=ERROR
  [heartbeat] 12:56:30 elapsed=90s 1/3 in_flight=2 last=ERROR
2026-08-16 12:57:00,401 INFO [brain_api] Batch heartbeat ts=2026-08-16T05:57:00.401415+00:00 elapsed=120s progress=1/3 in_flight=2 last_status=ERROR
  [heartbeat] 12:57:00 elapsed=120s 1/3 in_flight=2 last=ERROR
2026-08-16 12:57:30,408 INFO [brain_api] Batch heartbeat ts=2026-08-16T05:57:30.408033+00:00 elapsed=150s progress=1/3 in_flight=2 last_status=ERROR
  [heartbeat] 12:57:30 elapsed=150s 1/3 in_flight=2 last=ERROR
2026-08-16 12:57:39,812 INFO [brain_api] Polling simulation status changed sim_id=DRxMHtW54r96ar3po720e status=COMPLETE
2026-08-16 12:57:39,813 INFO [brain_api] Polling simulation terminal sim_id=DRxMHtW54r96ar3po720e status=COMPLETE alpha_id=VkGbW21Y
2026-08-16 12:57:39,813 INFO [brain_api] Fetching alpha details alpha_id=VkGbW21Y retries=3
2026-08-16 12:57:40,223 INFO [brain_api] Fetched alpha details alpha_id=VkGbW21Y status=UNSUBMITTED sharpe=1.75 fitness=0.71 turnover=0.4172
2026-08-16 12:57:40,224 INFO [brain_api] Simulation complete alpha_id=VkGbW21Y sharpe=1.75 fitness=0.71 turnover=0.4172 expr_hash=3be17e4e567b
2026-08-16 12:57:40,224 INFO [brain_api] Stream simulation candidate finished batch_idx=1 status=COMPLETE attempts=1 retryable=False expr_hash=3be17e4e567b
  [2/3] COMPLETE — group_neutralize(rank(ts_rank(short_term_price_cha
2026-08-16 12:58:00,415 INFO [brain_api] Batch heartbeat ts=2026-08-16T05:58:00.415463+00:00 elapsed=180s progress=2/3 in_flight=1 last_status=COMPLETE
  ✓ VkGbW21Y | sharpe=1.75 fitness=0.71 turnover=0.4172
  [heartbeat] 12:58:00 elapsed=180s 2/3 in_flight=1 last=COMPLETE
2026-08-16 12:58:30,423 INFO [brain_api] Batch heartbeat ts=2026-08-16T05:58:30.422972+00:00 elapsed=210s progress=2/3 in_flight=1 last_status=COMPLETE
  [heartbeat] 12:58:30 elapsed=210s 2/3 in_flight=1 last=COMPLETE
2026-08-16 12:59:00,430 INFO [brain_api] Batch heartbeat ts=2026-08-16T05:59:00.430257+00:00 elapsed=240s progress=2/3 in_flight=1 last_status=COMPLETE
  [heartbeat] 12:59:00 elapsed=240s 2/3 in_flight=1 last=COMPLETE
2026-08-16 12:59:29,079 INFO [brain_api] Polling simulation status changed sim_id=4jY8Uge2z4vZ9117ZwzUbvn status=COMPLETE
2026-08-16 12:59:29,079 INFO [brain_api] Polling simulation terminal sim_id=4jY8Uge2z4vZ9117ZwzUbvn status=COMPLETE alpha_id=O0GX386g
2026-08-16 12:59:29,079 INFO [brain_api] Fetching alpha details alpha_id=O0GX386g retries=3
2026-08-16 12:59:29,689 INFO [brain_api] Fetched alpha details alpha_id=O0GX386g status=UNSUBMITTED sharpe=1.24 fitness=0.49 turnover=0.2716
2026-08-16 12:59:29,689 INFO [brain_api] Simulation complete alpha_id=O0GX386g sharpe=1.24 fitness=0.49 turnover=0.2716 expr_hash=958c611de38e
2026-08-16 12:59:29,691 INFO [brain_api] Stream simulation candidate finished batch_idx=2 status=COMPLETE attempts=1 retryable=False expr_hash=958c611de38e
  [3/3] COMPLETE — group_neutralize(ts_decay_linear(ts_rank(short_ter
2026-08-16 12:59:29,694 INFO [brain_api] Batch simulate stream complete candidate_count=3
2026-08-16 12:59:29,694 INFO [brain_api] Batch simulate stream start candidate_count=3 concurrency=3 max_retries=2
2026-08-16 12:59:29,695 INFO [brain_api] Simulation submit start expr_hash=3024bf50562a expr_len=72 settings_keys=['decay', 'delay', 'instrumentType', 'language', 'maxPosition', 'maxTrade', 'nanHandling', 'neutralization', 'pasteurization', 'region', 'truncation', 'unitHandling', 'universe', 'visualization']
2026-08-16 12:59:29,695 INFO [brain_api] Simulation submit start expr_hash=b7b05cee5dfa expr_len=88 settings_keys=['decay', 'delay', 'instrumentType', 'language', 'maxPosition', 'maxTrade', 'nanHandling', 'neutralization', 'pasteurization', 'region', 'truncation', 'unitHandling', 'universe', 'visualization']
2026-08-16 12:59:29,698 INFO [brain_api] Simulation submit start expr_hash=1a300d74cda9 expr_len=94 settings_keys=['decay', 'delay', 'instrumentType', 'language', 'maxPosition', 'maxTrade', 'nanHandling', 'neutralization', 'pasteurization', 'region', 'truncation', 'unitHandling', 'universe', 'visualization']
2026-08-16 12:59:30,443 INFO [brain_api] Simulation created sim_id=1zLyHY8zH4Sa91BZRHvCLIL expr_hash=3024bf50562a
2026-08-16 12:59:30,443 INFO [brain_api] Polling simulation start sim_id=1zLyHY8zH4Sa91BZRHvCLIL timeout=600s
2026-08-16 12:59:30,709 INFO [brain_api] Polling simulation status changed sim_id=1zLyHY8zH4Sa91BZRHvCLIL status=UNKNOWN
2026-08-16 12:59:31,634 INFO [brain_api] Simulation created sim_id=4diFrzdWN5gI8RV7VtYcYoH expr_hash=b7b05cee5dfa
2026-08-16 12:59:31,634 INFO [brain_api] Polling simulation start sim_id=4diFrzdWN5gI8RV7VtYcYoH timeout=600s
2026-08-16 12:59:31,642 INFO [brain_api] Simulation created sim_id=3BwYOSgNv5aKbrd3zmDRmko expr_hash=1a300d74cda9
2026-08-16 12:59:31,642 INFO [brain_api] Polling simulation start sim_id=3BwYOSgNv5aKbrd3zmDRmko timeout=600s
2026-08-16 12:59:32,654 INFO [brain_api] Polling simulation status changed sim_id=3BwYOSgNv5aKbrd3zmDRmko status=UNKNOWN
2026-08-16 12:59:32,655 INFO [brain_api] Polling simulation status changed sim_id=4diFrzdWN5gI8RV7VtYcYoH status=UNKNOWN
2026-08-16 12:59:59,700 INFO [brain_api] Batch heartbeat ts=2026-08-16T05:59:59.700895+00:00 elapsed=30s progress=0/3 in_flight=3 last_status=-
  ✓ O0GX386g | sharpe=1.24 fitness=0.49 turnover=0.2716
[batch 25/69] Mô phỏng 3 candidates...
  [heartbeat] 12:59:59 elapsed=30s 0/3 in_flight=3 last=-
2026-08-16 13:00:29,708 INFO [brain_api] Batch heartbeat ts=2026-08-16T06:00:29.707939+00:00 elapsed=60s progress=0/3 in_flight=3 last_status=-
  [heartbeat] 13:00:29 elapsed=60s 0/3 in_flight=3 last=-
2026-08-16 13:00:59,715 INFO [brain_api] Batch heartbeat ts=2026-08-16T06:00:59.715261+00:00 elapsed=90s progress=0/3 in_flight=3 last_status=-
  [heartbeat] 13:00:59 elapsed=90s 0/3 in_flight=3 last=-
2026-08-16 13:01:24,071 INFO [brain_api] Polling simulation status changed sim_id=4diFrzdWN5gI8RV7VtYcYoH status=COMPLETE
2026-08-16 13:01:24,071 INFO [brain_api] Polling simulation terminal sim_id=4diFrzdWN5gI8RV7VtYcYoH status=COMPLETE alpha_id=LLGYQYb2
2026-08-16 13:01:24,072 INFO [brain_api] Fetching alpha details alpha_id=LLGYQYb2 retries=3
2026-08-16 13:01:24,480 INFO [brain_api] Fetched alpha details alpha_id=LLGYQYb2 status=UNSUBMITTED sharpe=1.53 fitness=0.56 turnover=0.386
2026-08-16 13:01:24,481 INFO [brain_api] Simulation complete alpha_id=LLGYQYb2 sharpe=1.53 fitness=0.56 turnover=0.386 expr_hash=b7b05cee5dfa
2026-08-16 13:01:24,481 INFO [brain_api] Stream simulation candidate finished batch_idx=1 status=COMPLETE attempts=1 retryable=False expr_hash=b7b05cee5dfa
  [1/3] COMPLETE — group_rank(ts_rank(short_term_price_change_2, 5) *
2026-08-16 13:01:29,722 INFO [brain_api] Batch heartbeat ts=2026-08-16T06:01:29.722279+00:00 elapsed=120s progress=1/3 in_flight=2 last_status=COMPLETE
  ✓ LLGYQYb2 | sharpe=1.53 fitness=0.56 turnover=0.3860
  [heartbeat] 13:01:29 elapsed=120s 1/3 in_flight=2 last=COMPLETE
2026-08-16 13:01:59,729 INFO [brain_api] Batch heartbeat ts=2026-08-16T06:01:59.729763+00:00 elapsed=150s progress=1/3 in_flight=2 last_status=COMPLETE
  [heartbeat] 13:01:59 elapsed=150s 1/3 in_flight=2 last=COMPLETE
2026-08-16 13:02:10,970 INFO [brain_api] Polling simulation status changed sim_id=1zLyHY8zH4Sa91BZRHvCLIL status=COMPLETE
2026-08-16 13:02:10,971 INFO [brain_api] Polling simulation terminal sim_id=1zLyHY8zH4Sa91BZRHvCLIL status=COMPLETE alpha_id=wpak0865
2026-08-16 13:02:10,971 INFO [brain_api] Fetching alpha details alpha_id=wpak0865 retries=3
2026-08-16 13:02:11,380 INFO [brain_api] Fetched alpha details alpha_id=wpak0865 status=UNSUBMITTED sharpe=1.5 fitness=0.55 turnover=0.3806
2026-08-16 13:02:11,381 INFO [brain_api] Simulation complete alpha_id=wpak0865 sharpe=1.5 fitness=0.55 turnover=0.3806 expr_hash=3024bf50562a
2026-08-16 13:02:11,382 INFO [brain_api] Stream simulation candidate finished batch_idx=0 status=COMPLETE attempts=1 retryable=False expr_hash=3024bf50562a
  [2/3] COMPLETE — rank(ts_rank(short_term_price_change_2, 5) * (1 - 
2026-08-16 13:02:29,736 INFO [brain_api] Batch heartbeat ts=2026-08-16T06:02:29.736920+00:00 elapsed=180s progress=2/3 in_flight=1 last_status=COMPLETE
  ✓ wpak0865 | sharpe=1.50 fitness=0.55 turnover=0.3806
  [heartbeat] 13:02:29 elapsed=180s 2/3 in_flight=1 last=COMPLETE
2026-08-16 13:02:59,743 INFO [brain_api] Batch heartbeat ts=2026-08-16T06:02:59.743886+00:00 elapsed=210s progress=2/3 in_flight=1 last_status=COMPLETE
  [heartbeat] 13:02:59 elapsed=210s 2/3 in_flight=1 last=COMPLETE
2026-08-16 13:03:27,259 INFO [brain_api] Polling simulation status changed sim_id=3BwYOSgNv5aKbrd3zmDRmko status=COMPLETE
2026-08-16 13:03:27,259 INFO [brain_api] Polling simulation terminal sim_id=3BwYOSgNv5aKbrd3zmDRmko status=COMPLETE alpha_id=58pdPVv5
2026-08-16 13:03:27,260 INFO [brain_api] Fetching alpha details alpha_id=58pdPVv5 retries=3
2026-08-16 13:03:27,767 INFO [brain_api] Fetched alpha details alpha_id=58pdPVv5 status=UNSUBMITTED sharpe=1.78 fitness=0.73 turnover=0.3805
2026-08-16 13:03:27,768 INFO [brain_api] Simulation complete alpha_id=58pdPVv5 sharpe=1.78 fitness=0.73 turnover=0.3805 expr_hash=1a300d74cda9
2026-08-16 13:03:27,768 INFO [brain_api] Stream simulation candidate finished batch_idx=2 status=COMPLETE attempts=1 retryable=False expr_hash=1a300d74cda9
  [3/3] COMPLETE — group_neutralize(ts_rank(short_term_price_change_2
2026-08-16 13:03:27,771 INFO [brain_api] Batch simulate stream complete candidate_count=3
2026-08-16 13:03:27,771 INFO [brain_api] Batch simulate stream start candidate_count=3 concurrency=3 max_retries=2
2026-08-16 13:03:27,772 INFO [brain_api] Simulation submit start expr_hash=cb6242a85460 expr_len=128 settings_keys=['decay', 'delay', 'instrumentType', 'language', 'maxPosition', 'maxTrade', 'nanHandling', 'neutralization', 'pasteurization', 'region', 'truncation', 'unitHandling', 'universe', 'visualization']
2026-08-16 13:03:27,773 INFO [brain_api] Simulation submit start expr_hash=3c84b9459950 expr_len=128 settings_keys=['decay', 'delay', 'instrumentType', 'language', 'maxPosition', 'maxTrade', 'nanHandling', 'neutralization', 'pasteurization', 'region', 'truncation', 'unitHandling', 'universe', 'visualization']
2026-08-16 13:03:27,777 INFO [brain_api] Simulation submit start expr_hash=36d6664f24f7 expr_len=104 settings_keys=['decay', 'delay', 'instrumentType', 'language', 'maxPosition', 'maxTrade', 'nanHandling', 'neutralization', 'pasteurization', 'region', 'truncation', 'unitHandling', 'universe', 'visualization']
2026-08-16 13:03:28,347 INFO [brain_api] Simulation created sim_id=2mCXUcecs50Wai81fnQK1ocn expr_hash=3c84b9459950
2026-08-16 13:03:28,347 INFO [brain_api] Polling simulation start sim_id=2mCXUcecs50Wai81fnQK1ocn timeout=600s
2026-08-16 13:03:28,689 INFO [brain_api] Polling simulation status changed sim_id=2mCXUcecs50Wai81fnQK1ocn status=UNKNOWN
2026-08-16 13:03:34,002 INFO [brain_api] Polling simulation status changed sim_id=2mCXUcecs50Wai81fnQK1ocn status=ERROR
2026-08-16 13:03:34,003 INFO [brain_api] Simulation created sim_id=1FGN3cess4sU9gSNMKz5fco expr_hash=36d6664f24f7
2026-08-16 13:03:34,003 INFO [brain_api] Polling simulation failed sim_id=2mCXUcecs50Wai81fnQK1ocn status=ERROR data_keys=['id', 'links', 'location', 'message', 'status', 'type']
2026-08-16 13:03:34,003 INFO [brain_api] Polling simulation start sim_id=1FGN3cess4sU9gSNMKz5fco timeout=600s
2026-08-16 13:03:34,003 INFO [brain_api] Simulation finished non-complete sim_id=2mCXUcecs50Wai81fnQK1ocn status=ERROR expr_hash=3c84b9459950 status_code=None error_hash=None
2026-08-16 13:03:34,004 INFO [brain_api] Stream simulation candidate finished batch_idx=1 status=ERROR attempts=1 retryable=False expr_hash=3c84b9459950
  ✓ 58pdPVv5 | sharpe=1.78 fitness=0.73 turnover=0.3805
[batch 26/69] Mô phỏng 3 candidates...
  [1/3] ERROR — group_neutralize(ts_rank(short_term_price_change_2
2026-08-16 13:03:34,012 INFO [brain_api] Simulation created sim_id=4c6hQP3Hl4jW9ELOjIXxDhK expr_hash=cb6242a85460
2026-08-16 13:03:34,013 INFO [brain_api] Polling simulation start sim_id=4c6hQP3Hl4jW9ELOjIXxDhK timeout=600s
2026-08-16 13:03:34,323 INFO [brain_api] Polling simulation status changed sim_id=1FGN3cess4sU9gSNMKz5fco status=UNKNOWN
2026-08-16 13:03:34,324 INFO [brain_api] Polling simulation status changed sim_id=4c6hQP3Hl4jW9ELOjIXxDhK status=UNKNOWN
2026-08-16 13:03:39,649 INFO [brain_api] Polling simulation status changed sim_id=4c6hQP3Hl4jW9ELOjIXxDhK status=ERROR
2026-08-16 13:03:39,651 INFO [brain_api] Polling simulation failed sim_id=4c6hQP3Hl4jW9ELOjIXxDhK status=ERROR data_keys=['id', 'links', 'location', 'message', 'status', 'type']
2026-08-16 13:03:39,651 INFO [brain_api] Simulation finished non-complete sim_id=4c6hQP3Hl4jW9ELOjIXxDhK status=ERROR expr_hash=cb6242a85460 status_code=None error_hash=None
2026-08-16 13:03:39,651 INFO [brain_api] Stream simulation candidate finished batch_idx=0 status=ERROR attempts=1 retryable=False expr_hash=cb6242a85460
  ✗ ERROR: unknown error
  [2/3] ERROR — group_neutralize(ts_rank(short_term_price_change_2
2026-08-16 13:03:57,778 INFO [brain_api] Batch heartbeat ts=2026-08-16T06:03:57.778474+00:00 elapsed=30s progress=2/3 in_flight=1 last_status=ERROR
  ✗ ERROR: unknown error
  [heartbeat] 13:03:57 elapsed=30s 2/3 in_flight=1 last=ERROR
2026-08-16 13:04:27,785 INFO [brain_api] Batch heartbeat ts=2026-08-16T06:04:27.785567+00:00 elapsed=60s progress=2/3 in_flight=1 last_status=ERROR
  [heartbeat] 13:04:27 elapsed=60s 2/3 in_flight=1 last=ERROR
2026-08-16 13:04:57,792 INFO [brain_api] Batch heartbeat ts=2026-08-16T06:04:57.792650+00:00 elapsed=90s progress=2/3 in_flight=1 last_status=ERROR
  [heartbeat] 13:04:57 elapsed=90s 2/3 in_flight=1 last=ERROR
2026-08-16 13:05:27,800 INFO [brain_api] Batch heartbeat ts=2026-08-16T06:05:27.800132+00:00 elapsed=120s progress=2/3 in_flight=1 last_status=ERROR
  [heartbeat] 13:05:27 elapsed=120s 2/3 in_flight=1 last=ERROR
2026-08-16 13:05:57,807 INFO [brain_api] Batch heartbeat ts=2026-08-16T06:05:57.807030+00:00 elapsed=150s progress=2/3 in_flight=1 last_status=ERROR
  [heartbeat] 13:05:57 elapsed=150s 2/3 in_flight=1 last=ERROR
2026-08-16 13:06:27,814 INFO [brain_api] Batch heartbeat ts=2026-08-16T06:06:27.814147+00:00 elapsed=180s progress=2/3 in_flight=1 last_status=ERROR
  [heartbeat] 13:06:27 elapsed=180s 2/3 in_flight=1 last=ERROR
2026-08-16 13:06:30,560 INFO [brain_api] Polling simulation status changed sim_id=1FGN3cess4sU9gSNMKz5fco status=COMPLETE
2026-08-16 13:06:30,560 INFO [brain_api] Polling simulation terminal sim_id=1FGN3cess4sU9gSNMKz5fco status=COMPLETE alpha_id=A1G8oQ1Q
2026-08-16 13:06:30,561 INFO [brain_api] Fetching alpha details alpha_id=A1G8oQ1Q retries=3
2026-08-16 13:06:30,966 INFO [brain_api] Fetched alpha details alpha_id=A1G8oQ1Q status=UNSUBMITTED sharpe=1.87 fitness=0.81 turnover=0.4063
2026-08-16 13:06:30,967 INFO [brain_api] Simulation complete alpha_id=A1G8oQ1Q sharpe=1.87 fitness=0.81 turnover=0.4063 expr_hash=36d6664f24f7
2026-08-16 13:06:30,967 INFO [brain_api] Stream simulation candidate finished batch_idx=2 status=COMPLETE attempts=1 retryable=False expr_hash=36d6664f24f7
  [3/3] COMPLETE — group_neutralize(rank(ts_rank(short_term_price_cha
2026-08-16 13:06:30,969 INFO [brain_api] Batch simulate stream complete candidate_count=3
2026-08-16 13:06:30,970 INFO [brain_api] Batch simulate stream start candidate_count=3 concurrency=3 max_retries=2
2026-08-16 13:06:30,971 INFO [brain_api] Simulation submit start expr_hash=c90f4d8f8303 expr_len=114 settings_keys=['decay', 'delay', 'instrumentType', 'language', 'maxPosition', 'maxTrade', 'nanHandling', 'neutralization', 'pasteurization', 'region', 'truncation', 'unitHandling', 'universe', 'visualization']
2026-08-16 13:06:30,971 INFO [brain_api] Simulation submit start expr_hash=3024bf50562a expr_len=72 settings_keys=['decay', 'delay', 'instrumentType', 'language', 'maxPosition', 'maxTrade', 'nanHandling', 'neutralization', 'pasteurization', 'region', 'truncation', 'unitHandling', 'universe', 'visualization']
2026-08-16 13:06:30,974 INFO [brain_api] Simulation submit start expr_hash=39ad8371c7d3 expr_len=91 settings_keys=['decay', 'delay', 'instrumentType', 'language', 'maxPosition', 'maxTrade', 'nanHandling', 'neutralization', 'pasteurization', 'region', 'truncation', 'unitHandling', 'universe', 'visualization']
2026-08-16 13:06:31,277 INFO [brain_api] Simulation created sim_id=3z5eOO9Ic4w4aVNvXpAKU4Z expr_hash=c90f4d8f8303
2026-08-16 13:06:31,277 INFO [brain_api] Polling simulation start sim_id=3z5eOO9Ic4w4aVNvXpAKU4Z timeout=600s
2026-08-16 13:06:31,583 INFO [brain_api] Polling simulation status changed sim_id=3z5eOO9Ic4w4aVNvXpAKU4Z status=UNKNOWN
2026-08-16 13:06:32,502 INFO [brain_api] Simulation created sim_id=1hMwAy6B154F8DAJZGVOyV3 expr_hash=39ad8371c7d3
2026-08-16 13:06:32,502 INFO [brain_api] Polling simulation start sim_id=1hMwAy6B154F8DAJZGVOyV3 timeout=600s
2026-08-16 13:06:32,810 INFO [brain_api] Simulation created sim_id=3p1jtP3zf4RUc8sCTfP1RQS expr_hash=3024bf50562a
2026-08-16 13:06:32,811 INFO [brain_api] Polling simulation status changed sim_id=1hMwAy6B154F8DAJZGVOyV3 status=UNKNOWN
2026-08-16 13:06:32,811 INFO [brain_api] Polling simulation start sim_id=3p1jtP3zf4RUc8sCTfP1RQS timeout=600s
2026-08-16 13:06:33,219 INFO [brain_api] Polling simulation status changed sim_id=3p1jtP3zf4RUc8sCTfP1RQS status=UNKNOWN
2026-08-16 13:07:00,976 INFO [brain_api] Batch heartbeat ts=2026-08-16T06:07:00.976701+00:00 elapsed=30s progress=0/3 in_flight=3 last_status=-
  ✓ A1G8oQ1Q | sharpe=1.87 fitness=0.81 turnover=0.4063
[batch 27/69] Mô phỏng 3 candidates...
  [heartbeat] 13:07:00 elapsed=30s 0/3 in_flight=3 last=-
2026-08-16 13:07:30,983 INFO [brain_api] Batch heartbeat ts=2026-08-16T06:07:30.983873+00:00 elapsed=60s progress=0/3 in_flight=3 last_status=-
  [heartbeat] 13:07:30 elapsed=60s 0/3 in_flight=3 last=-
2026-08-16 13:08:00,991 INFO [brain_api] Batch heartbeat ts=2026-08-16T06:08:00.991074+00:00 elapsed=90s progress=0/3 in_flight=3 last_status=-
  [heartbeat] 13:08:00 elapsed=90s 0/3 in_flight=3 last=-
2026-08-16 13:08:24,730 INFO [brain_api] Polling simulation status changed sim_id=3z5eOO9Ic4w4aVNvXpAKU4Z status=COMPLETE
2026-08-16 13:08:24,730 INFO [brain_api] Polling simulation terminal sim_id=3z5eOO9Ic4w4aVNvXpAKU4Z status=COMPLETE alpha_id=KPGMWMmk
2026-08-16 13:08:24,730 INFO [brain_api] Fetching alpha details alpha_id=KPGMWMmk retries=3
2026-08-16 13:08:28,899 INFO [brain_api] Fetched alpha details alpha_id=KPGMWMmk status=UNSUBMITTED sharpe=1.27 fitness=0.51 turnover=0.2666
2026-08-16 13:08:28,899 INFO [brain_api] Simulation complete alpha_id=KPGMWMmk sharpe=1.27 fitness=0.51 turnover=0.2666 expr_hash=c90f4d8f8303
2026-08-16 13:08:28,899 INFO [brain_api] Stream simulation candidate finished batch_idx=0 status=COMPLETE attempts=1 retryable=False expr_hash=c90f4d8f8303
  [1/3] COMPLETE — group_neutralize(ts_decay_linear(ts_rank(short_ter
2026-08-16 13:08:30,999 INFO [brain_api] Batch heartbeat ts=2026-08-16T06:08:30.999381+00:00 elapsed=120s progress=1/3 in_flight=2 last_status=COMPLETE
  ✓ KPGMWMmk | sharpe=1.27 fitness=0.51 turnover=0.2666
  [heartbeat] 13:08:30 elapsed=120s 1/3 in_flight=2 last=COMPLETE
2026-08-16 13:08:53,611 INFO [brain_api] Polling simulation status changed sim_id=1hMwAy6B154F8DAJZGVOyV3 status=COMPLETE
2026-08-16 13:08:53,611 INFO [brain_api] Polling simulation terminal sim_id=1hMwAy6B154F8DAJZGVOyV3 status=COMPLETE alpha_id=xANpJZGW
2026-08-16 13:08:53,611 INFO [brain_api] Fetching alpha details alpha_id=xANpJZGW retries=3
2026-08-16 13:08:54,017 INFO [brain_api] Fetched alpha details alpha_id=xANpJZGW status=UNSUBMITTED sharpe=1.52 fitness=0.54 turnover=0.3953
2026-08-16 13:08:54,017 INFO [brain_api] Simulation complete alpha_id=xANpJZGW sharpe=1.52 fitness=0.54 turnover=0.3953 expr_hash=39ad8371c7d3
2026-08-16 13:08:54,019 INFO [brain_api] Stream simulation candidate finished batch_idx=2 status=COMPLETE attempts=1 retryable=False expr_hash=39ad8371c7d3
  [2/3] COMPLETE — group_rank(ts_rank(short_term_price_change_2, 5) *
2026-08-16 13:08:59,905 INFO [brain_api] Polling simulation status changed sim_id=3p1jtP3zf4RUc8sCTfP1RQS status=COMPLETE
2026-08-16 13:08:59,905 INFO [brain_api] Polling simulation terminal sim_id=3p1jtP3zf4RUc8sCTfP1RQS status=COMPLETE alpha_id=wpak0865
2026-08-16 13:08:59,905 INFO [brain_api] Fetching alpha details alpha_id=wpak0865 retries=3
2026-08-16 13:09:01,005 INFO [brain_api] Batch heartbeat ts=2026-08-16T06:09:01.005675+00:00 elapsed=150s progress=2/3 in_flight=1 last_status=COMPLETE
  ✓ xANpJZGW | sharpe=1.52 fitness=0.54 turnover=0.3953
  [heartbeat] 13:09:01 elapsed=150s 2/3 in_flight=1 last=COMPLETE
2026-08-16 13:09:04,582 INFO [brain_api] Fetched alpha details alpha_id=wpak0865 status=UNSUBMITTED sharpe=1.5 fitness=0.55 turnover=0.3806
2026-08-16 13:09:04,582 INFO [brain_api] Simulation complete alpha_id=wpak0865 sharpe=1.5 fitness=0.55 turnover=0.3806 expr_hash=3024bf50562a
2026-08-16 13:09:04,583 INFO [brain_api] Stream simulation candidate finished batch_idx=1 status=COMPLETE attempts=1 retryable=False expr_hash=3024bf50562a
  [3/3] COMPLETE — rank(ts_rank(short_term_price_change_2, 5) * (1 - 
2026-08-16 13:09:04,586 INFO [brain_api] Batch simulate stream complete candidate_count=3
2026-08-16 13:09:04,587 INFO [brain_api] Batch simulate stream start candidate_count=3 concurrency=3 max_retries=2
2026-08-16 13:09:04,587 INFO [brain_api] Simulation submit start expr_hash=b62a41fb530d expr_len=97 settings_keys=['decay', 'delay', 'instrumentType', 'language', 'maxPosition', 'maxTrade', 'nanHandling', 'neutralization', 'pasteurization', 'region', 'truncation', 'unitHandling', 'universe', 'visualization']
2026-08-16 13:09:04,588 INFO [brain_api] Simulation submit start expr_hash=17368893b447 expr_len=131 settings_keys=['decay', 'delay', 'instrumentType', 'language', 'maxPosition', 'maxTrade', 'nanHandling', 'neutralization', 'pasteurization', 'region', 'truncation', 'unitHandling', 'universe', 'visualization']
2026-08-16 13:09:04,592 INFO [brain_api] Simulation submit start expr_hash=2d0bbc33b55a expr_len=131 settings_keys=['decay', 'delay', 'instrumentType', 'language', 'maxPosition', 'maxTrade', 'nanHandling', 'neutralization', 'pasteurization', 'region', 'truncation', 'unitHandling', 'universe', 'visualization']
2026-08-16 13:09:04,899 INFO [brain_api] Simulation created sim_id=sxp8xd7D4ir9BBZSZa6gOF expr_hash=b62a41fb530d
2026-08-16 13:09:04,900 INFO [brain_api] Polling simulation start sim_id=sxp8xd7D4ir9BBZSZa6gOF timeout=600s
2026-08-16 13:09:04,907 INFO [brain_api] Simulation created sim_id=2mcO3I5Jf4BoasDxNLVn6Ry expr_hash=17368893b447
2026-08-16 13:09:04,907 INFO [brain_api] Polling simulation start sim_id=2mcO3I5Jf4BoasDxNLVn6Ry timeout=600s
2026-08-16 13:09:05,187 INFO [brain_api] Polling simulation status changed sim_id=2mcO3I5Jf4BoasDxNLVn6Ry status=UNKNOWN
2026-08-16 13:09:05,188 INFO [brain_api] Polling simulation status changed sim_id=sxp8xd7D4ir9BBZSZa6gOF status=UNKNOWN
2026-08-16 13:09:05,801 INFO [brain_api] Simulation created sim_id=R7hECVc4m9bjEO6jgD4d6 expr_hash=2d0bbc33b55a
2026-08-16 13:09:05,802 INFO [brain_api] Polling simulation start sim_id=R7hECVc4m9bjEO6jgD4d6 timeout=600s
2026-08-16 13:09:06,212 INFO [brain_api] Polling simulation status changed sim_id=R7hECVc4m9bjEO6jgD4d6 status=UNKNOWN
2026-08-16 13:09:10,611 INFO [brain_api] Polling simulation status changed sim_id=2mcO3I5Jf4BoasDxNLVn6Ry status=ERROR
2026-08-16 13:09:10,612 INFO [brain_api] Polling simulation failed sim_id=2mcO3I5Jf4BoasDxNLVn6Ry status=ERROR data_keys=['id', 'links', 'location', 'message', 'status', 'type']
2026-08-16 13:09:10,612 INFO [brain_api] Simulation finished non-complete sim_id=2mcO3I5Jf4BoasDxNLVn6Ry status=ERROR expr_hash=17368893b447 status_code=None error_hash=None
2026-08-16 13:09:10,612 INFO [brain_api] Stream simulation candidate finished batch_idx=1 status=ERROR attempts=1 retryable=False expr_hash=17368893b447
  ✓ wpak0865 | sharpe=1.50 fitness=0.55 turnover=0.3806
[batch 28/69] Mô phỏng 3 candidates...
  [1/3] ERROR — group_neutralize(ts_rank(short_term_price_change_2
2026-08-16 13:09:11,533 INFO [brain_api] Polling simulation status changed sim_id=R7hECVc4m9bjEO6jgD4d6 status=ERROR
2026-08-16 13:09:11,533 INFO [brain_api] Polling simulation failed sim_id=R7hECVc4m9bjEO6jgD4d6 status=ERROR data_keys=['id', 'links', 'location', 'message', 'status', 'type']
2026-08-16 13:09:11,533 INFO [brain_api] Simulation finished non-complete sim_id=R7hECVc4m9bjEO6jgD4d6 status=ERROR expr_hash=2d0bbc33b55a status_code=None error_hash=None
2026-08-16 13:09:11,533 INFO [brain_api] Stream simulation candidate finished batch_idx=2 status=ERROR attempts=1 retryable=False expr_hash=2d0bbc33b55a
  ✗ ERROR: unknown error
  [2/3] ERROR — group_neutralize(ts_rank(short_term_price_change_2
2026-08-16 13:09:34,594 INFO [brain_api] Batch heartbeat ts=2026-08-16T06:09:34.594614+00:00 elapsed=30s progress=2/3 in_flight=1 last_status=ERROR
  ✗ ERROR: unknown error
  [heartbeat] 13:09:34 elapsed=30s 2/3 in_flight=1 last=ERROR
2026-08-16 13:10:04,601 INFO [brain_api] Batch heartbeat ts=2026-08-16T06:10:04.601890+00:00 elapsed=60s progress=2/3 in_flight=1 last_status=ERROR
  [heartbeat] 13:10:04 elapsed=60s 2/3 in_flight=1 last=ERROR
2026-08-16 13:10:34,609 INFO [brain_api] Batch heartbeat ts=2026-08-16T06:10:34.609418+00:00 elapsed=90s progress=2/3 in_flight=1 last_status=ERROR
  [heartbeat] 13:10:34 elapsed=90s 2/3 in_flight=1 last=ERROR
2026-08-16 13:10:41,851 INFO [brain_api] Polling simulation status changed sim_id=sxp8xd7D4ir9BBZSZa6gOF status=COMPLETE
2026-08-16 13:10:41,852 INFO [brain_api] Polling simulation terminal sim_id=sxp8xd7D4ir9BBZSZa6gOF status=COMPLETE alpha_id=rK2a1QQm
2026-08-16 13:10:41,852 INFO [brain_api] Fetching alpha details alpha_id=rK2a1QQm retries=3
2026-08-16 13:10:44,821 INFO [brain_api] Fetched alpha details alpha_id=rK2a1QQm status=UNSUBMITTED sharpe=1.77 fitness=0.72 turnover=0.3802
2026-08-16 13:10:44,821 INFO [brain_api] Simulation complete alpha_id=rK2a1QQm sharpe=1.77 fitness=0.72 turnover=0.3802 expr_hash=b62a41fb530d
2026-08-16 13:10:44,821 INFO [brain_api] Stream simulation candidate finished batch_idx=0 status=COMPLETE attempts=1 retryable=False expr_hash=b62a41fb530d
  [3/3] COMPLETE — group_neutralize(ts_rank(short_term_price_change_2
2026-08-16 13:10:44,824 INFO [brain_api] Batch simulate stream complete candidate_count=3
2026-08-16 13:10:44,824 INFO [brain_api] Batch simulate stream start candidate_count=3 concurrency=3 max_retries=2
2026-08-16 13:10:44,825 INFO [brain_api] Simulation submit start expr_hash=7d72708021b6 expr_len=107 settings_keys=['decay', 'delay', 'instrumentType', 'language', 'maxPosition', 'maxTrade', 'nanHandling', 'neutralization', 'pasteurization', 'region', 'truncation', 'unitHandling', 'universe', 'visualization']
2026-08-16 13:10:44,827 INFO [brain_api] Simulation submit start expr_hash=0f74918cb828 expr_len=117 settings_keys=['decay', 'delay', 'instrumentType', 'language', 'maxPosition', 'maxTrade', 'nanHandling', 'neutralization', 'pasteurization', 'region', 'truncation', 'unitHandling', 'universe', 'visualization']
2026-08-16 13:10:44,830 INFO [brain_api] Simulation submit start expr_hash=b45ce0b4d06d expr_len=72 settings_keys=['decay', 'delay', 'instrumentType', 'language', 'maxPosition', 'maxTrade', 'nanHandling', 'neutralization', 'pasteurization', 'region', 'truncation', 'unitHandling', 'universe', 'visualization']
2026-08-16 13:10:45,230 INFO [brain_api] Simulation created sim_id=zs27q2n155A8xieuKEeUEu expr_hash=7d72708021b6
2026-08-16 13:10:45,230 INFO [brain_api] Polling simulation start sim_id=zs27q2n155A8xieuKEeUEu timeout=600s
2026-08-16 13:10:45,742 INFO [brain_api] Polling simulation status changed sim_id=zs27q2n155A8xieuKEeUEu status=UNKNOWN
2026-08-16 13:10:46,464 INFO [brain_api] Simulation created sim_id=4hkNpV7LK59baeLvFfnbKAg expr_hash=b45ce0b4d06d
2026-08-16 13:10:46,464 INFO [brain_api] Polling simulation start sim_id=4hkNpV7LK59baeLvFfnbKAg timeout=600s
2026-08-16 13:10:46,561 INFO [brain_api] Simulation created sim_id=1swMd42nu4HrciQUvYjPHQ9 expr_hash=0f74918cb828
2026-08-16 13:10:46,561 INFO [brain_api] Polling simulation start sim_id=1swMd42nu4HrciQUvYjPHQ9 timeout=600s
2026-08-16 13:10:46,767 INFO [brain_api] Polling simulation status changed sim_id=4hkNpV7LK59baeLvFfnbKAg status=UNKNOWN
2026-08-16 13:10:47,994 INFO [brain_api] Polling simulation status changed sim_id=1swMd42nu4HrciQUvYjPHQ9 status=UNKNOWN
2026-08-16 13:11:14,832 INFO [brain_api] Batch heartbeat ts=2026-08-16T06:11:14.832487+00:00 elapsed=30s progress=0/3 in_flight=3 last_status=-
  ✓ rK2a1QQm | sharpe=1.77 fitness=0.72 turnover=0.3802
[batch 29/69] Mô phỏng 3 candidates...
  [heartbeat] 13:11:14 elapsed=30s 0/3 in_flight=3 last=-
2026-08-16 13:11:44,839 INFO [brain_api] Batch heartbeat ts=2026-08-16T06:11:44.839217+00:00 elapsed=60s progress=0/3 in_flight=3 last_status=-
  [heartbeat] 13:11:44 elapsed=60s 0/3 in_flight=3 last=-
2026-08-16 13:12:14,846 INFO [brain_api] Batch heartbeat ts=2026-08-16T06:12:14.846077+00:00 elapsed=90s progress=0/3 in_flight=3 last_status=-
  [heartbeat] 13:12:14 elapsed=90s 0/3 in_flight=3 last=-
2026-08-16 13:12:28,860 INFO [brain_api] Polling simulation status changed sim_id=4hkNpV7LK59baeLvFfnbKAg status=COMPLETE
2026-08-16 13:12:28,861 INFO [brain_api] Polling simulation terminal sim_id=4hkNpV7LK59baeLvFfnbKAg status=COMPLETE alpha_id=j26k5rvQ
2026-08-16 13:12:28,861 INFO [brain_api] Fetching alpha details alpha_id=j26k5rvQ retries=3
2026-08-16 13:12:29,370 INFO [brain_api] Fetched alpha details alpha_id=j26k5rvQ status=UNSUBMITTED sharpe=1.5 fitness=0.56 turnover=0.372
2026-08-16 13:12:29,370 INFO [brain_api] Simulation complete alpha_id=j26k5rvQ sharpe=1.5 fitness=0.56 turnover=0.372 expr_hash=b45ce0b4d06d
2026-08-16 13:12:29,370 INFO [brain_api] Stream simulation candidate finished batch_idx=2 status=COMPLETE attempts=1 retryable=False expr_hash=b45ce0b4d06d
  [1/3] COMPLETE — rank(ts_rank(short_term_price_change_2, 5) * (1 - 
2026-08-16 13:12:44,853 INFO [brain_api] Batch heartbeat ts=2026-08-16T06:12:44.853721+00:00 elapsed=120s progress=1/3 in_flight=2 last_status=COMPLETE
  ✓ j26k5rvQ | sharpe=1.50 fitness=0.56 turnover=0.3720
  [heartbeat] 13:12:44 elapsed=120s 1/3 in_flight=2 last=COMPLETE
2026-08-16 13:13:06,438 INFO [brain_api] Polling simulation status changed sim_id=zs27q2n155A8xieuKEeUEu status=COMPLETE
2026-08-16 13:13:06,438 INFO [brain_api] Polling simulation terminal sim_id=zs27q2n155A8xieuKEeUEu status=COMPLETE alpha_id=88pWm3Pl
2026-08-16 13:13:06,438 INFO [brain_api] Fetching alpha details alpha_id=88pWm3Pl retries=3
2026-08-16 13:13:06,852 INFO [brain_api] Fetched alpha details alpha_id=88pWm3Pl status=UNSUBMITTED sharpe=1.87 fitness=0.81 turnover=0.406
2026-08-16 13:13:06,852 INFO [brain_api] Simulation complete alpha_id=88pWm3Pl sharpe=1.87 fitness=0.81 turnover=0.406 expr_hash=7d72708021b6
2026-08-16 13:13:06,852 INFO [brain_api] Stream simulation candidate finished batch_idx=0 status=COMPLETE attempts=1 retryable=False expr_hash=7d72708021b6
  [2/3] COMPLETE — group_neutralize(rank(ts_rank(short_term_price_cha
2026-08-16 13:13:14,860 INFO [brain_api] Batch heartbeat ts=2026-08-16T06:13:14.860539+00:00 elapsed=150s progress=2/3 in_flight=1 last_status=COMPLETE
  ✓ 88pWm3Pl | sharpe=1.87 fitness=0.81 turnover=0.4060
  [heartbeat] 13:13:14 elapsed=150s 2/3 in_flight=1 last=COMPLETE
2026-08-16 13:13:37,167 INFO [brain_api] Polling simulation status changed sim_id=1swMd42nu4HrciQUvYjPHQ9 status=COMPLETE
2026-08-16 13:13:37,167 INFO [brain_api] Polling simulation terminal sim_id=1swMd42nu4HrciQUvYjPHQ9 status=COMPLETE alpha_id=KPGAKJdj
2026-08-16 13:13:37,167 INFO [brain_api] Fetching alpha details alpha_id=KPGAKJdj retries=3
2026-08-16 13:13:37,774 INFO [brain_api] Fetched alpha details alpha_id=KPGAKJdj status=UNSUBMITTED sharpe=1.27 fitness=0.51 turnover=0.2663
2026-08-16 13:13:37,774 INFO [brain_api] Simulation complete alpha_id=KPGAKJdj sharpe=1.27 fitness=0.51 turnover=0.2663 expr_hash=0f74918cb828
2026-08-16 13:13:37,774 INFO [brain_api] Stream simulation candidate finished batch_idx=1 status=COMPLETE attempts=1 retryable=False expr_hash=0f74918cb828
  [3/3] COMPLETE — group_neutralize(ts_decay_linear(ts_rank(short_ter
2026-08-16 13:13:37,777 INFO [brain_api] Batch simulate stream complete candidate_count=3
2026-08-16 13:13:37,778 INFO [brain_api] Batch simulate stream start candidate_count=3 concurrency=3 max_retries=2
2026-08-16 13:13:37,778 INFO [brain_api] Simulation submit start expr_hash=b77c2ba6c3f1 expr_len=88 settings_keys=['decay', 'delay', 'instrumentType', 'language', 'maxPosition', 'maxTrade', 'nanHandling', 'neutralization', 'pasteurization', 'region', 'truncation', 'unitHandling', 'universe', 'visualization']
2026-08-16 13:13:37,779 INFO [brain_api] Simulation submit start expr_hash=351ea6879dd5 expr_len=94 settings_keys=['decay', 'delay', 'instrumentType', 'language', 'maxPosition', 'maxTrade', 'nanHandling', 'neutralization', 'pasteurization', 'region', 'truncation', 'unitHandling', 'universe', 'visualization']
2026-08-16 13:13:37,781 INFO [brain_api] Simulation submit start expr_hash=720bf4a4dc51 expr_len=128 settings_keys=['decay', 'delay', 'instrumentType', 'language', 'maxPosition', 'maxTrade', 'nanHandling', 'neutralization', 'pasteurization', 'region', 'truncation', 'unitHandling', 'universe', 'visualization']
2026-08-16 13:13:38,292 INFO [brain_api] Simulation created sim_id=22TjvZ7Ox5b0aNkUeXjSWw4 expr_hash=b77c2ba6c3f1
2026-08-16 13:13:38,292 INFO [brain_api] Polling simulation start sim_id=22TjvZ7Ox5b0aNkUeXjSWw4 timeout=600s
2026-08-16 13:13:38,797 INFO [brain_api] Polling simulation status changed sim_id=22TjvZ7Ox5b0aNkUeXjSWw4 status=UNKNOWN
2026-08-16 13:13:39,428 INFO [brain_api] Simulation created sim_id=3z731VcCe4ERaxMOaJUI25I expr_hash=720bf4a4dc51
2026-08-16 13:13:39,428 INFO [brain_api] Polling simulation start sim_id=3z731VcCe4ERaxMOaJUI25I timeout=600s
2026-08-16 13:13:39,432 INFO [brain_api] Simulation created sim_id=3CQZfkpn53f9ApLEagtIC6 expr_hash=351ea6879dd5
2026-08-16 13:13:39,432 INFO [brain_api] Polling simulation start sim_id=3CQZfkpn53f9ApLEagtIC6 timeout=600s
2026-08-16 13:13:39,718 INFO [brain_api] Polling simulation status changed sim_id=3z731VcCe4ERaxMOaJUI25I status=ERROR
2026-08-16 13:13:39,719 INFO [brain_api] Polling simulation failed sim_id=3z731VcCe4ERaxMOaJUI25I status=ERROR data_keys=['id', 'links', 'location', 'message', 'status', 'type']
2026-08-16 13:13:39,719 INFO [brain_api] Simulation finished non-complete sim_id=3z731VcCe4ERaxMOaJUI25I status=ERROR expr_hash=720bf4a4dc51 status_code=None error_hash=None
2026-08-16 13:13:39,719 INFO [brain_api] Stream simulation candidate finished batch_idx=2 status=ERROR attempts=1 retryable=False expr_hash=720bf4a4dc51
  ✓ KPGAKJdj | sharpe=1.27 fitness=0.51 turnover=0.2663
[batch 30/69] Mô phỏng 3 candidates...
  [1/3] ERROR — group_neutralize(ts_rank(short_term_price_change_2
2026-08-16 13:13:40,951 INFO [brain_api] Polling simulation status changed sim_id=3CQZfkpn53f9ApLEagtIC6 status=UNKNOWN
2026-08-16 13:14:07,785 INFO [brain_api] Batch heartbeat ts=2026-08-16T06:14:07.784997+00:00 elapsed=30s progress=1/3 in_flight=2 last_status=ERROR
  ✗ ERROR: unknown error
  [heartbeat] 13:14:07 elapsed=30s 1/3 in_flight=2 last=ERROR
2026-08-16 13:14:37,792 INFO [brain_api] Batch heartbeat ts=2026-08-16T06:14:37.792242+00:00 elapsed=60s progress=1/3 in_flight=2 last_status=ERROR
  [heartbeat] 13:14:37 elapsed=60s 1/3 in_flight=2 last=ERROR
2026-08-16 13:15:07,799 INFO [brain_api] Batch heartbeat ts=2026-08-16T06:15:07.799437+00:00 elapsed=90s progress=1/3 in_flight=2 last_status=ERROR
  [heartbeat] 13:15:07 elapsed=90s 1/3 in_flight=2 last=ERROR
2026-08-16 13:15:37,806 INFO [brain_api] Batch heartbeat ts=2026-08-16T06:15:37.806716+00:00 elapsed=120s progress=1/3 in_flight=2 last_status=ERROR
  [heartbeat] 13:15:37 elapsed=120s 1/3 in_flight=2 last=ERROR
2026-08-16 13:15:41,272 INFO [brain_api] Polling simulation status changed sim_id=22TjvZ7Ox5b0aNkUeXjSWw4 status=COMPLETE
2026-08-16 13:15:41,272 INFO [brain_api] Polling simulation terminal sim_id=22TjvZ7Ox5b0aNkUeXjSWw4 status=COMPLETE alpha_id=rK2a1qad
2026-08-16 13:15:41,272 INFO [brain_api] Fetching alpha details alpha_id=rK2a1qad retries=3
2026-08-16 13:15:41,793 INFO [brain_api] Fetched alpha details alpha_id=rK2a1qad status=UNSUBMITTED sharpe=1.55 fitness=0.58 turnover=0.3774
2026-08-16 13:15:41,793 INFO [brain_api] Simulation complete alpha_id=rK2a1qad sharpe=1.55 fitness=0.58 turnover=0.3774 expr_hash=b77c2ba6c3f1
2026-08-16 13:15:41,793 INFO [brain_api] Stream simulation candidate finished batch_idx=0 status=COMPLETE attempts=1 retryable=False expr_hash=b77c2ba6c3f1
  [2/3] COMPLETE — group_rank(ts_rank(short_term_price_change_2, 5) *
2026-08-16 13:16:07,814 INFO [brain_api] Batch heartbeat ts=2026-08-16T06:16:07.814066+00:00 elapsed=150s progress=2/3 in_flight=1 last_status=COMPLETE
  ✓ rK2a1qad | sharpe=1.55 fitness=0.58 turnover=0.3774
  [heartbeat] 13:16:07 elapsed=150s 2/3 in_flight=1 last=COMPLETE
2026-08-16 13:16:37,822 INFO [brain_api] Batch heartbeat ts=2026-08-16T06:16:37.822031+00:00 elapsed=180s progress=2/3 in_flight=1 last_status=COMPLETE
  [heartbeat] 13:16:37 elapsed=180s 2/3 in_flight=1 last=COMPLETE
2026-08-16 13:17:07,829 INFO [brain_api] Batch heartbeat ts=2026-08-16T06:17:07.829515+00:00 elapsed=210s progress=2/3 in_flight=1 last_status=COMPLETE
  [heartbeat] 13:17:07 elapsed=210s 2/3 in_flight=1 last=COMPLETE
2026-08-16 13:17:30,225 INFO [brain_api] Polling simulation status changed sim_id=3CQZfkpn53f9ApLEagtIC6 status=COMPLETE
2026-08-16 13:17:30,225 INFO [brain_api] Polling simulation terminal sim_id=3CQZfkpn53f9ApLEagtIC6 status=COMPLETE alpha_id=YPv3Pd9v
2026-08-16 13:17:30,225 INFO [brain_api] Fetching alpha details alpha_id=YPv3Pd9v retries=3
2026-08-16 13:17:30,638 INFO [brain_api] Fetched alpha details alpha_id=YPv3Pd9v status=UNSUBMITTED sharpe=1.76 fitness=0.74 turnover=0.3753
2026-08-16 13:17:30,638 INFO [brain_api] Simulation complete alpha_id=YPv3Pd9v sharpe=1.76 fitness=0.74 turnover=0.3753 expr_hash=351ea6879dd5
2026-08-16 13:17:30,640 INFO [brain_api] Stream simulation candidate finished batch_idx=1 status=COMPLETE attempts=1 retryable=False expr_hash=351ea6879dd5
  [3/3] COMPLETE — group_neutralize(ts_rank(short_term_price_change_2
2026-08-16 13:17:30,642 INFO [brain_api] Batch simulate stream complete candidate_count=3
2026-08-16 13:17:30,643 INFO [brain_api] Batch simulate stream start candidate_count=3 concurrency=3 max_retries=2
2026-08-16 13:17:30,644 INFO [brain_api] Simulation submit start expr_hash=1d5354657415 expr_len=128 settings_keys=['decay', 'delay', 'instrumentType', 'language', 'maxPosition', 'maxTrade', 'nanHandling', 'neutralization', 'pasteurization', 'region', 'truncation', 'unitHandling', 'universe', 'visualization']
2026-08-16 13:17:30,644 INFO [brain_api] Simulation submit start expr_hash=6c674616939a expr_len=104 settings_keys=['decay', 'delay', 'instrumentType', 'language', 'maxPosition', 'maxTrade', 'nanHandling', 'neutralization', 'pasteurization', 'region', 'truncation', 'unitHandling', 'universe', 'visualization']
2026-08-16 13:17:30,646 INFO [brain_api] Simulation submit start expr_hash=1a12c82f194d expr_len=114 settings_keys=['decay', 'delay', 'instrumentType', 'language', 'maxPosition', 'maxTrade', 'nanHandling', 'neutralization', 'pasteurization', 'region', 'truncation', 'unitHandling', 'universe', 'visualization']
2026-08-16 13:17:30,963 INFO [brain_api] Simulation created sim_id=2AKoA16ac4MPb78N2dUAcWV expr_hash=1d5354657415
2026-08-16 13:17:30,963 INFO [brain_api] Polling simulation start sim_id=2AKoA16ac4MPb78N2dUAcWV timeout=600s
2026-08-16 13:17:31,358 INFO [brain_api] Polling simulation status changed sim_id=2AKoA16ac4MPb78N2dUAcWV status=ERROR
2026-08-16 13:17:31,358 INFO [brain_api] Polling simulation failed sim_id=2AKoA16ac4MPb78N2dUAcWV status=ERROR data_keys=['id', 'links', 'location', 'message', 'status', 'type']
2026-08-16 13:17:31,359 INFO [brain_api] Simulation finished non-complete sim_id=2AKoA16ac4MPb78N2dUAcWV status=ERROR expr_hash=1d5354657415 status_code=None error_hash=None
2026-08-16 13:17:31,359 INFO [brain_api] Stream simulation candidate finished batch_idx=0 status=ERROR attempts=1 retryable=False expr_hash=1d5354657415
  ✓ YPv3Pd9v | sharpe=1.76 fitness=0.74 turnover=0.3753
[batch 31/69] Mô phỏng 3 candidates...
  [1/3] ERROR — group_neutralize(ts_rank(short_term_price_change_2
2026-08-16 13:17:32,481 INFO [brain_api] Simulation created sim_id=34nDX35u55raoQvd4cyOwu expr_hash=6c674616939a
2026-08-16 13:17:32,482 INFO [brain_api] Polling simulation start sim_id=34nDX35u55raoQvd4cyOwu timeout=600s
2026-08-16 13:17:32,483 INFO [brain_api] Simulation created sim_id=3OfeJN1jw4qBc2giXoQaavv expr_hash=1a12c82f194d
2026-08-16 13:17:32,489 INFO [brain_api] Polling simulation start sim_id=3OfeJN1jw4qBc2giXoQaavv timeout=600s
2026-08-16 13:17:33,809 INFO [brain_api] Polling simulation status changed sim_id=3OfeJN1jw4qBc2giXoQaavv status=UNKNOWN
2026-08-16 13:17:33,810 INFO [brain_api] Polling simulation status changed sim_id=34nDX35u55raoQvd4cyOwu status=UNKNOWN
2026-08-16 13:18:00,650 INFO [brain_api] Batch heartbeat ts=2026-08-16T06:18:00.650177+00:00 elapsed=30s progress=1/3 in_flight=2 last_status=ERROR
  ✗ ERROR: unknown error
  [heartbeat] 13:18:00 elapsed=30s 1/3 in_flight=2 last=ERROR
2026-08-16 13:18:30,656 INFO [brain_api] Batch heartbeat ts=2026-08-16T06:18:30.656858+00:00 elapsed=60s progress=1/3 in_flight=2 last_status=ERROR
  [heartbeat] 13:18:30 elapsed=60s 1/3 in_flight=2 last=ERROR
2026-08-16 13:19:00,663 INFO [brain_api] Batch heartbeat ts=2026-08-16T06:19:00.663732+00:00 elapsed=90s progress=1/3 in_flight=2 last_status=ERROR
  [heartbeat] 13:19:00 elapsed=90s 1/3 in_flight=2 last=ERROR
2026-08-16 13:19:26,758 INFO [brain_api] Polling simulation status changed sim_id=34nDX35u55raoQvd4cyOwu status=COMPLETE
2026-08-16 13:19:26,759 INFO [brain_api] Polling simulation terminal sim_id=34nDX35u55raoQvd4cyOwu status=COMPLETE alpha_id=d5ZJ50ex
2026-08-16 13:19:26,759 INFO [brain_api] Fetching alpha details alpha_id=d5ZJ50ex retries=3
2026-08-16 13:19:27,280 INFO [brain_api] Fetched alpha details alpha_id=d5ZJ50ex status=UNSUBMITTED sharpe=1.87 fitness=0.84 turnover=0.4019
2026-08-16 13:19:27,280 INFO [brain_api] Simulation complete alpha_id=d5ZJ50ex sharpe=1.87 fitness=0.84 turnover=0.4019 expr_hash=6c674616939a
2026-08-16 13:19:27,280 INFO [brain_api] Stream simulation candidate finished batch_idx=1 status=COMPLETE attempts=1 retryable=False expr_hash=6c674616939a
  [2/3] COMPLETE — group_neutralize(rank(ts_rank(short_term_price_cha
2026-08-16 13:19:30,671 INFO [brain_api] Batch heartbeat ts=2026-08-16T06:19:30.671786+00:00 elapsed=120s progress=2/3 in_flight=1 last_status=COMPLETE
  ✓ d5ZJ50ex | sharpe=1.87 fitness=0.84 turnover=0.4019
  [heartbeat] 13:19:30 elapsed=120s 2/3 in_flight=1 last=COMPLETE
2026-08-16 13:20:00,251 INFO [brain_api] Polling simulation status changed sim_id=3OfeJN1jw4qBc2giXoQaavv status=COMPLETE
2026-08-16 13:20:00,251 INFO [brain_api] Polling simulation terminal sim_id=3OfeJN1jw4qBc2giXoQaavv status=COMPLETE alpha_id=WjArj7Wk
2026-08-16 13:20:00,252 INFO [brain_api] Fetching alpha details alpha_id=WjArj7Wk retries=3
2026-08-16 13:20:00,678 INFO [brain_api] Batch heartbeat ts=2026-08-16T06:20:00.678623+00:00 elapsed=150s progress=2/3 in_flight=1 last_status=COMPLETE
  [heartbeat] 13:20:00 elapsed=150s 2/3 in_flight=1 last=COMPLETE
2026-08-16 13:20:00,767 INFO [brain_api] Fetched alpha details alpha_id=WjArj7Wk status=UNSUBMITTED sharpe=1.28 fitness=0.53 turnover=0.2639
2026-08-16 13:20:00,767 INFO [brain_api] Simulation complete alpha_id=WjArj7Wk sharpe=1.28 fitness=0.53 turnover=0.2639 expr_hash=1a12c82f194d
2026-08-16 13:20:00,768 INFO [brain_api] Stream simulation candidate finished batch_idx=2 status=COMPLETE attempts=1 retryable=False expr_hash=1a12c82f194d
  [3/3] COMPLETE — group_neutralize(ts_decay_linear(ts_rank(short_ter
2026-08-16 13:20:00,770 INFO [brain_api] Batch simulate stream complete candidate_count=3
2026-08-16 13:20:00,770 INFO [brain_api] Batch simulate stream start candidate_count=3 concurrency=3 max_retries=2
2026-08-16 13:20:00,771 INFO [brain_api] Simulation submit start expr_hash=b45ce0b4d06d expr_len=72 settings_keys=['decay', 'delay', 'instrumentType', 'language', 'maxPosition', 'maxTrade', 'nanHandling', 'neutralization', 'pasteurization', 'region', 'truncation', 'unitHandling', 'universe', 'visualization']
2026-08-16 13:20:00,772 INFO [brain_api] Simulation submit start expr_hash=f23723c26f95 expr_len=91 settings_keys=['decay', 'delay', 'instrumentType', 'language', 'maxPosition', 'maxTrade', 'nanHandling', 'neutralization', 'pasteurization', 'region', 'truncation', 'unitHandling', 'universe', 'visualization']
2026-08-16 13:20:00,773 INFO [brain_api] Simulation submit start expr_hash=355e10602a3d expr_len=97 settings_keys=['decay', 'delay', 'instrumentType', 'language', 'maxPosition', 'maxTrade', 'nanHandling', 'neutralization', 'pasteurization', 'region', 'truncation', 'unitHandling', 'universe', 'visualization']
2026-08-16 13:20:01,080 INFO [brain_api] Simulation created sim_id=1WkGcd3E4Uob1nNQ6IV6Wj expr_hash=b45ce0b4d06d
2026-08-16 13:20:01,080 INFO [brain_api] Polling simulation start sim_id=1WkGcd3E4Uob1nNQ6IV6Wj timeout=600s
2026-08-16 13:20:01,378 INFO [brain_api] Polling simulation status changed sim_id=1WkGcd3E4Uob1nNQ6IV6Wj status=UNKNOWN
2026-08-16 13:20:02,710 INFO [brain_api] Simulation created sim_id=2x6KzH6my59D9hvnLi6fB5I expr_hash=355e10602a3d
2026-08-16 13:20:02,711 INFO [brain_api] Simulation created sim_id=1iAx7t1Bn4Yb90WXc31zXH0 expr_hash=f23723c26f95
2026-08-16 13:20:02,711 INFO [brain_api] Polling simulation start sim_id=1iAx7t1Bn4Yb90WXc31zXH0 timeout=600s
2026-08-16 13:20:02,711 INFO [brain_api] Polling simulation start sim_id=2x6KzH6my59D9hvnLi6fB5I timeout=600s
2026-08-16 13:20:03,017 INFO [brain_api] Polling simulation status changed sim_id=2x6KzH6my59D9hvnLi6fB5I status=UNKNOWN
2026-08-16 13:20:03,018 INFO [brain_api] Polling simulation status changed sim_id=1iAx7t1Bn4Yb90WXc31zXH0 status=UNKNOWN
2026-08-16 13:20:30,777 INFO [brain_api] Batch heartbeat ts=2026-08-16T06:20:30.777481+00:00 elapsed=30s progress=0/3 in_flight=3 last_status=-
  ✓ WjArj7Wk | sharpe=1.28 fitness=0.53 turnover=0.2639
[batch 32/69] Mô phỏng 3 candidates...
  [heartbeat] 13:20:30 elapsed=30s 0/3 in_flight=3 last=-
2026-08-16 13:21:00,784 INFO [brain_api] Batch heartbeat ts=2026-08-16T06:21:00.784437+00:00 elapsed=60s progress=0/3 in_flight=3 last_status=-
  [heartbeat] 13:21:00 elapsed=60s 0/3 in_flight=3 last=-
2026-08-16 13:21:30,792 INFO [brain_api] Batch heartbeat ts=2026-08-16T06:21:30.792731+00:00 elapsed=90s progress=0/3 in_flight=3 last_status=-
  [heartbeat] 13:21:30 elapsed=90s 0/3 in_flight=3 last=-
2026-08-16 13:22:00,799 INFO [brain_api] Batch heartbeat ts=2026-08-16T06:22:00.799569+00:00 elapsed=120s progress=0/3 in_flight=3 last_status=-
  [heartbeat] 13:22:00 elapsed=120s 0/3 in_flight=3 last=-
2026-08-16 13:22:22,283 INFO [brain_api] Polling simulation status changed sim_id=1WkGcd3E4Uob1nNQ6IV6Wj status=COMPLETE
2026-08-16 13:22:22,283 INFO [brain_api] Polling simulation terminal sim_id=1WkGcd3E4Uob1nNQ6IV6Wj status=COMPLETE alpha_id=j26k5rvQ
2026-08-16 13:22:22,283 INFO [brain_api] Fetching alpha details alpha_id=j26k5rvQ retries=3
2026-08-16 13:22:22,693 INFO [brain_api] Fetched alpha details alpha_id=j26k5rvQ status=UNSUBMITTED sharpe=1.5 fitness=0.56 turnover=0.372
2026-08-16 13:22:22,693 INFO [brain_api] Simulation complete alpha_id=j26k5rvQ sharpe=1.5 fitness=0.56 turnover=0.372 expr_hash=b45ce0b4d06d
2026-08-16 13:22:22,693 INFO [brain_api] Stream simulation candidate finished batch_idx=0 status=COMPLETE attempts=1 retryable=False expr_hash=b45ce0b4d06d
  [1/3] COMPLETE — rank(ts_rank(short_term_price_change_2, 5) * (1 - 
2026-08-16 13:22:28,335 INFO [brain_api] Polling simulation status changed sim_id=1iAx7t1Bn4Yb90WXc31zXH0 status=COMPLETE
2026-08-16 13:22:28,335 INFO [brain_api] Polling simulation terminal sim_id=1iAx7t1Bn4Yb90WXc31zXH0 status=COMPLETE alpha_id=QPGRPpKW
2026-08-16 13:22:28,335 INFO [brain_api] Fetching alpha details alpha_id=QPGRPpKW retries=3
2026-08-16 13:22:28,733 INFO [brain_api] Fetched alpha details alpha_id=QPGRPpKW status=UNSUBMITTED sharpe=1.55 fitness=0.56 turnover=0.3872
2026-08-16 13:22:28,733 INFO [brain_api] Simulation complete alpha_id=QPGRPpKW sharpe=1.55 fitness=0.56 turnover=0.3872 expr_hash=f23723c26f95
2026-08-16 13:22:28,733 INFO [brain_api] Stream simulation candidate finished batch_idx=1 status=COMPLETE attempts=1 retryable=False expr_hash=f23723c26f95
  ✓ j26k5rvQ | sharpe=1.50 fitness=0.56 turnover=0.3720
  [2/3] COMPLETE — group_rank(ts_rank(short_term_price_change_2, 5) *
2026-08-16 13:22:30,806 INFO [brain_api] Batch heartbeat ts=2026-08-16T06:22:30.806293+00:00 elapsed=150s progress=2/3 in_flight=1 last_status=COMPLETE
  ✓ QPGRPpKW | sharpe=1.55 fitness=0.56 turnover=0.3872
  [heartbeat] 13:22:30 elapsed=150s 2/3 in_flight=1 last=COMPLETE
2026-08-16 13:22:39,582 INFO [brain_api] Polling simulation status changed sim_id=2x6KzH6my59D9hvnLi6fB5I status=COMPLETE
2026-08-16 13:22:39,582 INFO [brain_api] Polling simulation terminal sim_id=2x6KzH6my59D9hvnLi6fB5I status=COMPLETE alpha_id=wpa7p7Z5
2026-08-16 13:22:39,582 INFO [brain_api] Fetching alpha details alpha_id=wpa7p7Z5 retries=3
2026-08-16 13:22:39,995 INFO [brain_api] Fetched alpha details alpha_id=wpa7p7Z5 status=UNSUBMITTED sharpe=1.75 fitness=0.73 turnover=0.3749
2026-08-16 13:22:39,996 INFO [brain_api] Simulation complete alpha_id=wpa7p7Z5 sharpe=1.75 fitness=0.73 turnover=0.3749 expr_hash=355e10602a3d
2026-08-16 13:22:39,996 INFO [brain_api] Stream simulation candidate finished batch_idx=2 status=COMPLETE attempts=1 retryable=False expr_hash=355e10602a3d
  [3/3] COMPLETE — group_neutralize(ts_rank(short_term_price_change_2
2026-08-16 13:22:39,998 INFO [brain_api] Batch simulate stream complete candidate_count=3
2026-08-16 13:22:39,998 INFO [brain_api] Batch simulate stream start candidate_count=3 concurrency=3 max_retries=2
2026-08-16 13:22:39,999 INFO [brain_api] Simulation submit start expr_hash=75e89771c88a expr_len=131 settings_keys=['decay', 'delay', 'instrumentType', 'language', 'maxPosition', 'maxTrade', 'nanHandling', 'neutralization', 'pasteurization', 'region', 'truncation', 'unitHandling', 'universe', 'visualization']
2026-08-16 13:22:40,000 INFO [brain_api] Simulation submit start expr_hash=f95cbc85ff49 expr_len=131 settings_keys=['decay', 'delay', 'instrumentType', 'language', 'maxPosition', 'maxTrade', 'nanHandling', 'neutralization', 'pasteurization', 'region', 'truncation', 'unitHandling', 'universe', 'visualization']
2026-08-16 13:22:40,003 INFO [brain_api] Simulation submit start expr_hash=2ee72ef84495 expr_len=107 settings_keys=['decay', 'delay', 'instrumentType', 'language', 'maxPosition', 'maxTrade', 'nanHandling', 'neutralization', 'pasteurization', 'region', 'truncation', 'unitHandling', 'universe', 'visualization']
2026-08-16 13:22:40,314 INFO [brain_api] Simulation created sim_id=3zTK8u9YK4Nm9ruBqd1KFfe expr_hash=f95cbc85ff49
2026-08-16 13:22:40,314 INFO [brain_api] Polling simulation start sim_id=3zTK8u9YK4Nm9ruBqd1KFfe timeout=600s
2026-08-16 13:22:40,510 INFO [brain_api] Simulation created sim_id=1tSO8TfxU4nUaFrCWu3fzaY expr_hash=75e89771c88a
2026-08-16 13:22:40,510 INFO [brain_api] Polling simulation start sim_id=1tSO8TfxU4nUaFrCWu3fzaY timeout=600s
2026-08-16 13:22:40,815 INFO [brain_api] Polling simulation status changed sim_id=1tSO8TfxU4nUaFrCWu3fzaY status=UNKNOWN
2026-08-16 13:22:40,817 INFO [brain_api] Polling simulation status changed sim_id=3zTK8u9YK4Nm9ruBqd1KFfe status=UNKNOWN
2026-08-16 13:22:41,843 INFO [brain_api] Simulation created sim_id=1tnzVW6W44Eyb2e6IMOMinm expr_hash=2ee72ef84495
2026-08-16 13:22:41,843 INFO [brain_api] Polling simulation start sim_id=1tnzVW6W44Eyb2e6IMOMinm timeout=600s
2026-08-16 13:22:42,249 INFO [brain_api] Polling simulation status changed sim_id=1tnzVW6W44Eyb2e6IMOMinm status=UNKNOWN
2026-08-16 13:22:46,140 INFO [brain_api] Polling simulation status changed sim_id=3zTK8u9YK4Nm9ruBqd1KFfe status=ERROR
2026-08-16 13:22:46,140 INFO [brain_api] Polling simulation failed sim_id=3zTK8u9YK4Nm9ruBqd1KFfe status=ERROR data_keys=['id', 'links', 'location', 'message', 'status', 'type']
2026-08-16 13:22:46,140 INFO [brain_api] Simulation finished non-complete sim_id=3zTK8u9YK4Nm9ruBqd1KFfe status=ERROR expr_hash=f95cbc85ff49 status_code=None error_hash=None
2026-08-16 13:22:46,140 INFO [brain_api] Stream simulation candidate finished batch_idx=1 status=ERROR attempts=1 retryable=False expr_hash=f95cbc85ff49
  ✓ wpa7p7Z5 | sharpe=1.75 fitness=0.73 turnover=0.3749
[batch 33/69] Mô phỏng 3 candidates...
  [1/3] ERROR — group_neutralize(ts_rank(short_term_price_change_2
2026-08-16 13:22:46,142 INFO [brain_api] Polling simulation status changed sim_id=1tSO8TfxU4nUaFrCWu3fzaY status=ERROR
2026-08-16 13:22:46,142 INFO [brain_api] Polling simulation failed sim_id=1tSO8TfxU4nUaFrCWu3fzaY status=ERROR data_keys=['id', 'links', 'location', 'message', 'status', 'type']
2026-08-16 13:22:46,143 INFO [brain_api] Simulation finished non-complete sim_id=1tSO8TfxU4nUaFrCWu3fzaY status=ERROR expr_hash=75e89771c88a status_code=None error_hash=None
2026-08-16 13:22:46,143 INFO [brain_api] Stream simulation candidate finished batch_idx=0 status=ERROR attempts=1 retryable=False expr_hash=75e89771c88a
  ✗ ERROR: unknown error
  [2/3] ERROR — group_neutralize(ts_rank(short_term_price_change_2
2026-08-16 13:23:10,005 INFO [brain_api] Batch heartbeat ts=2026-08-16T06:23:10.005411+00:00 elapsed=30s progress=2/3 in_flight=1 last_status=ERROR
  ✗ ERROR: unknown error
  [heartbeat] 13:23:10 elapsed=30s 2/3 in_flight=1 last=ERROR
2026-08-16 13:23:40,012 INFO [brain_api] Batch heartbeat ts=2026-08-16T06:23:40.012067+00:00 elapsed=60s progress=2/3 in_flight=1 last_status=ERROR
  [heartbeat] 13:23:40 elapsed=60s 2/3 in_flight=1 last=ERROR
2026-08-16 13:24:10,024 INFO [brain_api] Batch heartbeat ts=2026-08-16T06:24:10.024798+00:00 elapsed=90s progress=2/3 in_flight=1 last_status=ERROR
  [heartbeat] 13:24:10 elapsed=90s 2/3 in_flight=1 last=ERROR
2026-08-16 13:24:40,037 INFO [brain_api] Batch heartbeat ts=2026-08-16T06:24:40.037483+00:00 elapsed=120s progress=2/3 in_flight=1 last_status=ERROR
  [heartbeat] 13:24:40 elapsed=120s 2/3 in_flight=1 last=ERROR
2026-08-16 13:25:10,044 INFO [brain_api] Batch heartbeat ts=2026-08-16T06:25:10.044559+00:00 elapsed=150s progress=2/3 in_flight=1 last_status=ERROR
  [heartbeat] 13:25:10 elapsed=150s 2/3 in_flight=1 last=ERROR
2026-08-16 13:25:33,264 INFO [brain_api] Polling simulation status changed sim_id=1tnzVW6W44Eyb2e6IMOMinm status=COMPLETE
2026-08-16 13:25:33,264 INFO [brain_api] Polling simulation terminal sim_id=1tnzVW6W44Eyb2e6IMOMinm status=COMPLETE alpha_id=0mpZOQzk
2026-08-16 13:25:33,264 INFO [brain_api] Fetching alpha details alpha_id=0mpZOQzk retries=3
2026-08-16 13:25:33,670 INFO [brain_api] Fetched alpha details alpha_id=0mpZOQzk status=UNSUBMITTED sharpe=1.86 fitness=0.83 turnover=0.4016
2026-08-16 13:25:33,670 INFO [brain_api] Simulation complete alpha_id=0mpZOQzk sharpe=1.86 fitness=0.83 turnover=0.4016 expr_hash=2ee72ef84495
2026-08-16 13:25:33,671 INFO [brain_api] Stream simulation candidate finished batch_idx=2 status=COMPLETE attempts=1 retryable=False expr_hash=2ee72ef84495
  [3/3] COMPLETE — group_neutralize(rank(ts_rank(short_term_price_cha
2026-08-16 13:25:33,673 INFO [brain_api] Batch simulate stream complete candidate_count=3
2026-08-16 13:25:33,673 INFO [brain_api] Batch simulate stream start candidate_count=3 concurrency=3 max_retries=2
2026-08-16 13:25:33,674 INFO [brain_api] Simulation submit start expr_hash=ae6935e3bd64 expr_len=117 settings_keys=['decay', 'delay', 'instrumentType', 'language', 'maxPosition', 'maxTrade', 'nanHandling', 'neutralization', 'pasteurization', 'region', 'truncation', 'unitHandling', 'universe', 'visualization']
2026-08-16 13:25:33,676 INFO [brain_api] Simulation submit start expr_hash=8420baf15bcc expr_len=73 settings_keys=['decay', 'delay', 'instrumentType', 'language', 'maxPosition', 'maxTrade', 'nanHandling', 'neutralization', 'pasteurization', 'region', 'truncation', 'unitHandling', 'universe', 'visualization']
2026-08-16 13:25:33,677 INFO [brain_api] Simulation submit start expr_hash=f9ddc2821fd4 expr_len=89 settings_keys=['decay', 'delay', 'instrumentType', 'language', 'maxPosition', 'maxTrade', 'nanHandling', 'neutralization', 'pasteurization', 'region', 'truncation', 'unitHandling', 'universe', 'visualization']
2026-08-16 13:25:34,187 INFO [brain_api] Simulation created sim_id=18Hs1t7Yo4Ku9Gj1gfJWBTjQ expr_hash=ae6935e3bd64
2026-08-16 13:25:34,188 INFO [brain_api] Polling simulation start sim_id=18Hs1t7Yo4Ku9Gj1gfJWBTjQ timeout=600s
2026-08-16 13:25:34,498 INFO [brain_api] Polling simulation status changed sim_id=18Hs1t7Yo4Ku9Gj1gfJWBTjQ status=UNKNOWN
2026-08-16 13:25:35,110 INFO [brain_api] Simulation created sim_id=3YeF5I7PF4xrcbPbgSp8wt4 expr_hash=f9ddc2821fd4
2026-08-16 13:25:35,110 INFO [brain_api] Polling simulation start sim_id=3YeF5I7PF4xrcbPbgSp8wt4 timeout=600s
2026-08-16 13:25:35,115 INFO [brain_api] Simulation created sim_id=3PaTSD81F4Cs9t7VhebYZk9 expr_hash=8420baf15bcc
2026-08-16 13:25:35,118 INFO [brain_api] Polling simulation start sim_id=3PaTSD81F4Cs9t7VhebYZk9 timeout=600s
2026-08-16 13:25:35,453 INFO [brain_api] Polling simulation status changed sim_id=3YeF5I7PF4xrcbPbgSp8wt4 status=UNKNOWN
2026-08-16 13:25:35,454 INFO [brain_api] Polling simulation status changed sim_id=3PaTSD81F4Cs9t7VhebYZk9 status=UNKNOWN
2026-08-16 13:26:03,681 INFO [brain_api] Batch heartbeat ts=2026-08-16T06:26:03.681208+00:00 elapsed=30s progress=0/3 in_flight=3 last_status=-
  ✓ 0mpZOQzk | sharpe=1.86 fitness=0.83 turnover=0.4016
[batch 34/69] Mô phỏng 3 candidates...
  [heartbeat] 13:26:03 elapsed=30s 0/3 in_flight=3 last=-
2026-08-16 13:26:33,687 INFO [brain_api] Batch heartbeat ts=2026-08-16T06:26:33.687783+00:00 elapsed=60s progress=0/3 in_flight=3 last_status=-
  [heartbeat] 13:26:33 elapsed=60s 0/3 in_flight=3 last=-
2026-08-16 13:27:03,695 INFO [brain_api] Batch heartbeat ts=2026-08-16T06:27:03.695374+00:00 elapsed=90s progress=0/3 in_flight=3 last_status=-
  [heartbeat] 13:27:03 elapsed=90s 0/3 in_flight=3 last=-
2026-08-16 13:27:33,702 INFO [brain_api] Batch heartbeat ts=2026-08-16T06:27:33.702071+00:00 elapsed=120s progress=0/3 in_flight=3 last_status=-
  [heartbeat] 13:27:33 elapsed=120s 0/3 in_flight=3 last=-
2026-08-16 13:27:55,484 INFO [brain_api] Polling simulation status changed sim_id=3PaTSD81F4Cs9t7VhebYZk9 status=COMPLETE
2026-08-16 13:27:55,484 INFO [brain_api] Polling simulation terminal sim_id=3PaTSD81F4Cs9t7VhebYZk9 status=COMPLETE alpha_id=1Yp3kNmz
2026-08-16 13:27:55,484 INFO [brain_api] Fetching alpha details alpha_id=1Yp3kNmz retries=3
2026-08-16 13:27:56,124 INFO [brain_api] Fetched alpha details alpha_id=1Yp3kNmz status=UNSUBMITTED sharpe=1.36 fitness=0.51 turnover=0.3245
2026-08-16 13:27:56,124 INFO [brain_api] Simulation complete alpha_id=1Yp3kNmz sharpe=1.36 fitness=0.51 turnover=0.3245 expr_hash=8420baf15bcc
2026-08-16 13:27:56,125 INFO [brain_api] Stream simulation candidate finished batch_idx=1 status=COMPLETE attempts=1 retryable=False expr_hash=8420baf15bcc
  [1/3] COMPLETE — rank(ts_rank(short_term_price_change_2, 10) * (1 -
2026-08-16 13:28:03,709 INFO [brain_api] Batch heartbeat ts=2026-08-16T06:28:03.709225+00:00 elapsed=150s progress=1/3 in_flight=2 last_status=COMPLETE
  ✓ 1Yp3kNmz | sharpe=1.36 fitness=0.51 turnover=0.3245
  [heartbeat] 13:28:03 elapsed=150s 1/3 in_flight=2 last=COMPLETE
2026-08-16 13:28:14,555 INFO [brain_api] Polling simulation status changed sim_id=18Hs1t7Yo4Ku9Gj1gfJWBTjQ status=COMPLETE
2026-08-16 13:28:14,556 INFO [brain_api] Polling simulation terminal sim_id=18Hs1t7Yo4Ku9Gj1gfJWBTjQ status=COMPLETE alpha_id=KPGAlVOg
2026-08-16 13:28:14,556 INFO [brain_api] Fetching alpha details alpha_id=KPGAlVOg retries=3
2026-08-16 13:28:14,961 INFO [brain_api] Fetched alpha details alpha_id=KPGAlVOg status=UNSUBMITTED sharpe=1.27 fitness=0.53 turnover=0.2636
2026-08-16 13:28:14,961 INFO [brain_api] Simulation complete alpha_id=KPGAlVOg sharpe=1.27 fitness=0.53 turnover=0.2636 expr_hash=ae6935e3bd64
2026-08-16 13:28:14,962 INFO [brain_api] Stream simulation candidate finished batch_idx=0 status=COMPLETE attempts=1 retryable=False expr_hash=ae6935e3bd64
  [2/3] COMPLETE — group_neutralize(ts_decay_linear(ts_rank(short_ter
2026-08-16 13:28:30,629 INFO [brain_api] Polling simulation status changed sim_id=3YeF5I7PF4xrcbPbgSp8wt4 status=COMPLETE
2026-08-16 13:28:30,629 INFO [brain_api] Polling simulation terminal sim_id=3YeF5I7PF4xrcbPbgSp8wt4 status=COMPLETE alpha_id=9qp5ZdLe
2026-08-16 13:28:30,629 INFO [brain_api] Fetching alpha details alpha_id=9qp5ZdLe retries=3
2026-08-16 13:28:31,038 INFO [brain_api] Fetched alpha details alpha_id=9qp5ZdLe status=UNSUBMITTED sharpe=1.35 fitness=0.49 turnover=0.3299
2026-08-16 13:28:31,039 INFO [brain_api] Simulation complete alpha_id=9qp5ZdLe sharpe=1.35 fitness=0.49 turnover=0.3299 expr_hash=f9ddc2821fd4
2026-08-16 13:28:31,039 INFO [brain_api] Stream simulation candidate finished batch_idx=2 status=COMPLETE attempts=1 retryable=False expr_hash=f9ddc2821fd4
  ✓ KPGAlVOg | sharpe=1.27 fitness=0.53 turnover=0.2636
  [3/3] COMPLETE — group_rank(ts_rank(short_term_price_change_2, 10) 
2026-08-16 13:28:31,041 INFO [brain_api] Batch simulate stream complete candidate_count=3
2026-08-16 13:28:31,042 INFO [brain_api] Batch simulate stream start candidate_count=3 concurrency=3 max_retries=2
2026-08-16 13:28:31,042 INFO [brain_api] Simulation submit start expr_hash=2e2c1fd6a08c expr_len=95 settings_keys=['decay', 'delay', 'instrumentType', 'language', 'maxPosition', 'maxTrade', 'nanHandling', 'neutralization', 'pasteurization', 'region', 'truncation', 'unitHandling', 'universe', 'visualization']
2026-08-16 13:28:31,043 INFO [brain_api] Simulation submit start expr_hash=584eaa06550c expr_len=129 settings_keys=['decay', 'delay', 'instrumentType', 'language', 'maxPosition', 'maxTrade', 'nanHandling', 'neutralization', 'pasteurization', 'region', 'truncation', 'unitHandling', 'universe', 'visualization']
2026-08-16 13:28:31,043 INFO [brain_api] Simulation submit start expr_hash=77029dc1af40 expr_len=129 settings_keys=['decay', 'delay', 'instrumentType', 'language', 'maxPosition', 'maxTrade', 'nanHandling', 'neutralization', 'pasteurization', 'region', 'truncation', 'unitHandling', 'universe', 'visualization']
2026-08-16 13:28:31,346 INFO [brain_api] Simulation created sim_id=y4DoX5SG4ltcLfQEKBopUf expr_hash=2e2c1fd6a08c
2026-08-16 13:28:31,346 INFO [brain_api] Polling simulation start sim_id=y4DoX5SG4ltcLfQEKBopUf timeout=600s
2026-08-16 13:28:31,658 INFO [brain_api] Polling simulation status changed sim_id=y4DoX5SG4ltcLfQEKBopUf status=UNKNOWN
2026-08-16 13:28:31,659 INFO [brain_api] Simulation created sim_id=4ezbUcabf4joaYe1bK8lHNbo expr_hash=584eaa06550c
2026-08-16 13:28:31,659 INFO [brain_api] Polling simulation start sim_id=4ezbUcabf4joaYe1bK8lHNbo timeout=600s
2026-08-16 13:28:31,963 INFO [brain_api] Polling simulation status changed sim_id=4ezbUcabf4joaYe1bK8lHNbo status=UNKNOWN
2026-08-16 13:28:32,581 INFO [brain_api] Simulation created sim_id=3Tm2OteY24yY9nI1fx06RI34 expr_hash=77029dc1af40
2026-08-16 13:28:32,581 INFO [brain_api] Polling simulation start sim_id=3Tm2OteY24yY9nI1fx06RI34 timeout=600s
2026-08-16 13:28:32,982 INFO [brain_api] Polling simulation status changed sim_id=3Tm2OteY24yY9nI1fx06RI34 status=ERROR
2026-08-16 13:28:32,983 INFO [brain_api] Polling simulation failed sim_id=3Tm2OteY24yY9nI1fx06RI34 status=ERROR data_keys=['id', 'links', 'location', 'message', 'status', 'type']
2026-08-16 13:28:32,983 INFO [brain_api] Simulation finished non-complete sim_id=3Tm2OteY24yY9nI1fx06RI34 status=ERROR expr_hash=77029dc1af40 status_code=None error_hash=None
2026-08-16 13:28:32,984 INFO [brain_api] Stream simulation candidate finished batch_idx=2 status=ERROR attempts=1 retryable=False expr_hash=77029dc1af40
  ✓ 9qp5ZdLe | sharpe=1.35 fitness=0.49 turnover=0.3299
[batch 35/69] Mô phỏng 3 candidates...
  [1/3] ERROR — group_neutralize(ts_rank(short_term_price_change_2
2026-08-16 13:28:38,006 INFO [brain_api] Polling simulation status changed sim_id=4ezbUcabf4joaYe1bK8lHNbo status=ERROR
2026-08-16 13:28:38,006 INFO [brain_api] Polling simulation failed sim_id=4ezbUcabf4joaYe1bK8lHNbo status=ERROR data_keys=['id', 'links', 'location', 'message', 'status', 'type']
2026-08-16 13:28:38,006 INFO [brain_api] Simulation finished non-complete sim_id=4ezbUcabf4joaYe1bK8lHNbo status=ERROR expr_hash=584eaa06550c status_code=None error_hash=None
2026-08-16 13:28:38,006 INFO [brain_api] Stream simulation candidate finished batch_idx=1 status=ERROR attempts=1 retryable=False expr_hash=584eaa06550c
  ✗ ERROR: unknown error
  [2/3] ERROR — group_neutralize(ts_rank(short_term_price_change_2
2026-08-16 13:29:01,049 INFO [brain_api] Batch heartbeat ts=2026-08-16T06:29:01.049130+00:00 elapsed=30s progress=2/3 in_flight=1 last_status=ERROR
  ✗ ERROR: unknown error
  [heartbeat] 13:29:01 elapsed=30s 2/3 in_flight=1 last=ERROR
2026-08-16 13:29:31,055 INFO [brain_api] Batch heartbeat ts=2026-08-16T06:29:31.055753+00:00 elapsed=60s progress=2/3 in_flight=1 last_status=ERROR
  [heartbeat] 13:29:31 elapsed=60s 2/3 in_flight=1 last=ERROR
2026-08-16 13:30:01,062 INFO [brain_api] Batch heartbeat ts=2026-08-16T06:30:01.062789+00:00 elapsed=90s progress=2/3 in_flight=1 last_status=ERROR
  [heartbeat] 13:30:01 elapsed=90s 2/3 in_flight=1 last=ERROR
2026-08-16 13:30:31,070 INFO [brain_api] Batch heartbeat ts=2026-08-16T06:30:31.070119+00:00 elapsed=120s progress=2/3 in_flight=1 last_status=ERROR
  [heartbeat] 13:30:31 elapsed=120s 2/3 in_flight=1 last=ERROR
2026-08-16 13:30:59,315 INFO [brain_api] Polling simulation status changed sim_id=y4DoX5SG4ltcLfQEKBopUf status=COMPLETE
2026-08-16 13:30:59,315 INFO [brain_api] Polling simulation terminal sim_id=y4DoX5SG4ltcLfQEKBopUf status=COMPLETE alpha_id=2rpVM0XY
2026-08-16 13:30:59,315 INFO [brain_api] Fetching alpha details alpha_id=2rpVM0XY retries=3
2026-08-16 13:30:59,724 INFO [brain_api] Fetched alpha details alpha_id=2rpVM0XY status=UNSUBMITTED sharpe=1.55 fitness=0.63 turnover=0.3217
2026-08-16 13:30:59,724 INFO [brain_api] Simulation complete alpha_id=2rpVM0XY sharpe=1.55 fitness=0.63 turnover=0.3217 expr_hash=2e2c1fd6a08c
2026-08-16 13:30:59,724 INFO [brain_api] Stream simulation candidate finished batch_idx=0 status=COMPLETE attempts=1 retryable=False expr_hash=2e2c1fd6a08c
  [3/3] COMPLETE — group_neutralize(ts_rank(short_term_price_change_2
2026-08-16 13:30:59,727 INFO [brain_api] Batch simulate stream complete candidate_count=3
2026-08-16 13:30:59,727 INFO [brain_api] Batch simulate stream start candidate_count=3 concurrency=3 max_retries=2
2026-08-16 13:30:59,728 INFO [brain_api] Simulation submit start expr_hash=f9b24e530402 expr_len=105 settings_keys=['decay', 'delay', 'instrumentType', 'language', 'maxPosition', 'maxTrade', 'nanHandling', 'neutralization', 'pasteurization', 'region', 'truncation', 'unitHandling', 'universe', 'visualization']
2026-08-16 13:30:59,730 INFO [brain_api] Simulation submit start expr_hash=01cf604bb393 expr_len=115 settings_keys=['decay', 'delay', 'instrumentType', 'language', 'maxPosition', 'maxTrade', 'nanHandling', 'neutralization', 'pasteurization', 'region', 'truncation', 'unitHandling', 'universe', 'visualization']
2026-08-16 13:30:59,732 INFO [brain_api] Simulation submit start expr_hash=8420baf15bcc expr_len=73 settings_keys=['decay', 'delay', 'instrumentType', 'language', 'maxPosition', 'maxTrade', 'nanHandling', 'neutralization', 'pasteurization', 'region', 'truncation', 'unitHandling', 'universe', 'visualization']
2026-08-16 13:31:00,036 INFO [brain_api] Simulation created sim_id=3DV9ede664gJcj1iD1kRfpv expr_hash=01cf604bb393
2026-08-16 13:31:00,036 INFO [brain_api] Polling simulation start sim_id=3DV9ede664gJcj1iD1kRfpv timeout=600s
2026-08-16 13:31:00,341 INFO [brain_api] Polling simulation status changed sim_id=3DV9ede664gJcj1iD1kRfpv status=UNKNOWN
2026-08-16 13:31:01,468 INFO [brain_api] Simulation created sim_id=3XRtAi6pL4rmbjGKa7Cs3Fi expr_hash=f9b24e530402
2026-08-16 13:31:01,468 INFO [brain_api] Polling simulation start sim_id=3XRtAi6pL4rmbjGKa7Cs3Fi timeout=600s
2026-08-16 13:31:01,878 INFO [brain_api] Polling simulation status changed sim_id=3XRtAi6pL4rmbjGKa7Cs3Fi status=UNKNOWN
2026-08-16 13:31:05,567 INFO [brain_api] Simulation created sim_id=2yRHd98YN4ObcIEE2bsTVt6 expr_hash=8420baf15bcc
2026-08-16 13:31:05,567 INFO [brain_api] Polling simulation start sim_id=2yRHd98YN4ObcIEE2bsTVt6 timeout=600s
2026-08-16 13:31:05,974 INFO [brain_api] Polling simulation status changed sim_id=2yRHd98YN4ObcIEE2bsTVt6 status=UNKNOWN
2026-08-16 13:31:29,734 INFO [brain_api] Batch heartbeat ts=2026-08-16T06:31:29.734509+00:00 elapsed=30s progress=0/3 in_flight=3 last_status=-
  ✓ 2rpVM0XY | sharpe=1.55 fitness=0.63 turnover=0.3217
[batch 36/69] Mô phỏng 3 candidates...
  [heartbeat] 13:31:29 elapsed=30s 0/3 in_flight=3 last=-
2026-08-16 13:31:59,741 INFO [brain_api] Batch heartbeat ts=2026-08-16T06:31:59.741198+00:00 elapsed=60s progress=0/3 in_flight=3 last_status=-
  [heartbeat] 13:31:59 elapsed=60s 0/3 in_flight=3 last=-
2026-08-16 13:32:16,731 INFO [brain_api] Polling simulation status changed sim_id=3XRtAi6pL4rmbjGKa7Cs3Fi status=COMPLETE
2026-08-16 13:32:16,732 INFO [brain_api] Polling simulation terminal sim_id=3XRtAi6pL4rmbjGKa7Cs3Fi status=COMPLETE alpha_id=78zPW0X2
2026-08-16 13:32:16,733 INFO [brain_api] Fetching alpha details alpha_id=78zPW0X2 retries=3
2026-08-16 13:32:17,243 INFO [brain_api] Fetched alpha details alpha_id=78zPW0X2 status=UNSUBMITTED sharpe=1.53 fitness=0.62 turnover=0.341
2026-08-16 13:32:17,244 INFO [brain_api] Simulation complete alpha_id=78zPW0X2 sharpe=1.53 fitness=0.62 turnover=0.341 expr_hash=f9b24e530402
2026-08-16 13:32:17,245 INFO [brain_api] Stream simulation candidate finished batch_idx=0 status=COMPLETE attempts=1 retryable=False expr_hash=f9b24e530402
  [1/3] COMPLETE — group_neutralize(rank(ts_rank(short_term_price_cha
2026-08-16 13:32:29,747 INFO [brain_api] Batch heartbeat ts=2026-08-16T06:32:29.747078+00:00 elapsed=90s progress=1/3 in_flight=2 last_status=COMPLETE
  ✓ 78zPW0X2 | sharpe=1.53 fitness=0.62 turnover=0.3410
  [heartbeat] 13:32:29 elapsed=90s 1/3 in_flight=2 last=COMPLETE
2026-08-16 13:32:59,753 INFO [brain_api] Batch heartbeat ts=2026-08-16T06:32:59.753203+00:00 elapsed=120s progress=1/3 in_flight=2 last_status=COMPLETE
  [heartbeat] 13:32:59 elapsed=120s 1/3 in_flight=2 last=COMPLETE
2026-08-16 13:33:29,760 INFO [brain_api] Batch heartbeat ts=2026-08-16T06:33:29.760209+00:00 elapsed=150s progress=1/3 in_flight=2 last_status=COMPLETE
  [heartbeat] 13:33:29 elapsed=150s 1/3 in_flight=2 last=COMPLETE
2026-08-16 13:33:32,921 INFO [brain_api] Polling simulation status changed sim_id=2yRHd98YN4ObcIEE2bsTVt6 status=COMPLETE
2026-08-16 13:33:32,921 INFO [brain_api] Polling simulation terminal sim_id=2yRHd98YN4ObcIEE2bsTVt6 status=COMPLETE alpha_id=1Yp3kNmz
2026-08-16 13:33:32,921 INFO [brain_api] Fetching alpha details alpha_id=1Yp3kNmz retries=3
2026-08-16 13:33:33,279 INFO [brain_api] Fetched alpha details alpha_id=1Yp3kNmz status=UNSUBMITTED sharpe=1.36 fitness=0.51 turnover=0.3245
2026-08-16 13:33:33,280 INFO [brain_api] Simulation complete alpha_id=1Yp3kNmz sharpe=1.36 fitness=0.51 turnover=0.3245 expr_hash=8420baf15bcc
2026-08-16 13:33:33,280 INFO [brain_api] Stream simulation candidate finished batch_idx=2 status=COMPLETE attempts=1 retryable=False expr_hash=8420baf15bcc
  [2/3] COMPLETE — rank(ts_rank(short_term_price_change_2, 10) * (1 -
2026-08-16 13:33:37,337 INFO [brain_api] Polling simulation status changed sim_id=3DV9ede664gJcj1iD1kRfpv status=COMPLETE
2026-08-16 13:33:37,337 INFO [brain_api] Polling simulation terminal sim_id=3DV9ede664gJcj1iD1kRfpv status=COMPLETE alpha_id=rK2aYoMo
2026-08-16 13:33:37,337 INFO [brain_api] Fetching alpha details alpha_id=rK2aYoMo retries=3
2026-08-16 13:33:37,835 INFO [brain_api] Fetched alpha details alpha_id=rK2aYoMo status=UNSUBMITTED sharpe=1.18 fitness=0.48 turnover=0.232
2026-08-16 13:33:37,835 INFO [brain_api] Simulation complete alpha_id=rK2aYoMo sharpe=1.18 fitness=0.48 turnover=0.232 expr_hash=01cf604bb393
2026-08-16 13:33:37,836 INFO [brain_api] Stream simulation candidate finished batch_idx=1 status=COMPLETE attempts=1 retryable=False expr_hash=01cf604bb393
  ✓ 1Yp3kNmz | sharpe=1.36 fitness=0.51 turnover=0.3245
  [3/3] COMPLETE — group_neutralize(ts_decay_linear(ts_rank(short_ter
2026-08-16 13:33:37,839 INFO [brain_api] Batch simulate stream complete candidate_count=3
2026-08-16 13:33:37,840 INFO [brain_api] Batch simulate stream start candidate_count=3 concurrency=3 max_retries=2
2026-08-16 13:33:37,841 INFO [brain_api] Simulation submit start expr_hash=34a73fa72ed4 expr_len=92 settings_keys=['decay', 'delay', 'instrumentType', 'language', 'maxPosition', 'maxTrade', 'nanHandling', 'neutralization', 'pasteurization', 'region', 'truncation', 'unitHandling', 'universe', 'visualization']
2026-08-16 13:33:37,841 INFO [brain_api] Simulation submit start expr_hash=a2dcb16cdea4 expr_len=98 settings_keys=['decay', 'delay', 'instrumentType', 'language', 'maxPosition', 'maxTrade', 'nanHandling', 'neutralization', 'pasteurization', 'region', 'truncation', 'unitHandling', 'universe', 'visualization']
2026-08-16 13:33:37,843 INFO [brain_api] Simulation submit start expr_hash=c4d35c0b856e expr_len=132 settings_keys=['decay', 'delay', 'instrumentType', 'language', 'maxPosition', 'maxTrade', 'nanHandling', 'neutralization', 'pasteurization', 'region', 'truncation', 'unitHandling', 'universe', 'visualization']
2026-08-16 13:33:38,247 INFO [brain_api] Simulation created sim_id=TDs9h8IT5aEbOyWBA0w6ir expr_hash=34a73fa72ed4
2026-08-16 13:33:38,247 INFO [brain_api] Polling simulation start sim_id=TDs9h8IT5aEbOyWBA0w6ir timeout=600s
2026-08-16 13:33:38,557 INFO [brain_api] Polling simulation status changed sim_id=TDs9h8IT5aEbOyWBA0w6ir status=UNKNOWN
2026-08-16 13:33:39,579 INFO [brain_api] Simulation created sim_id=3JGyJOe9O4Frarcjt0iaxdG expr_hash=a2dcb16cdea4
2026-08-16 13:33:39,580 INFO [brain_api] Polling simulation start sim_id=3JGyJOe9O4Frarcjt0iaxdG timeout=600s
2026-08-16 13:33:40,095 INFO [brain_api] Polling simulation status changed sim_id=3JGyJOe9O4Frarcjt0iaxdG status=UNKNOWN
2026-08-16 13:33:40,608 INFO [brain_api] Simulation created sim_id=3mamZegrD52q9p512nEAzcgd expr_hash=c4d35c0b856e
2026-08-16 13:33:40,608 INFO [brain_api] Polling simulation start sim_id=3mamZegrD52q9p512nEAzcgd timeout=600s
2026-08-16 13:33:41,320 INFO [brain_api] Polling simulation status changed sim_id=3mamZegrD52q9p512nEAzcgd status=ERROR
2026-08-16 13:33:41,321 INFO [brain_api] Polling simulation failed sim_id=3mamZegrD52q9p512nEAzcgd status=ERROR data_keys=['id', 'links', 'location', 'message', 'status', 'type']
2026-08-16 13:33:41,321 INFO [brain_api] Simulation finished non-complete sim_id=3mamZegrD52q9p512nEAzcgd status=ERROR expr_hash=c4d35c0b856e status_code=None error_hash=None
2026-08-16 13:33:41,321 INFO [brain_api] Stream simulation candidate finished batch_idx=2 status=ERROR attempts=1 retryable=False expr_hash=c4d35c0b856e
  ✓ rK2aYoMo | sharpe=1.18 fitness=0.48 turnover=0.2320
[batch 37/69] Mô phỏng 3 candidates...
  [1/3] ERROR — group_neutralize(ts_rank(short_term_price_change_2
2026-08-16 13:34:07,847 INFO [brain_api] Batch heartbeat ts=2026-08-16T06:34:07.847153+00:00 elapsed=30s progress=1/3 in_flight=2 last_status=ERROR
  ✗ ERROR: unknown error
  [heartbeat] 13:34:07 elapsed=30s 1/3 in_flight=2 last=ERROR
2026-08-16 13:34:37,854 INFO [brain_api] Batch heartbeat ts=2026-08-16T06:34:37.854276+00:00 elapsed=60s progress=1/3 in_flight=2 last_status=ERROR
  [heartbeat] 13:34:37 elapsed=60s 1/3 in_flight=2 last=ERROR
2026-08-16 13:35:07,861 INFO [brain_api] Batch heartbeat ts=2026-08-16T06:35:07.860928+00:00 elapsed=90s progress=1/3 in_flight=2 last_status=ERROR
  [heartbeat] 13:35:07 elapsed=90s 1/3 in_flight=2 last=ERROR
2026-08-16 13:35:37,868 INFO [brain_api] Batch heartbeat ts=2026-08-16T06:35:37.868219+00:00 elapsed=120s progress=1/3 in_flight=2 last_status=ERROR
  [heartbeat] 13:35:37 elapsed=120s 1/3 in_flight=2 last=ERROR
2026-08-16 13:36:07,875 INFO [brain_api] Batch heartbeat ts=2026-08-16T06:36:07.875584+00:00 elapsed=150s progress=1/3 in_flight=2 last_status=ERROR
  [heartbeat] 13:36:07 elapsed=150s 1/3 in_flight=2 last=ERROR
2026-08-16 13:36:20,142 INFO [brain_api] Polling simulation status changed sim_id=TDs9h8IT5aEbOyWBA0w6ir status=COMPLETE
2026-08-16 13:36:20,142 INFO [brain_api] Polling simulation terminal sim_id=TDs9h8IT5aEbOyWBA0w6ir status=COMPLETE alpha_id=1Yp3e2RQ
2026-08-16 13:36:20,142 INFO [brain_api] Fetching alpha details alpha_id=1Yp3e2RQ retries=3
2026-08-16 13:36:20,564 INFO [brain_api] Fetched alpha details alpha_id=1Yp3e2RQ status=UNSUBMITTED sharpe=1.35 fitness=0.48 turnover=0.3388
2026-08-16 13:36:20,566 INFO [brain_api] Simulation complete alpha_id=1Yp3e2RQ sharpe=1.35 fitness=0.48 turnover=0.3388 expr_hash=34a73fa72ed4
2026-08-16 13:36:20,566 INFO [brain_api] Stream simulation candidate finished batch_idx=0 status=COMPLETE attempts=1 retryable=False expr_hash=34a73fa72ed4
  [2/3] COMPLETE — group_rank(ts_rank(short_term_price_change_2, 10) 
2026-08-16 13:36:21,581 INFO [brain_api] Polling simulation status changed sim_id=3JGyJOe9O4Frarcjt0iaxdG status=COMPLETE
2026-08-16 13:36:21,581 INFO [brain_api] Polling simulation terminal sim_id=3JGyJOe9O4Frarcjt0iaxdG status=COMPLETE alpha_id=N1bE02l7
2026-08-16 13:36:21,581 INFO [brain_api] Fetching alpha details alpha_id=N1bE02l7 retries=3
2026-08-16 13:36:21,990 INFO [brain_api] Fetched alpha details alpha_id=N1bE02l7 status=UNSUBMITTED sharpe=1.54 fitness=0.62 turnover=0.3215
2026-08-16 13:36:21,991 INFO [brain_api] Simulation complete alpha_id=N1bE02l7 sharpe=1.54 fitness=0.62 turnover=0.3215 expr_hash=a2dcb16cdea4
2026-08-16 13:36:21,991 INFO [brain_api] Stream simulation candidate finished batch_idx=1 status=COMPLETE attempts=1 retryable=False expr_hash=a2dcb16cdea4
  ✓ 1Yp3e2RQ | sharpe=1.35 fitness=0.48 turnover=0.3388
  [3/3] COMPLETE — group_neutralize(ts_rank(short_term_price_change_2
2026-08-16 13:36:21,993 INFO [brain_api] Batch simulate stream complete candidate_count=3
2026-08-16 13:36:21,993 INFO [brain_api] Batch simulate stream start candidate_count=3 concurrency=3 max_retries=2
2026-08-16 13:36:21,994 INFO [brain_api] Simulation submit start expr_hash=486727863d3f expr_len=132 settings_keys=['decay', 'delay', 'instrumentType', 'language', 'maxPosition', 'maxTrade', 'nanHandling', 'neutralization', 'pasteurization', 'region', 'truncation', 'unitHandling', 'universe', 'visualization']
2026-08-16 13:36:21,994 INFO [brain_api] Simulation submit start expr_hash=0cd76595b2c5 expr_len=108 settings_keys=['decay', 'delay', 'instrumentType', 'language', 'maxPosition', 'maxTrade', 'nanHandling', 'neutralization', 'pasteurization', 'region', 'truncation', 'unitHandling', 'universe', 'visualization']
2026-08-16 13:36:21,994 INFO [brain_api] Simulation submit start expr_hash=8d2b822e9fe8 expr_len=118 settings_keys=['decay', 'delay', 'instrumentType', 'language', 'maxPosition', 'maxTrade', 'nanHandling', 'neutralization', 'pasteurization', 'region', 'truncation', 'unitHandling', 'universe', 'visualization']
2026-08-16 13:36:22,361 INFO [brain_api] Simulation created sim_id=3AfDni4hv5d88H8TqFvSyxY expr_hash=486727863d3f
2026-08-16 13:36:22,361 INFO [brain_api] Polling simulation start sim_id=3AfDni4hv5d88H8TqFvSyxY timeout=600s
2026-08-16 13:36:22,635 INFO [brain_api] Polling simulation status changed sim_id=3AfDni4hv5d88H8TqFvSyxY status=ERROR
2026-08-16 13:36:22,635 INFO [brain_api] Polling simulation failed sim_id=3AfDni4hv5d88H8TqFvSyxY status=ERROR data_keys=['id', 'links', 'location', 'message', 'status', 'type']
2026-08-16 13:36:22,635 INFO [brain_api] Simulation finished non-complete sim_id=3AfDni4hv5d88H8TqFvSyxY status=ERROR expr_hash=486727863d3f status_code=None error_hash=None
2026-08-16 13:36:22,635 INFO [brain_api] Stream simulation candidate finished batch_idx=0 status=ERROR attempts=1 retryable=False expr_hash=486727863d3f
  ✓ N1bE02l7 | sharpe=1.54 fitness=0.62 turnover=0.3215
[batch 38/69] Mô phỏng 3 candidates...
  [1/3] ERROR — group_neutralize(ts_rank(short_term_price_change_2
2026-08-16 13:36:23,428 INFO [brain_api] Simulation created sim_id=1JEQo3fnm4N8aru1c40SaK51 expr_hash=0cd76595b2c5
2026-08-16 13:36:23,428 INFO [brain_api] Polling simulation start sim_id=1JEQo3fnm4N8aru1c40SaK51 timeout=600s
2026-08-16 13:36:23,429 INFO [brain_api] Simulation created sim_id=4EzNZi4RX4SNbJFg4YEVNKd expr_hash=8d2b822e9fe8
2026-08-16 13:36:23,432 INFO [brain_api] Polling simulation start sim_id=4EzNZi4RX4SNbJFg4YEVNKd timeout=600s
2026-08-16 13:36:23,735 INFO [brain_api] Polling simulation status changed sim_id=4EzNZi4RX4SNbJFg4YEVNKd status=UNKNOWN
2026-08-16 13:36:24,040 INFO [brain_api] Polling simulation status changed sim_id=1JEQo3fnm4N8aru1c40SaK51 status=UNKNOWN
2026-08-16 13:36:52,000 INFO [brain_api] Batch heartbeat ts=2026-08-16T06:36:52.000411+00:00 elapsed=30s progress=1/3 in_flight=2 last_status=ERROR
  ✗ ERROR: unknown error
  [heartbeat] 13:36:52 elapsed=30s 1/3 in_flight=2 last=ERROR
2026-08-16 13:37:22,007 INFO [brain_api] Batch heartbeat ts=2026-08-16T06:37:22.007489+00:00 elapsed=60s progress=1/3 in_flight=2 last_status=ERROR
  [heartbeat] 13:37:22 elapsed=60s 1/3 in_flight=2 last=ERROR
2026-08-16 13:37:52,014 INFO [brain_api] Batch heartbeat ts=2026-08-16T06:37:52.014427+00:00 elapsed=90s progress=1/3 in_flight=2 last_status=ERROR
  [heartbeat] 13:37:52 elapsed=90s 1/3 in_flight=2 last=ERROR
2026-08-16 13:38:22,020 INFO [brain_api] Batch heartbeat ts=2026-08-16T06:38:22.020854+00:00 elapsed=120s progress=1/3 in_flight=2 last_status=ERROR
  [heartbeat] 13:38:22 elapsed=120s 1/3 in_flight=2 last=ERROR
2026-08-16 13:38:50,986 INFO [brain_api] Polling simulation status changed sim_id=4EzNZi4RX4SNbJFg4YEVNKd status=COMPLETE
2026-08-16 13:38:50,987 INFO [brain_api] Polling simulation terminal sim_id=4EzNZi4RX4SNbJFg4YEVNKd status=COMPLETE alpha_id=RRmx30Md
2026-08-16 13:38:50,987 INFO [brain_api] Fetching alpha details alpha_id=RRmx30Md retries=3
2026-08-16 13:38:51,484 INFO [brain_api] Fetched alpha details alpha_id=RRmx30Md status=UNSUBMITTED sharpe=1.17 fitness=0.47 turnover=0.2317
2026-08-16 13:38:51,484 INFO [brain_api] Simulation complete alpha_id=RRmx30Md sharpe=1.17 fitness=0.47 turnover=0.2317 expr_hash=8d2b822e9fe8
2026-08-16 13:38:51,485 INFO [brain_api] Stream simulation candidate finished batch_idx=2 status=COMPLETE attempts=1 retryable=False expr_hash=8d2b822e9fe8
  [2/3] COMPLETE — group_neutralize(ts_decay_linear(ts_rank(short_ter
2026-08-16 13:38:52,027 INFO [brain_api] Batch heartbeat ts=2026-08-16T06:38:52.027498+00:00 elapsed=150s progress=2/3 in_flight=1 last_status=COMPLETE
  ✓ RRmx30Md | sharpe=1.17 fitness=0.47 turnover=0.2317
  [heartbeat] 13:38:52 elapsed=150s 2/3 in_flight=1 last=COMPLETE
2026-08-16 13:39:22,033 INFO [brain_api] Batch heartbeat ts=2026-08-16T06:39:22.033911+00:00 elapsed=180s progress=2/3 in_flight=1 last_status=COMPLETE
  [heartbeat] 13:39:22 elapsed=180s 2/3 in_flight=1 last=COMPLETE
2026-08-16 13:39:27,541 INFO [brain_api] Polling simulation status changed sim_id=1JEQo3fnm4N8aru1c40SaK51 status=COMPLETE
2026-08-16 13:39:27,541 INFO [brain_api] Polling simulation terminal sim_id=1JEQo3fnm4N8aru1c40SaK51 status=COMPLETE alpha_id=QPGRJj8r
2026-08-16 13:39:27,541 INFO [brain_api] Fetching alpha details alpha_id=QPGRJj8r retries=3
2026-08-16 13:39:27,895 INFO [brain_api] Fetched alpha details alpha_id=QPGRJj8r status=UNSUBMITTED sharpe=1.53 fitness=0.61 turnover=0.3408
2026-08-16 13:39:27,895 INFO [brain_api] Simulation complete alpha_id=QPGRJj8r sharpe=1.53 fitness=0.61 turnover=0.3408 expr_hash=0cd76595b2c5
2026-08-16 13:39:27,897 INFO [brain_api] Stream simulation candidate finished batch_idx=1 status=COMPLETE attempts=1 retryable=False expr_hash=0cd76595b2c5
  [3/3] COMPLETE — group_neutralize(rank(ts_rank(short_term_price_cha
2026-08-16 13:39:27,900 INFO [brain_api] Batch simulate stream complete candidate_count=3
2026-08-16 13:39:27,900 INFO [brain_api] Batch simulate stream start candidate_count=3 concurrency=3 max_retries=2
2026-08-16 13:39:27,901 INFO [brain_api] Simulation submit start expr_hash=5db784d7b191 expr_len=73 settings_keys=['decay', 'delay', 'instrumentType', 'language', 'maxPosition', 'maxTrade', 'nanHandling', 'neutralization', 'pasteurization', 'region', 'truncation', 'unitHandling', 'universe', 'visualization']
2026-08-16 13:39:27,901 INFO [brain_api] Simulation submit start expr_hash=f950e44f2ddf expr_len=89 settings_keys=['decay', 'delay', 'instrumentType', 'language', 'maxPosition', 'maxTrade', 'nanHandling', 'neutralization', 'pasteurization', 'region', 'truncation', 'unitHandling', 'universe', 'visualization']
2026-08-16 13:39:27,906 INFO [brain_api] Simulation submit start expr_hash=d2438ba0a589 expr_len=95 settings_keys=['decay', 'delay', 'instrumentType', 'language', 'maxPosition', 'maxTrade', 'nanHandling', 'neutralization', 'pasteurization', 'region', 'truncation', 'unitHandling', 'universe', 'visualization']
2026-08-16 13:39:28,262 INFO [brain_api] Simulation created sim_id=3rXqNWdmE4ia9ye124e7fr06 expr_hash=5db784d7b191
2026-08-16 13:39:28,262 INFO [brain_api] Polling simulation start sim_id=3rXqNWdmE4ia9ye124e7fr06 timeout=600s
2026-08-16 13:39:28,567 INFO [brain_api] Polling simulation status changed sim_id=3rXqNWdmE4ia9ye124e7fr06 status=UNKNOWN
2026-08-16 13:39:29,182 INFO [brain_api] Simulation created sim_id=3UvD3D4n84LDbawTDUxS6i7 expr_hash=f950e44f2ddf
2026-08-16 13:39:29,182 INFO [brain_api] Polling simulation start sim_id=3UvD3D4n84LDbawTDUxS6i7 timeout=600s
2026-08-16 13:39:29,187 INFO [brain_api] Simulation created sim_id=3poKsZVY4Gd9d8hkPz2mUc expr_hash=d2438ba0a589
2026-08-16 13:39:29,187 INFO [brain_api] Polling simulation start sim_id=3poKsZVY4Gd9d8hkPz2mUc timeout=600s
2026-08-16 13:39:29,427 INFO [brain_api] Polling simulation status changed sim_id=3UvD3D4n84LDbawTDUxS6i7 status=UNKNOWN
2026-08-16 13:39:29,473 INFO [brain_api] Polling simulation status changed sim_id=3poKsZVY4Gd9d8hkPz2mUc status=UNKNOWN
2026-08-16 13:39:57,908 INFO [brain_api] Batch heartbeat ts=2026-08-16T06:39:57.908209+00:00 elapsed=30s progress=0/3 in_flight=3 last_status=-
  ✓ QPGRJj8r | sharpe=1.53 fitness=0.61 turnover=0.3408
[batch 39/69] Mô phỏng 3 candidates...
  [heartbeat] 13:39:57 elapsed=30s 0/3 in_flight=3 last=-
2026-08-16 13:40:27,920 INFO [brain_api] Batch heartbeat ts=2026-08-16T06:40:27.920297+00:00 elapsed=60s progress=0/3 in_flight=3 last_status=-
  [heartbeat] 13:40:27 elapsed=60s 0/3 in_flight=3 last=-
2026-08-16 13:40:55,713 INFO [brain_api] Polling simulation status changed sim_id=3poKsZVY4Gd9d8hkPz2mUc status=COMPLETE
2026-08-16 13:40:55,713 INFO [brain_api] Polling simulation terminal sim_id=3poKsZVY4Gd9d8hkPz2mUc status=COMPLETE alpha_id=rK2a32EJ
2026-08-16 13:40:55,718 INFO [brain_api] Fetching alpha details alpha_id=rK2a32EJ retries=3
2026-08-16 13:40:56,226 INFO [brain_api] Fetched alpha details alpha_id=rK2a32EJ status=UNSUBMITTED sharpe=1.66 fitness=0.71 turnover=0.3119
2026-08-16 13:40:56,226 INFO [brain_api] Simulation complete alpha_id=rK2a32EJ sharpe=1.66 fitness=0.71 turnover=0.3119 expr_hash=d2438ba0a589
2026-08-16 13:40:56,227 INFO [brain_api] Stream simulation candidate finished batch_idx=2 status=COMPLETE attempts=1 retryable=False expr_hash=d2438ba0a589
  [1/3] COMPLETE — group_neutralize(ts_rank(short_term_price_change_2
2026-08-16 13:40:57,927 INFO [brain_api] Batch heartbeat ts=2026-08-16T06:40:57.927883+00:00 elapsed=90s progress=1/3 in_flight=2 last_status=COMPLETE
  ✓ rK2a32EJ | sharpe=1.66 fitness=0.71 turnover=0.3119
  [heartbeat] 13:40:57 elapsed=90s 1/3 in_flight=2 last=COMPLETE
2026-08-16 13:41:02,578 INFO [brain_api] Polling simulation status changed sim_id=3rXqNWdmE4ia9ye124e7fr06 status=COMPLETE
2026-08-16 13:41:02,578 INFO [brain_api] Polling simulation terminal sim_id=3rXqNWdmE4ia9ye124e7fr06 status=COMPLETE alpha_id=A1GXWlZe
2026-08-16 13:41:02,578 INFO [brain_api] Fetching alpha details alpha_id=A1GXWlZe retries=3
2026-08-16 13:41:03,086 INFO [brain_api] Fetched alpha details alpha_id=A1GXWlZe status=UNSUBMITTED sharpe=1.36 fitness=0.52 turnover=0.3074
2026-08-16 13:41:03,087 INFO [brain_api] Simulation complete alpha_id=A1GXWlZe sharpe=1.36 fitness=0.52 turnover=0.3074 expr_hash=5db784d7b191
2026-08-16 13:41:03,087 INFO [brain_api] Stream simulation candidate finished batch_idx=0 status=COMPLETE attempts=1 retryable=False expr_hash=5db784d7b191
  [2/3] COMPLETE — rank(ts_rank(short_term_price_change_2, 10) * (1 -
2026-08-16 13:41:05,500 INFO [brain_api] Polling simulation status changed sim_id=3UvD3D4n84LDbawTDUxS6i7 status=COMPLETE
2026-08-16 13:41:05,500 INFO [brain_api] Polling simulation terminal sim_id=3UvD3D4n84LDbawTDUxS6i7 status=COMPLETE alpha_id=2rpV0lRJ
2026-08-16 13:41:05,500 INFO [brain_api] Fetching alpha details alpha_id=2rpV0lRJ retries=3
2026-08-16 13:41:05,954 INFO [brain_api] Fetched alpha details alpha_id=2rpV0lRJ status=UNSUBMITTED sharpe=1.38 fitness=0.53 turnover=0.3125
2026-08-16 13:41:05,954 INFO [brain_api] Simulation complete alpha_id=2rpV0lRJ sharpe=1.38 fitness=0.53 turnover=0.3125 expr_hash=f950e44f2ddf
2026-08-16 13:41:05,954 INFO [brain_api] Stream simulation candidate finished batch_idx=1 status=COMPLETE attempts=1 retryable=False expr_hash=f950e44f2ddf
  ✓ A1GXWlZe | sharpe=1.36 fitness=0.52 turnover=0.3074
  [3/3] COMPLETE — group_rank(ts_rank(short_term_price_change_2, 10) 
2026-08-16 13:41:05,956 INFO [brain_api] Batch simulate stream complete candidate_count=3
2026-08-16 13:41:05,957 INFO [brain_api] Batch simulate stream start candidate_count=3 concurrency=3 max_retries=2
2026-08-16 13:41:05,957 INFO [brain_api] Simulation submit start expr_hash=985f74f4014d expr_len=129 settings_keys=['decay', 'delay', 'instrumentType', 'language', 'maxPosition', 'maxTrade', 'nanHandling', 'neutralization', 'pasteurization', 'region', 'truncation', 'unitHandling', 'universe', 'visualization']
2026-08-16 13:41:05,958 INFO [brain_api] Simulation submit start expr_hash=9ef6634e8d5e expr_len=129 settings_keys=['decay', 'delay', 'instrumentType', 'language', 'maxPosition', 'maxTrade', 'nanHandling', 'neutralization', 'pasteurization', 'region', 'truncation', 'unitHandling', 'universe', 'visualization']
2026-08-16 13:41:05,962 INFO [brain_api] Simulation submit start expr_hash=47d2b6e34d79 expr_len=105 settings_keys=['decay', 'delay', 'instrumentType', 'language', 'maxPosition', 'maxTrade', 'nanHandling', 'neutralization', 'pasteurization', 'region', 'truncation', 'unitHandling', 'universe', 'visualization']
2026-08-16 13:41:06,469 INFO [brain_api] Simulation created sim_id=3kKh649SX4DbcHRZ7Q9Pq2k expr_hash=985f74f4014d
2026-08-16 13:41:06,469 INFO [brain_api] Polling simulation start sim_id=3kKh649SX4DbcHRZ7Q9Pq2k timeout=600s
2026-08-16 13:41:06,472 INFO [brain_api] Simulation created sim_id=1srk6R2Ih4qqbP01a99s6OOv expr_hash=9ef6634e8d5e
2026-08-16 13:41:06,472 INFO [brain_api] Polling simulation start sim_id=1srk6R2Ih4qqbP01a99s6OOv timeout=600s
2026-08-16 13:41:06,880 INFO [brain_api] Polling simulation status changed sim_id=3kKh649SX4DbcHRZ7Q9Pq2k status=ERROR
2026-08-16 13:41:06,881 INFO [brain_api] Polling simulation failed sim_id=3kKh649SX4DbcHRZ7Q9Pq2k status=ERROR data_keys=['id', 'links', 'location', 'message', 'status', 'type']
2026-08-16 13:41:06,881 INFO [brain_api] Simulation finished non-complete sim_id=3kKh649SX4DbcHRZ7Q9Pq2k status=ERROR expr_hash=985f74f4014d status_code=None error_hash=None
2026-08-16 13:41:06,881 INFO [brain_api] Stream simulation candidate finished batch_idx=0 status=ERROR attempts=1 retryable=False expr_hash=985f74f4014d
2026-08-16 13:41:06,883 INFO [brain_api] Polling simulation status changed sim_id=1srk6R2Ih4qqbP01a99s6OOv status=ERROR
  ✓ 2rpV0lRJ | sharpe=1.38 fitness=0.53 turnover=0.3125
[batch 40/69] Mô phỏng 3 candidates...
  [1/3] ERROR — group_neutralize(ts_rank(short_term_price_change_2
2026-08-16 13:41:06,883 INFO [brain_api] Polling simulation failed sim_id=1srk6R2Ih4qqbP01a99s6OOv status=ERROR data_keys=['id', 'links', 'location', 'message', 'status', 'type']
2026-08-16 13:41:06,884 INFO [brain_api] Simulation finished non-complete sim_id=1srk6R2Ih4qqbP01a99s6OOv status=ERROR expr_hash=9ef6634e8d5e status_code=None error_hash=None
2026-08-16 13:41:06,884 INFO [brain_api] Stream simulation candidate finished batch_idx=1 status=ERROR attempts=1 retryable=False expr_hash=9ef6634e8d5e
  ✗ ERROR: unknown error
  [2/3] ERROR — group_neutralize(ts_rank(short_term_price_change_2
2026-08-16 13:41:07,900 INFO [brain_api] Simulation created sim_id=wUWxBaS64ll991qDYKxXxs expr_hash=47d2b6e34d79
2026-08-16 13:41:07,900 INFO [brain_api] Polling simulation start sim_id=wUWxBaS64ll991qDYKxXxs timeout=600s
2026-08-16 13:41:08,206 INFO [brain_api] Polling simulation status changed sim_id=wUWxBaS64ll991qDYKxXxs status=UNKNOWN
2026-08-16 13:41:35,964 INFO [brain_api] Batch heartbeat ts=2026-08-16T06:41:35.964428+00:00 elapsed=30s progress=2/3 in_flight=1 last_status=ERROR
  ✗ ERROR: unknown error
  [heartbeat] 13:41:35 elapsed=30s 2/3 in_flight=1 last=ERROR
2026-08-16 13:42:05,971 INFO [brain_api] Batch heartbeat ts=2026-08-16T06:42:05.971422+00:00 elapsed=60s progress=2/3 in_flight=1 last_status=ERROR
  [heartbeat] 13:42:05 elapsed=60s 2/3 in_flight=1 last=ERROR
2026-08-16 13:42:35,978 INFO [brain_api] Batch heartbeat ts=2026-08-16T06:42:35.978300+00:00 elapsed=90s progress=2/3 in_flight=1 last_status=ERROR
  [heartbeat] 13:42:35 elapsed=90s 2/3 in_flight=1 last=ERROR
2026-08-16 13:43:05,985 INFO [brain_api] Batch heartbeat ts=2026-08-16T06:43:05.985743+00:00 elapsed=120s progress=2/3 in_flight=1 last_status=ERROR
  [heartbeat] 13:43:05 elapsed=120s 2/3 in_flight=1 last=ERROR
2026-08-16 13:43:35,994 INFO [brain_api] Batch heartbeat ts=2026-08-16T06:43:35.994103+00:00 elapsed=150s progress=2/3 in_flight=1 last_status=ERROR
  [heartbeat] 13:43:35 elapsed=150s 2/3 in_flight=1 last=ERROR
2026-08-16 13:43:51,336 INFO [brain_api] Polling simulation status changed sim_id=wUWxBaS64ll991qDYKxXxs status=COMPLETE
2026-08-16 13:43:51,336 INFO [brain_api] Polling simulation terminal sim_id=wUWxBaS64ll991qDYKxXxs status=COMPLETE alpha_id=blQ0kmQp
2026-08-16 13:43:51,336 INFO [brain_api] Fetching alpha details alpha_id=blQ0kmQp retries=3
2026-08-16 13:43:51,948 INFO [brain_api] Fetched alpha details alpha_id=blQ0kmQp status=UNSUBMITTED sharpe=1.67 fitness=0.72 turnover=0.3342
2026-08-16 13:43:51,948 INFO [brain_api] Simulation complete alpha_id=blQ0kmQp sharpe=1.67 fitness=0.72 turnover=0.3342 expr_hash=47d2b6e34d79
2026-08-16 13:43:51,948 INFO [brain_api] Stream simulation candidate finished batch_idx=2 status=COMPLETE attempts=1 retryable=False expr_hash=47d2b6e34d79
  [3/3] COMPLETE — group_neutralize(rank(ts_rank(short_term_price_cha
2026-08-16 13:43:51,951 INFO [brain_api] Batch simulate stream complete candidate_count=3
2026-08-16 13:43:51,951 INFO [brain_api] Batch simulate stream start candidate_count=3 concurrency=3 max_retries=2
2026-08-16 13:43:51,952 INFO [brain_api] Simulation submit start expr_hash=735f88492425 expr_len=115 settings_keys=['decay', 'delay', 'instrumentType', 'language', 'maxPosition', 'maxTrade', 'nanHandling', 'neutralization', 'pasteurization', 'region', 'truncation', 'unitHandling', 'universe', 'visualization']
2026-08-16 13:43:51,953 INFO [brain_api] Simulation submit start expr_hash=5db784d7b191 expr_len=73 settings_keys=['decay', 'delay', 'instrumentType', 'language', 'maxPosition', 'maxTrade', 'nanHandling', 'neutralization', 'pasteurization', 'region', 'truncation', 'unitHandling', 'universe', 'visualization']
2026-08-16 13:43:51,954 INFO [brain_api] Simulation submit start expr_hash=24ee6b186e8e expr_len=92 settings_keys=['decay', 'delay', 'instrumentType', 'language', 'maxPosition', 'maxTrade', 'nanHandling', 'neutralization', 'pasteurization', 'region', 'truncation', 'unitHandling', 'universe', 'visualization']
2026-08-16 13:43:52,258 INFO [brain_api] Simulation created sim_id=2xjRrlfAv59Obl0WIAd8g7R expr_hash=24ee6b186e8e
2026-08-16 13:43:52,259 INFO [brain_api] Polling simulation start sim_id=2xjRrlfAv59Obl0WIAd8g7R timeout=600s
2026-08-16 13:43:52,565 INFO [brain_api] Polling simulation status changed sim_id=2xjRrlfAv59Obl0WIAd8g7R status=UNKNOWN
2026-08-16 13:43:53,692 INFO [brain_api] Simulation created sim_id=15sD6dfFN4LRauyQJugvYrd expr_hash=5db784d7b191
2026-08-16 13:43:53,692 INFO [brain_api] Polling simulation start sim_id=15sD6dfFN4LRauyQJugvYrd timeout=600s
2026-08-16 13:43:53,894 INFO [brain_api] Simulation created sim_id=26GWdE26v51xag5CmqhqD9X expr_hash=735f88492425
2026-08-16 13:43:53,894 INFO [brain_api] Polling simulation start sim_id=26GWdE26v51xag5CmqhqD9X timeout=600s
2026-08-16 13:43:53,996 INFO [brain_api] Polling simulation status changed sim_id=15sD6dfFN4LRauyQJugvYrd status=UNKNOWN
2026-08-16 13:43:54,304 INFO [brain_api] Polling simulation status changed sim_id=26GWdE26v51xag5CmqhqD9X status=UNKNOWN
2026-08-16 13:44:21,959 INFO [brain_api] Batch heartbeat ts=2026-08-16T06:44:21.959114+00:00 elapsed=30s progress=0/3 in_flight=3 last_status=-
  ✓ blQ0kmQp | sharpe=1.67 fitness=0.72 turnover=0.3342
[batch 41/69] Mô phỏng 3 candidates...
  [heartbeat] 13:44:21 elapsed=30s 0/3 in_flight=3 last=-
2026-08-16 13:44:51,966 INFO [brain_api] Batch heartbeat ts=2026-08-16T06:44:51.966150+00:00 elapsed=60s progress=0/3 in_flight=3 last_status=-
  [heartbeat] 13:44:51 elapsed=60s 0/3 in_flight=3 last=-
2026-08-16 13:45:21,974 INFO [brain_api] Batch heartbeat ts=2026-08-16T06:45:21.974599+00:00 elapsed=90s progress=0/3 in_flight=3 last_status=-
  [heartbeat] 13:45:21 elapsed=90s 0/3 in_flight=3 last=-
2026-08-16 13:45:29,597 INFO [brain_api] Polling simulation status changed sim_id=2xjRrlfAv59Obl0WIAd8g7R status=COMPLETE
2026-08-16 13:45:29,597 INFO [brain_api] Polling simulation terminal sim_id=2xjRrlfAv59Obl0WIAd8g7R status=COMPLETE alpha_id=QPGRkXNp
2026-08-16 13:45:29,597 INFO [brain_api] Fetching alpha details alpha_id=QPGRkXNp retries=3
2026-08-16 13:45:29,949 INFO [brain_api] Fetched alpha details alpha_id=QPGRkXNp status=UNSUBMITTED sharpe=1.39 fitness=0.52 turnover=0.3217
2026-08-16 13:45:29,949 INFO [brain_api] Simulation complete alpha_id=QPGRkXNp sharpe=1.39 fitness=0.52 turnover=0.3217 expr_hash=24ee6b186e8e
2026-08-16 13:45:29,950 INFO [brain_api] Stream simulation candidate finished batch_idx=2 status=COMPLETE attempts=1 retryable=False expr_hash=24ee6b186e8e
  [1/3] COMPLETE — group_rank(ts_rank(short_term_price_change_2, 10) 
2026-08-16 13:45:46,942 INFO [brain_api] Polling simulation status changed sim_id=15sD6dfFN4LRauyQJugvYrd status=COMPLETE
2026-08-16 13:45:46,943 INFO [brain_api] Polling simulation terminal sim_id=15sD6dfFN4LRauyQJugvYrd status=COMPLETE alpha_id=A1GXWlZe
2026-08-16 13:45:46,943 INFO [brain_api] Fetching alpha details alpha_id=A1GXWlZe retries=3
2026-08-16 13:45:47,481 INFO [brain_api] Fetched alpha details alpha_id=A1GXWlZe status=UNSUBMITTED sharpe=1.36 fitness=0.52 turnover=0.3074
2026-08-16 13:45:47,481 INFO [brain_api] Simulation complete alpha_id=A1GXWlZe sharpe=1.36 fitness=0.52 turnover=0.3074 expr_hash=5db784d7b191
2026-08-16 13:45:47,481 INFO [brain_api] Stream simulation candidate finished batch_idx=1 status=COMPLETE attempts=1 retryable=False expr_hash=5db784d7b191
  ✓ QPGRkXNp | sharpe=1.39 fitness=0.52 turnover=0.3217
  [2/3] COMPLETE — rank(ts_rank(short_term_price_change_2, 10) * (1 -
2026-08-16 13:45:49,298 INFO [brain_api] Polling simulation status changed sim_id=26GWdE26v51xag5CmqhqD9X status=COMPLETE
2026-08-16 13:45:49,298 INFO [brain_api] Polling simulation terminal sim_id=26GWdE26v51xag5CmqhqD9X status=COMPLETE alpha_id=E5GnW3QL
2026-08-16 13:45:49,298 INFO [brain_api] Fetching alpha details alpha_id=E5GnW3QL retries=3
2026-08-16 13:45:49,811 INFO [brain_api] Fetched alpha details alpha_id=E5GnW3QL status=UNSUBMITTED sharpe=1.21 fitness=0.5 turnover=0.2281
2026-08-16 13:45:49,811 INFO [brain_api] Simulation complete alpha_id=E5GnW3QL sharpe=1.21 fitness=0.5 turnover=0.2281 expr_hash=735f88492425
2026-08-16 13:45:49,812 INFO [brain_api] Stream simulation candidate finished batch_idx=0 status=COMPLETE attempts=1 retryable=False expr_hash=735f88492425
  ✓ A1GXWlZe | sharpe=1.36 fitness=0.52 turnover=0.3074
  [3/3] COMPLETE — group_neutralize(ts_decay_linear(ts_rank(short_ter
2026-08-16 13:45:49,814 INFO [brain_api] Batch simulate stream complete candidate_count=3
2026-08-16 13:45:49,814 INFO [brain_api] Batch simulate stream start candidate_count=3 concurrency=3 max_retries=2
2026-08-16 13:45:49,815 INFO [brain_api] Simulation submit start expr_hash=fa9353344c2c expr_len=98 settings_keys=['decay', 'delay', 'instrumentType', 'language', 'maxPosition', 'maxTrade', 'nanHandling', 'neutralization', 'pasteurization', 'region', 'truncation', 'unitHandling', 'universe', 'visualization']
2026-08-16 13:45:49,816 INFO [brain_api] Simulation submit start expr_hash=3fe57d39a1b5 expr_len=132 settings_keys=['decay', 'delay', 'instrumentType', 'language', 'maxPosition', 'maxTrade', 'nanHandling', 'neutralization', 'pasteurization', 'region', 'truncation', 'unitHandling', 'universe', 'visualization']
2026-08-16 13:45:49,820 INFO [brain_api] Simulation submit start expr_hash=14b8dd4ae80d expr_len=132 settings_keys=['decay', 'delay', 'instrumentType', 'language', 'maxPosition', 'maxTrade', 'nanHandling', 'neutralization', 'pasteurization', 'region', 'truncation', 'unitHandling', 'universe', 'visualization']
2026-08-16 13:45:50,117 INFO [brain_api] Simulation created sim_id=29CInW5fB4lI8UFfSW3nGQ5 expr_hash=fa9353344c2c
2026-08-16 13:45:50,118 INFO [brain_api] Polling simulation start sim_id=29CInW5fB4lI8UFfSW3nGQ5 timeout=600s
2026-08-16 13:45:50,428 INFO [brain_api] Polling simulation status changed sim_id=29CInW5fB4lI8UFfSW3nGQ5 status=UNKNOWN
2026-08-16 13:45:51,350 INFO [brain_api] Simulation created sim_id=4miHuf2PB5e99mlu6nJ3b7K expr_hash=14b8dd4ae80d
2026-08-16 13:45:51,350 INFO [brain_api] Polling simulation start sim_id=4miHuf2PB5e99mlu6nJ3b7K timeout=600s
2026-08-16 13:45:51,448 INFO [brain_api] Simulation created sim_id=4l4aFN6Tr4pd8wV1blCSYJ2c expr_hash=3fe57d39a1b5
2026-08-16 13:45:51,448 INFO [brain_api] Polling simulation start sim_id=4l4aFN6Tr4pd8wV1blCSYJ2c timeout=600s
2026-08-16 13:45:52,058 INFO [brain_api] Polling simulation status changed sim_id=4l4aFN6Tr4pd8wV1blCSYJ2c status=ERROR
2026-08-16 13:45:52,059 INFO [brain_api] Polling simulation failed sim_id=4l4aFN6Tr4pd8wV1blCSYJ2c status=ERROR data_keys=['id', 'links', 'location', 'message', 'status', 'type']
2026-08-16 13:45:52,064 INFO [brain_api] Simulation finished non-complete sim_id=4l4aFN6Tr4pd8wV1blCSYJ2c status=ERROR expr_hash=3fe57d39a1b5 status_code=None error_hash=None
2026-08-16 13:45:52,065 INFO [brain_api] Stream simulation candidate finished batch_idx=1 status=ERROR attempts=1 retryable=False expr_hash=3fe57d39a1b5
  ✓ E5GnW3QL | sharpe=1.21 fitness=0.50 turnover=0.2281
[batch 42/69] Mô phỏng 3 candidates...
  [1/3] ERROR — group_neutralize(ts_rank(short_term_price_change_2
2026-08-16 13:45:52,480 INFO [brain_api] Polling simulation status changed sim_id=4miHuf2PB5e99mlu6nJ3b7K status=UNKNOWN
2026-08-16 13:45:57,797 INFO [brain_api] Polling simulation status changed sim_id=4miHuf2PB5e99mlu6nJ3b7K status=ERROR
2026-08-16 13:45:57,797 INFO [brain_api] Polling simulation failed sim_id=4miHuf2PB5e99mlu6nJ3b7K status=ERROR data_keys=['id', 'links', 'location', 'message', 'status', 'type']
2026-08-16 13:45:57,797 INFO [brain_api] Simulation finished non-complete sim_id=4miHuf2PB5e99mlu6nJ3b7K status=ERROR expr_hash=14b8dd4ae80d status_code=None error_hash=None
2026-08-16 13:45:57,797 INFO [brain_api] Stream simulation candidate finished batch_idx=2 status=ERROR attempts=1 retryable=False expr_hash=14b8dd4ae80d
  ✗ ERROR: unknown error
  [2/3] ERROR — group_neutralize(ts_rank(short_term_price_change_2
2026-08-16 13:46:19,821 INFO [brain_api] Batch heartbeat ts=2026-08-16T06:46:19.821228+00:00 elapsed=30s progress=2/3 in_flight=1 last_status=ERROR
  ✗ ERROR: unknown error
  [heartbeat] 13:46:19 elapsed=30s 2/3 in_flight=1 last=ERROR
2026-08-16 13:46:49,828 INFO [brain_api] Batch heartbeat ts=2026-08-16T06:46:49.828000+00:00 elapsed=60s progress=2/3 in_flight=1 last_status=ERROR
  [heartbeat] 13:46:49 elapsed=60s 2/3 in_flight=1 last=ERROR
2026-08-16 13:47:19,835 INFO [brain_api] Batch heartbeat ts=2026-08-16T06:47:19.835398+00:00 elapsed=90s progress=2/3 in_flight=1 last_status=ERROR
  [heartbeat] 13:47:19 elapsed=90s 2/3 in_flight=1 last=ERROR
2026-08-16 13:47:49,841 INFO [brain_api] Batch heartbeat ts=2026-08-16T06:47:49.841734+00:00 elapsed=120s progress=2/3 in_flight=1 last_status=ERROR
  [heartbeat] 13:47:49 elapsed=120s 2/3 in_flight=1 last=ERROR
2026-08-16 13:48:04,887 INFO [brain_api] Polling simulation status changed sim_id=29CInW5fB4lI8UFfSW3nGQ5 status=COMPLETE
2026-08-16 13:48:04,887 INFO [brain_api] Polling simulation terminal sim_id=29CInW5fB4lI8UFfSW3nGQ5 status=COMPLETE alpha_id=WjArQ7qd
2026-08-16 13:48:04,892 INFO [brain_api] Fetching alpha details alpha_id=WjArQ7qd retries=3
2026-08-16 13:48:05,399 INFO [brain_api] Fetched alpha details alpha_id=WjArQ7qd status=UNSUBMITTED sharpe=1.64 fitness=0.7 turnover=0.3116
2026-08-16 13:48:05,399 INFO [brain_api] Simulation complete alpha_id=WjArQ7qd sharpe=1.64 fitness=0.7 turnover=0.3116 expr_hash=fa9353344c2c
2026-08-16 13:48:05,399 INFO [brain_api] Stream simulation candidate finished batch_idx=0 status=COMPLETE attempts=1 retryable=False expr_hash=fa9353344c2c
  [3/3] COMPLETE — group_neutralize(ts_rank(short_term_price_change_2
2026-08-16 13:48:05,402 INFO [brain_api] Batch simulate stream complete candidate_count=3
2026-08-16 13:48:05,402 INFO [brain_api] Batch simulate stream start candidate_count=3 concurrency=3 max_retries=2
2026-08-16 13:48:05,402 INFO [brain_api] Simulation submit start expr_hash=29bf4db2835e expr_len=108 settings_keys=['decay', 'delay', 'instrumentType', 'language', 'maxPosition', 'maxTrade', 'nanHandling', 'neutralization', 'pasteurization', 'region', 'truncation', 'unitHandling', 'universe', 'visualization']
2026-08-16 13:48:05,403 INFO [brain_api] Simulation submit start expr_hash=3cbd029772eb expr_len=118 settings_keys=['decay', 'delay', 'instrumentType', 'language', 'maxPosition', 'maxTrade', 'nanHandling', 'neutralization', 'pasteurization', 'region', 'truncation', 'unitHandling', 'universe', 'visualization']
2026-08-16 13:48:05,406 INFO [brain_api] Simulation submit start expr_hash=1bce1f4f1482 expr_len=73 settings_keys=['decay', 'delay', 'instrumentType', 'language', 'maxPosition', 'maxTrade', 'nanHandling', 'neutralization', 'pasteurization', 'region', 'truncation', 'unitHandling', 'universe', 'visualization']
2026-08-16 13:48:05,716 INFO [brain_api] Simulation created sim_id=u9De31U44RLaDKwEaGM2Hy expr_hash=3cbd029772eb
2026-08-16 13:48:05,717 INFO [brain_api] Polling simulation start sim_id=u9De31U44RLaDKwEaGM2Hy timeout=600s
2026-08-16 13:48:06,216 INFO [brain_api] Polling simulation status changed sim_id=u9De31U44RLaDKwEaGM2Hy status=UNKNOWN
2026-08-16 13:48:06,940 INFO [brain_api] Simulation created sim_id=1Zhg4I1mm4t3aL1vWQZnHJJ expr_hash=1bce1f4f1482
2026-08-16 13:48:06,940 INFO [brain_api] Polling simulation start sim_id=1Zhg4I1mm4t3aL1vWQZnHJJ timeout=600s
2026-08-16 13:48:07,241 INFO [brain_api] Simulation created sim_id=1pdut6ekE4Lucop16betryHZ expr_hash=29bf4db2835e
2026-08-16 13:48:07,242 INFO [brain_api] Polling simulation start sim_id=1pdut6ekE4Lucop16betryHZ timeout=600s
2026-08-16 13:48:07,340 INFO [brain_api] Polling simulation status changed sim_id=1Zhg4I1mm4t3aL1vWQZnHJJ status=UNKNOWN
2026-08-16 13:48:07,551 INFO [brain_api] Polling simulation status changed sim_id=1pdut6ekE4Lucop16betryHZ status=UNKNOWN
2026-08-16 13:48:35,409 INFO [brain_api] Batch heartbeat ts=2026-08-16T06:48:35.409029+00:00 elapsed=30s progress=0/3 in_flight=3 last_status=-
  ✓ WjArQ7qd | sharpe=1.64 fitness=0.70 turnover=0.3116
[batch 43/69] Mô phỏng 3 candidates...
  [heartbeat] 13:48:35 elapsed=30s 0/3 in_flight=3 last=-
2026-08-16 13:49:05,415 INFO [brain_api] Batch heartbeat ts=2026-08-16T06:49:05.415291+00:00 elapsed=60s progress=0/3 in_flight=3 last_status=-
  [heartbeat] 13:49:05 elapsed=60s 0/3 in_flight=3 last=-
2026-08-16 13:49:35,422 INFO [brain_api] Batch heartbeat ts=2026-08-16T06:49:35.422812+00:00 elapsed=90s progress=0/3 in_flight=3 last_status=-
  [heartbeat] 13:49:35 elapsed=90s 0/3 in_flight=3 last=-
2026-08-16 13:49:59,672 INFO [brain_api] Polling simulation status changed sim_id=1pdut6ekE4Lucop16betryHZ status=COMPLETE
2026-08-16 13:49:59,672 INFO [brain_api] Polling simulation terminal sim_id=1pdut6ekE4Lucop16betryHZ status=COMPLETE alpha_id=ak1mZwb2
2026-08-16 13:49:59,672 INFO [brain_api] Fetching alpha details alpha_id=ak1mZwb2 retries=3
2026-08-16 13:50:00,085 INFO [brain_api] Fetched alpha details alpha_id=ak1mZwb2 status=UNSUBMITTED sharpe=1.67 fitness=0.72 turnover=0.334
2026-08-16 13:50:00,085 INFO [brain_api] Simulation complete alpha_id=ak1mZwb2 sharpe=1.67 fitness=0.72 turnover=0.334 expr_hash=29bf4db2835e
2026-08-16 13:50:00,086 INFO [brain_api] Stream simulation candidate finished batch_idx=0 status=COMPLETE attempts=1 retryable=False expr_hash=29bf4db2835e
  [1/3] COMPLETE — group_neutralize(rank(ts_rank(short_term_price_cha
2026-08-16 13:50:05,429 INFO [brain_api] Batch heartbeat ts=2026-08-16T06:50:05.429256+00:00 elapsed=120s progress=1/3 in_flight=2 last_status=COMPLETE
  ✓ ak1mZwb2 | sharpe=1.67 fitness=0.72 turnover=0.3340
  [heartbeat] 13:50:05 elapsed=120s 1/3 in_flight=2 last=COMPLETE
2026-08-16 13:50:22,819 INFO [brain_api] Polling simulation status changed sim_id=1Zhg4I1mm4t3aL1vWQZnHJJ status=COMPLETE
2026-08-16 13:50:22,819 INFO [brain_api] Polling simulation terminal sim_id=1Zhg4I1mm4t3aL1vWQZnHJJ status=COMPLETE alpha_id=78zPbrbL
2026-08-16 13:50:22,819 INFO [brain_api] Fetching alpha details alpha_id=78zPbrbL retries=3
2026-08-16 13:50:23,331 INFO [brain_api] Fetched alpha details alpha_id=78zPbrbL status=UNSUBMITTED sharpe=1.37 fitness=0.54 turnover=0.2976
2026-08-16 13:50:23,331 INFO [brain_api] Simulation complete alpha_id=78zPbrbL sharpe=1.37 fitness=0.54 turnover=0.2976 expr_hash=1bce1f4f1482
2026-08-16 13:50:23,331 INFO [brain_api] Stream simulation candidate finished batch_idx=2 status=COMPLETE attempts=1 retryable=False expr_hash=1bce1f4f1482
  [2/3] COMPLETE — rank(ts_rank(short_term_price_change_2, 10) * (1 -
2026-08-16 13:50:35,436 INFO [brain_api] Batch heartbeat ts=2026-08-16T06:50:35.436021+00:00 elapsed=150s progress=2/3 in_flight=1 last_status=COMPLETE
  ✓ 78zPbrbL | sharpe=1.37 fitness=0.54 turnover=0.2976
  [heartbeat] 13:50:35 elapsed=150s 2/3 in_flight=1 last=COMPLETE
2026-08-16 13:51:05,443 INFO [brain_api] Batch heartbeat ts=2026-08-16T06:51:05.443217+00:00 elapsed=180s progress=2/3 in_flight=1 last_status=COMPLETE
  [heartbeat] 13:51:05 elapsed=180s 2/3 in_flight=1 last=COMPLETE
2026-08-16 13:51:35,450 INFO [brain_api] Batch heartbeat ts=2026-08-16T06:51:35.450912+00:00 elapsed=210s progress=2/3 in_flight=1 last_status=COMPLETE
  [heartbeat] 13:51:35 elapsed=210s 2/3 in_flight=1 last=COMPLETE
2026-08-16 13:52:05,459 INFO [brain_api] Batch heartbeat ts=2026-08-16T06:52:05.458738+00:00 elapsed=240s progress=2/3 in_flight=1 last_status=COMPLETE
  [heartbeat] 13:52:05 elapsed=240s 2/3 in_flight=1 last=COMPLETE
2026-08-16 13:52:35,466 INFO [brain_api] Batch heartbeat ts=2026-08-16T06:52:35.466121+00:00 elapsed=270s progress=2/3 in_flight=1 last_status=COMPLETE
  [heartbeat] 13:52:35 elapsed=270s 2/3 in_flight=1 last=COMPLETE
2026-08-16 13:53:05,472 INFO [brain_api] Batch heartbeat ts=2026-08-16T06:53:05.472868+00:00 elapsed=300s progress=2/3 in_flight=1 last_status=COMPLETE
  [heartbeat] 13:53:05 elapsed=300s 2/3 in_flight=1 last=COMPLETE
2026-08-16 13:53:34,930 INFO [brain_api] Polling simulation status changed sim_id=u9De31U44RLaDKwEaGM2Hy status=COMPLETE
2026-08-16 13:53:34,930 INFO [brain_api] Polling simulation terminal sim_id=u9De31U44RLaDKwEaGM2Hy status=COMPLETE alpha_id=KPGAj83g
2026-08-16 13:53:34,930 INFO [brain_api] Fetching alpha details alpha_id=KPGAj83g retries=3
2026-08-16 13:53:35,335 INFO [brain_api] Fetched alpha details alpha_id=KPGAj83g status=UNSUBMITTED sharpe=1.2 fitness=0.5 turnover=0.2278
2026-08-16 13:53:35,336 INFO [brain_api] Simulation complete alpha_id=KPGAj83g sharpe=1.2 fitness=0.5 turnover=0.2278 expr_hash=3cbd029772eb
2026-08-16 13:53:35,336 INFO [brain_api] Stream simulation candidate finished batch_idx=1 status=COMPLETE attempts=1 retryable=False expr_hash=3cbd029772eb
  [3/3] COMPLETE — group_neutralize(ts_decay_linear(ts_rank(short_ter
2026-08-16 13:53:35,338 INFO [brain_api] Batch simulate stream complete candidate_count=3
2026-08-16 13:53:35,339 INFO [brain_api] Batch simulate stream start candidate_count=3 concurrency=3 max_retries=2
2026-08-16 13:53:35,340 INFO [brain_api] Simulation submit start expr_hash=56390733b8ab expr_len=89 settings_keys=['decay', 'delay', 'instrumentType', 'language', 'maxPosition', 'maxTrade', 'nanHandling', 'neutralization', 'pasteurization', 'region', 'truncation', 'unitHandling', 'universe', 'visualization']
2026-08-16 13:53:35,340 INFO [brain_api] Simulation submit start expr_hash=da045fdba93c expr_len=95 settings_keys=['decay', 'delay', 'instrumentType', 'language', 'maxPosition', 'maxTrade', 'nanHandling', 'neutralization', 'pasteurization', 'region', 'truncation', 'unitHandling', 'universe', 'visualization']
2026-08-16 13:53:35,344 INFO [brain_api] Simulation submit start expr_hash=bcbcd7c9eb9e expr_len=129 settings_keys=['decay', 'delay', 'instrumentType', 'language', 'maxPosition', 'maxTrade', 'nanHandling', 'neutralization', 'pasteurization', 'region', 'truncation', 'unitHandling', 'universe', 'visualization']
2026-08-16 13:53:35,649 INFO [brain_api] Simulation created sim_id=iyVMV3sp4OW9Vl12sOhyJ8J expr_hash=56390733b8ab
2026-08-16 13:53:35,649 INFO [brain_api] Polling simulation start sim_id=iyVMV3sp4OW9Vl12sOhyJ8J timeout=600s
2026-08-16 13:53:36,056 INFO [brain_api] Polling simulation status changed sim_id=iyVMV3sp4OW9Vl12sOhyJ8J status=UNKNOWN
2026-08-16 13:53:36,769 INFO [brain_api] Simulation created sim_id=1YsU5Kcgo4r59OCsNd7bzsC expr_hash=da045fdba93c
2026-08-16 13:53:36,769 INFO [brain_api] Polling simulation start sim_id=1YsU5Kcgo4r59OCsNd7bzsC timeout=600s
2026-08-16 13:53:36,778 INFO [brain_api] Simulation created sim_id=3iNU5r2Hm4iec6Ju8dVQtNo expr_hash=bcbcd7c9eb9e
2026-08-16 13:53:36,778 INFO [brain_api] Polling simulation start sim_id=3iNU5r2Hm4iec6Ju8dVQtNo timeout=600s
2026-08-16 13:53:37,182 INFO [brain_api] Polling simulation status changed sim_id=1YsU5Kcgo4r59OCsNd7bzsC status=UNKNOWN
2026-08-16 13:53:37,183 INFO [brain_api] Polling simulation status changed sim_id=3iNU5r2Hm4iec6Ju8dVQtNo status=UNKNOWN
2026-08-16 13:53:42,511 INFO [brain_api] Polling simulation status changed sim_id=3iNU5r2Hm4iec6Ju8dVQtNo status=ERROR
2026-08-16 13:53:42,511 INFO [brain_api] Polling simulation failed sim_id=3iNU5r2Hm4iec6Ju8dVQtNo status=ERROR data_keys=['id', 'links', 'location', 'message', 'status', 'type']
2026-08-16 13:53:42,512 INFO [brain_api] Simulation finished non-complete sim_id=3iNU5r2Hm4iec6Ju8dVQtNo status=ERROR expr_hash=bcbcd7c9eb9e status_code=None error_hash=None
2026-08-16 13:53:42,512 INFO [brain_api] Stream simulation candidate finished batch_idx=2 status=ERROR attempts=1 retryable=False expr_hash=bcbcd7c9eb9e
  ✓ KPGAj83g | sharpe=1.20 fitness=0.50 turnover=0.2278
[batch 44/69] Mô phỏng 3 candidates...
  [1/3] ERROR — group_neutralize(ts_rank(short_term_price_change_2
2026-08-16 13:54:05,346 INFO [brain_api] Batch heartbeat ts=2026-08-16T06:54:05.346019+00:00 elapsed=30s progress=1/3 in_flight=2 last_status=ERROR
  ✗ ERROR: unknown error
  [heartbeat] 13:54:05 elapsed=30s 1/3 in_flight=2 last=ERROR
2026-08-16 13:54:35,352 INFO [brain_api] Batch heartbeat ts=2026-08-16T06:54:35.352869+00:00 elapsed=60s progress=1/3 in_flight=2 last_status=ERROR
  [heartbeat] 13:54:35 elapsed=60s 1/3 in_flight=2 last=ERROR
2026-08-16 13:55:02,270 INFO [brain_api] Polling simulation status changed sim_id=iyVMV3sp4OW9Vl12sOhyJ8J status=COMPLETE
2026-08-16 13:55:02,271 INFO [brain_api] Polling simulation terminal sim_id=iyVMV3sp4OW9Vl12sOhyJ8J status=COMPLETE alpha_id=P0GLdOz7
2026-08-16 13:55:02,271 INFO [brain_api] Fetching alpha details alpha_id=P0GLdOz7 retries=3
2026-08-16 13:55:02,783 INFO [brain_api] Fetched alpha details alpha_id=P0GLdOz7 status=UNSUBMITTED sharpe=1.39 fitness=0.55 turnover=0.3025
2026-08-16 13:55:02,783 INFO [brain_api] Simulation complete alpha_id=P0GLdOz7 sharpe=1.39 fitness=0.55 turnover=0.3025 expr_hash=56390733b8ab
2026-08-16 13:55:02,783 INFO [brain_api] Stream simulation candidate finished batch_idx=0 status=COMPLETE attempts=1 retryable=False expr_hash=56390733b8ab
  [2/3] COMPLETE — group_rank(ts_rank(short_term_price_change_2, 10) 
2026-08-16 13:55:05,360 INFO [brain_api] Batch heartbeat ts=2026-08-16T06:55:05.360112+00:00 elapsed=90s progress=2/3 in_flight=1 last_status=COMPLETE
  ✓ P0GLdOz7 | sharpe=1.39 fitness=0.55 turnover=0.3025
  [heartbeat] 13:55:05 elapsed=90s 2/3 in_flight=1 last=COMPLETE
2026-08-16 13:55:35,367 INFO [brain_api] Batch heartbeat ts=2026-08-16T06:55:35.367103+00:00 elapsed=120s progress=2/3 in_flight=1 last_status=COMPLETE
  [heartbeat] 13:55:35 elapsed=120s 2/3 in_flight=1 last=COMPLETE
2026-08-16 13:55:47,485 INFO [brain_api] Polling simulation status changed sim_id=1YsU5Kcgo4r59OCsNd7bzsC status=COMPLETE
2026-08-16 13:55:47,486 INFO [brain_api] Polling simulation terminal sim_id=1YsU5Kcgo4r59OCsNd7bzsC status=COMPLETE alpha_id=wpa7MbwY
2026-08-16 13:55:47,486 INFO [brain_api] Fetching alpha details alpha_id=wpa7MbwY retries=3
2026-08-16 13:55:47,844 INFO [brain_api] Fetched alpha details alpha_id=wpa7MbwY status=UNSUBMITTED sharpe=1.66 fitness=0.73 turnover=0.3058
2026-08-16 13:55:47,844 INFO [brain_api] Simulation complete alpha_id=wpa7MbwY sharpe=1.66 fitness=0.73 turnover=0.3058 expr_hash=da045fdba93c
2026-08-16 13:55:47,845 INFO [brain_api] Stream simulation candidate finished batch_idx=1 status=COMPLETE attempts=1 retryable=False expr_hash=da045fdba93c
  [3/3] COMPLETE — group_neutralize(ts_rank(short_term_price_change_2
2026-08-16 13:55:47,847 INFO [brain_api] Batch simulate stream complete candidate_count=3
2026-08-16 13:55:47,847 INFO [brain_api] Batch simulate stream start candidate_count=3 concurrency=3 max_retries=2
2026-08-16 13:55:47,848 INFO [brain_api] Simulation submit start expr_hash=1b08f3d6b8c5 expr_len=129 settings_keys=['decay', 'delay', 'instrumentType', 'language', 'maxPosition', 'maxTrade', 'nanHandling', 'neutralization', 'pasteurization', 'region', 'truncation', 'unitHandling', 'universe', 'visualization']
2026-08-16 13:55:47,849 INFO [brain_api] Simulation submit start expr_hash=3a01d0c4d472 expr_len=105 settings_keys=['decay', 'delay', 'instrumentType', 'language', 'maxPosition', 'maxTrade', 'nanHandling', 'neutralization', 'pasteurization', 'region', 'truncation', 'unitHandling', 'universe', 'visualization']
2026-08-16 13:55:47,851 INFO [brain_api] Simulation submit start expr_hash=58152d1da59f expr_len=115 settings_keys=['decay', 'delay', 'instrumentType', 'language', 'maxPosition', 'maxTrade', 'nanHandling', 'neutralization', 'pasteurization', 'region', 'truncation', 'unitHandling', 'universe', 'visualization']
2026-08-16 13:55:48,361 INFO [brain_api] Simulation created sim_id=RKS6S9K04NKc2op0PflxSr expr_hash=1b08f3d6b8c5
2026-08-16 13:55:48,361 INFO [brain_api] Polling simulation start sim_id=RKS6S9K04NKc2op0PflxSr timeout=600s
2026-08-16 13:55:49,476 INFO [brain_api] Polling simulation status changed sim_id=RKS6S9K04NKc2op0PflxSr status=ERROR
2026-08-16 13:55:49,477 INFO [brain_api] Polling simulation failed sim_id=RKS6S9K04NKc2op0PflxSr status=ERROR data_keys=['id', 'links', 'location', 'message', 'status', 'type']
2026-08-16 13:55:49,482 INFO [brain_api] Simulation finished non-complete sim_id=RKS6S9K04NKc2op0PflxSr status=ERROR expr_hash=1b08f3d6b8c5 status_code=None error_hash=None
2026-08-16 13:55:49,482 INFO [brain_api] Stream simulation candidate finished batch_idx=0 status=ERROR attempts=1 retryable=False expr_hash=1b08f3d6b8c5
  ✓ wpa7MbwY | sharpe=1.66 fitness=0.73 turnover=0.3058
[batch 45/69] Mô phỏng 3 candidates...
  [1/3] ERROR — group_neutralize(ts_rank(short_term_price_change_2
2026-08-16 13:55:49,692 INFO [brain_api] Simulation created sim_id=wEmCx1ZL4RycHq4o7XJoej expr_hash=58152d1da59f
2026-08-16 13:55:49,692 INFO [brain_api] Polling simulation start sim_id=wEmCx1ZL4RycHq4o7XJoej timeout=600s
2026-08-16 13:55:49,693 INFO [brain_api] Simulation created sim_id=mffs1agc4RwbzWQLXk1qLp expr_hash=3a01d0c4d472
2026-08-16 13:55:49,695 INFO [brain_api] Polling simulation start sim_id=mffs1agc4RwbzWQLXk1qLp timeout=600s
2026-08-16 13:55:49,994 INFO [brain_api] Polling simulation status changed sim_id=mffs1agc4RwbzWQLXk1qLp status=UNKNOWN
2026-08-16 13:55:49,995 INFO [brain_api] Polling simulation status changed sim_id=wEmCx1ZL4RycHq4o7XJoej status=UNKNOWN
2026-08-16 13:56:17,854 INFO [brain_api] Batch heartbeat ts=2026-08-16T06:56:17.854724+00:00 elapsed=30s progress=1/3 in_flight=2 last_status=ERROR
  ✗ ERROR: unknown error
  [heartbeat] 13:56:17 elapsed=30s 1/3 in_flight=2 last=ERROR
2026-08-16 13:56:47,861 INFO [brain_api] Batch heartbeat ts=2026-08-16T06:56:47.861297+00:00 elapsed=60s progress=1/3 in_flight=2 last_status=ERROR
  [heartbeat] 13:56:47 elapsed=60s 1/3 in_flight=2 last=ERROR
2026-08-16 13:57:17,867 INFO [brain_api] Batch heartbeat ts=2026-08-16T06:57:17.867873+00:00 elapsed=90s progress=1/3 in_flight=2 last_status=ERROR
  [heartbeat] 13:57:17 elapsed=90s 1/3 in_flight=2 last=ERROR
2026-08-16 13:57:47,874 INFO [brain_api] Batch heartbeat ts=2026-08-16T06:57:47.874841+00:00 elapsed=120s progress=1/3 in_flight=2 last_status=ERROR
  [heartbeat] 13:57:47 elapsed=120s 1/3 in_flight=2 last=ERROR
2026-08-16 13:57:53,489 INFO [brain_api] Polling simulation status changed sim_id=wEmCx1ZL4RycHq4o7XJoej status=COMPLETE
2026-08-16 13:57:53,490 INFO [brain_api] Polling simulation terminal sim_id=wEmCx1ZL4RycHq4o7XJoej status=COMPLETE alpha_id=MPGvovOM
2026-08-16 13:57:53,490 INFO [brain_api] Fetching alpha details alpha_id=MPGvovOM retries=3
2026-08-16 13:57:54,001 INFO [brain_api] Fetched alpha details alpha_id=MPGvovOM status=UNSUBMITTED sharpe=1.22 fitness=0.52 turnover=0.2251
2026-08-16 13:57:54,002 INFO [brain_api] Simulation complete alpha_id=MPGvovOM sharpe=1.22 fitness=0.52 turnover=0.2251 expr_hash=58152d1da59f
2026-08-16 13:57:54,002 INFO [brain_api] Stream simulation candidate finished batch_idx=2 status=COMPLETE attempts=1 retryable=False expr_hash=58152d1da59f
  [2/3] COMPLETE — group_neutralize(ts_decay_linear(ts_rank(short_ter
2026-08-16 13:58:17,881 INFO [brain_api] Batch heartbeat ts=2026-08-16T06:58:17.881275+00:00 elapsed=150s progress=2/3 in_flight=1 last_status=COMPLETE
  ✓ MPGvovOM | sharpe=1.22 fitness=0.52 turnover=0.2251
  [heartbeat] 13:58:17 elapsed=150s 2/3 in_flight=1 last=COMPLETE
2026-08-16 13:58:47,887 INFO [brain_api] Batch heartbeat ts=2026-08-16T06:58:47.887646+00:00 elapsed=180s progress=2/3 in_flight=1 last_status=COMPLETE
  [heartbeat] 13:58:47 elapsed=180s 2/3 in_flight=1 last=COMPLETE
2026-08-16 13:59:17,895 INFO [brain_api] Batch heartbeat ts=2026-08-16T06:59:17.895424+00:00 elapsed=210s progress=2/3 in_flight=1 last_status=COMPLETE
  [heartbeat] 13:59:17 elapsed=210s 2/3 in_flight=1 last=COMPLETE
2026-08-16 13:59:47,903 INFO [brain_api] Batch heartbeat ts=2026-08-16T06:59:47.903393+00:00 elapsed=240s progress=2/3 in_flight=1 last_status=COMPLETE
  [heartbeat] 13:59:47 elapsed=240s 2/3 in_flight=1 last=COMPLETE
2026-08-16 14:00:17,910 INFO [brain_api] Batch heartbeat ts=2026-08-16T07:00:17.910777+00:00 elapsed=270s progress=2/3 in_flight=1 last_status=COMPLETE
  [heartbeat] 14:00:17 elapsed=270s 2/3 in_flight=1 last=COMPLETE
2026-08-16 14:00:47,918 INFO [brain_api] Batch heartbeat ts=2026-08-16T07:00:47.917930+00:00 elapsed=300s progress=2/3 in_flight=1 last_status=COMPLETE
  [heartbeat] 14:00:47 elapsed=300s 2/3 in_flight=1 last=COMPLETE
2026-08-16 14:00:50,228 INFO [brain_api] Polling simulation status changed sim_id=mffs1agc4RwbzWQLXk1qLp status=COMPLETE
2026-08-16 14:00:50,228 INFO [brain_api] Polling simulation terminal sim_id=mffs1agc4RwbzWQLXk1qLp status=COMPLETE alpha_id=leWwX2aO
2026-08-16 14:00:50,229 INFO [brain_api] Fetching alpha details alpha_id=leWwX2aO retries=3
2026-08-16 14:00:50,648 INFO [brain_api] Fetched alpha details alpha_id=leWwX2aO status=UNSUBMITTED sharpe=1.69 fitness=0.76 turnover=0.3303
2026-08-16 14:00:50,648 INFO [brain_api] Simulation complete alpha_id=leWwX2aO sharpe=1.69 fitness=0.76 turnover=0.3303 expr_hash=3a01d0c4d472
2026-08-16 14:00:50,648 INFO [brain_api] Stream simulation candidate finished batch_idx=1 status=COMPLETE attempts=1 retryable=False expr_hash=3a01d0c4d472
  [3/3] COMPLETE — group_neutralize(rank(ts_rank(short_term_price_cha
2026-08-16 14:00:50,651 INFO [brain_api] Batch simulate stream complete candidate_count=3
2026-08-16 14:00:50,651 INFO [brain_api] Batch simulate stream start candidate_count=3 concurrency=3 max_retries=2
2026-08-16 14:00:50,652 INFO [brain_api] Simulation submit start expr_hash=1bce1f4f1482 expr_len=73 settings_keys=['decay', 'delay', 'instrumentType', 'language', 'maxPosition', 'maxTrade', 'nanHandling', 'neutralization', 'pasteurization', 'region', 'truncation', 'unitHandling', 'universe', 'visualization']
2026-08-16 14:00:50,653 INFO [brain_api] Simulation submit start expr_hash=a8b48ad2b68e expr_len=92 settings_keys=['decay', 'delay', 'instrumentType', 'language', 'maxPosition', 'maxTrade', 'nanHandling', 'neutralization', 'pasteurization', 'region', 'truncation', 'unitHandling', 'universe', 'visualization']
2026-08-16 14:00:50,658 INFO [brain_api] Simulation submit start expr_hash=88ff97b2250a expr_len=98 settings_keys=['decay', 'delay', 'instrumentType', 'language', 'maxPosition', 'maxTrade', 'nanHandling', 'neutralization', 'pasteurization', 'region', 'truncation', 'unitHandling', 'universe', 'visualization']
2026-08-16 14:00:51,165 INFO [brain_api] Simulation created sim_id=1SVlw9ffi4QF9nF1ghEmxTsh expr_hash=a8b48ad2b68e
2026-08-16 14:00:51,165 INFO [brain_api] Polling simulation start sim_id=1SVlw9ffi4QF9nF1ghEmxTsh timeout=600s
2026-08-16 14:00:51,665 INFO [brain_api] Polling simulation status changed sim_id=1SVlw9ffi4QF9nF1ghEmxTsh status=UNKNOWN
2026-08-16 14:00:53,099 INFO [brain_api] Simulation created sim_id=4aR6oacZ74JAcjWkwAeS3RG expr_hash=88ff97b2250a
2026-08-16 14:00:53,099 INFO [brain_api] Polling simulation start sim_id=4aR6oacZ74JAcjWkwAeS3RG timeout=600s
2026-08-16 14:00:53,100 INFO [brain_api] Simulation created sim_id=3Andlbbrc4MubhlOGBL8eL4 expr_hash=1bce1f4f1482
2026-08-16 14:00:53,149 INFO [brain_api] Polling simulation start sim_id=3Andlbbrc4MubhlOGBL8eL4 timeout=600s
2026-08-16 14:00:53,506 INFO [brain_api] Polling simulation status changed sim_id=4aR6oacZ74JAcjWkwAeS3RG status=UNKNOWN
2026-08-16 14:00:53,509 INFO [brain_api] Polling simulation status changed sim_id=3Andlbbrc4MubhlOGBL8eL4 status=UNKNOWN
2026-08-16 14:01:20,658 INFO [brain_api] Batch heartbeat ts=2026-08-16T07:01:20.658608+00:00 elapsed=30s progress=0/3 in_flight=3 last_status=-
  ✓ leWwX2aO | sharpe=1.69 fitness=0.76 turnover=0.3303
[batch 46/69] Mô phỏng 3 candidates...
  [heartbeat] 14:01:20 elapsed=30s 0/3 in_flight=3 last=-
2026-08-16 14:01:50,665 INFO [brain_api] Batch heartbeat ts=2026-08-16T07:01:50.665433+00:00 elapsed=60s progress=0/3 in_flight=3 last_status=-
  [heartbeat] 14:01:50 elapsed=60s 0/3 in_flight=3 last=-
2026-08-16 14:02:20,672 INFO [brain_api] Batch heartbeat ts=2026-08-16T07:02:20.672623+00:00 elapsed=90s progress=0/3 in_flight=3 last_status=-
  [heartbeat] 14:02:20 elapsed=90s 0/3 in_flight=3 last=-
2026-08-16 14:02:41,640 INFO [brain_api] Polling simulation status changed sim_id=3Andlbbrc4MubhlOGBL8eL4 status=COMPLETE
2026-08-16 14:02:41,641 INFO [brain_api] Polling simulation terminal sim_id=3Andlbbrc4MubhlOGBL8eL4 status=COMPLETE alpha_id=78zPbrbL
2026-08-16 14:02:41,641 INFO [brain_api] Fetching alpha details alpha_id=78zPbrbL retries=3
2026-08-16 14:02:42,152 INFO [brain_api] Fetched alpha details alpha_id=78zPbrbL status=UNSUBMITTED sharpe=1.37 fitness=0.54 turnover=0.2976
2026-08-16 14:02:42,153 INFO [brain_api] Simulation complete alpha_id=78zPbrbL sharpe=1.37 fitness=0.54 turnover=0.2976 expr_hash=1bce1f4f1482
2026-08-16 14:02:42,153 INFO [brain_api] Stream simulation candidate finished batch_idx=0 status=COMPLETE attempts=1 retryable=False expr_hash=1bce1f4f1482
  [1/3] COMPLETE — rank(ts_rank(short_term_price_change_2, 10) * (1 -
2026-08-16 14:02:50,679 INFO [brain_api] Batch heartbeat ts=2026-08-16T07:02:50.679895+00:00 elapsed=120s progress=1/3 in_flight=2 last_status=COMPLETE
  ✓ 78zPbrbL | sharpe=1.37 fitness=0.54 turnover=0.2976
  [heartbeat] 14:02:50 elapsed=120s 1/3 in_flight=2 last=COMPLETE
2026-08-16 14:03:06,426 INFO [brain_api] Polling simulation status changed sim_id=1SVlw9ffi4QF9nF1ghEmxTsh status=COMPLETE
2026-08-16 14:03:06,426 INFO [brain_api] Polling simulation terminal sim_id=1SVlw9ffi4QF9nF1ghEmxTsh status=COMPLETE alpha_id=YPv3qMW6
2026-08-16 14:03:06,426 INFO [brain_api] Fetching alpha details alpha_id=YPv3qMW6 retries=3
2026-08-16 14:03:07,138 INFO [brain_api] Fetched alpha details alpha_id=YPv3qMW6 status=UNSUBMITTED sharpe=1.37 fitness=0.52 turnover=0.3118
2026-08-16 14:03:07,138 INFO [brain_api] Simulation complete alpha_id=YPv3qMW6 sharpe=1.37 fitness=0.52 turnover=0.3118 expr_hash=a8b48ad2b68e
2026-08-16 14:03:07,139 INFO [brain_api] Stream simulation candidate finished batch_idx=1 status=COMPLETE attempts=1 retryable=False expr_hash=a8b48ad2b68e
  [2/3] COMPLETE — group_rank(ts_rank(short_term_price_change_2, 10) 
2026-08-16 14:03:20,687 INFO [brain_api] Batch heartbeat ts=2026-08-16T07:03:20.687031+00:00 elapsed=150s progress=2/3 in_flight=1 last_status=COMPLETE
  ✓ YPv3qMW6 | sharpe=1.37 fitness=0.52 turnover=0.3118
  [heartbeat] 14:03:20 elapsed=150s 2/3 in_flight=1 last=COMPLETE
2026-08-16 14:03:37,525 INFO [brain_api] Polling simulation status changed sim_id=4aR6oacZ74JAcjWkwAeS3RG status=COMPLETE
2026-08-16 14:03:37,525 INFO [brain_api] Polling simulation terminal sim_id=4aR6oacZ74JAcjWkwAeS3RG status=COMPLETE alpha_id=wpa7go51
2026-08-16 14:03:37,525 INFO [brain_api] Fetching alpha details alpha_id=wpa7go51 retries=3
2026-08-16 14:03:37,895 INFO [brain_api] Fetched alpha details alpha_id=wpa7go51 status=UNSUBMITTED sharpe=1.65 fitness=0.72 turnover=0.3055
2026-08-16 14:03:37,895 INFO [brain_api] Simulation complete alpha_id=wpa7go51 sharpe=1.65 fitness=0.72 turnover=0.3055 expr_hash=88ff97b2250a
2026-08-16 14:03:37,895 INFO [brain_api] Stream simulation candidate finished batch_idx=2 status=COMPLETE attempts=1 retryable=False expr_hash=88ff97b2250a
  [3/3] COMPLETE — group_neutralize(ts_rank(short_term_price_change_2
2026-08-16 14:03:37,898 INFO [brain_api] Batch simulate stream complete candidate_count=3
2026-08-16 14:03:37,898 INFO [brain_api] Batch simulate stream start candidate_count=3 concurrency=3 max_retries=2
2026-08-16 14:03:37,899 INFO [brain_api] Simulation submit start expr_hash=d4a4705408fc expr_len=132 settings_keys=['decay', 'delay', 'instrumentType', 'language', 'maxPosition', 'maxTrade', 'nanHandling', 'neutralization', 'pasteurization', 'region', 'truncation', 'unitHandling', 'universe', 'visualization']
2026-08-16 14:03:37,901 INFO [brain_api] Simulation submit start expr_hash=c0cb7a973553 expr_len=132 settings_keys=['decay', 'delay', 'instrumentType', 'language', 'maxPosition', 'maxTrade', 'nanHandling', 'neutralization', 'pasteurization', 'region', 'truncation', 'unitHandling', 'universe', 'visualization']
2026-08-16 14:03:37,906 INFO [brain_api] Simulation submit start expr_hash=b46531098ff4 expr_len=108 settings_keys=['decay', 'delay', 'instrumentType', 'language', 'maxPosition', 'maxTrade', 'nanHandling', 'neutralization', 'pasteurization', 'region', 'truncation', 'unitHandling', 'universe', 'visualization']
2026-08-16 14:03:38,213 INFO [brain_api] Simulation created sim_id=1k6b3og6u4rp9ku13LLeEI1g expr_hash=c0cb7a973553
2026-08-16 14:03:38,214 INFO [brain_api] Polling simulation start sim_id=1k6b3og6u4rp9ku13LLeEI1g timeout=600s
2026-08-16 14:03:38,485 INFO [brain_api] Polling simulation status changed sim_id=1k6b3og6u4rp9ku13LLeEI1g status=UNKNOWN
2026-08-16 14:03:39,003 INFO [brain_api] Simulation created sim_id=2zH8c22dM5218TyBqHEsfwR expr_hash=d4a4705408fc
2026-08-16 14:03:39,003 INFO [brain_api] Polling simulation start sim_id=2zH8c22dM5218TyBqHEsfwR timeout=600s
2026-08-16 14:03:39,131 INFO [brain_api] Simulation created sim_id=17NHRlgIL4Mjc4iiV1LEhkA expr_hash=b46531098ff4
2026-08-16 14:03:39,131 INFO [brain_api] Polling simulation start sim_id=17NHRlgIL4Mjc4iiV1LEhkA timeout=600s
2026-08-16 14:03:39,271 INFO [brain_api] Polling simulation status changed sim_id=2zH8c22dM5218TyBqHEsfwR status=UNKNOWN
2026-08-16 14:03:40,527 INFO [brain_api] Polling simulation status changed sim_id=17NHRlgIL4Mjc4iiV1LEhkA status=UNKNOWN
2026-08-16 14:03:43,887 INFO [brain_api] Polling simulation status changed sim_id=1k6b3og6u4rp9ku13LLeEI1g status=ERROR
2026-08-16 14:03:43,887 INFO [brain_api] Polling simulation failed sim_id=1k6b3og6u4rp9ku13LLeEI1g status=ERROR data_keys=['id', 'links', 'location', 'message', 'status', 'type']
2026-08-16 14:03:43,888 INFO [brain_api] Simulation finished non-complete sim_id=1k6b3og6u4rp9ku13LLeEI1g status=ERROR expr_hash=c0cb7a973553 status_code=None error_hash=None
2026-08-16 14:03:43,888 INFO [brain_api] Stream simulation candidate finished batch_idx=1 status=ERROR attempts=1 retryable=False expr_hash=c0cb7a973553
  ✓ wpa7go51 | sharpe=1.65 fitness=0.72 turnover=0.3055
[batch 47/69] Mô phỏng 3 candidates...
  [1/3] ERROR — group_neutralize(ts_rank(short_term_price_change_2
2026-08-16 14:03:44,730 INFO [brain_api] Polling simulation status changed sim_id=2zH8c22dM5218TyBqHEsfwR status=ERROR
2026-08-16 14:03:44,731 INFO [brain_api] Polling simulation failed sim_id=2zH8c22dM5218TyBqHEsfwR status=ERROR data_keys=['id', 'links', 'location', 'message', 'status', 'type']
2026-08-16 14:03:44,731 INFO [brain_api] Simulation finished non-complete sim_id=2zH8c22dM5218TyBqHEsfwR status=ERROR expr_hash=d4a4705408fc status_code=None error_hash=None
2026-08-16 14:03:44,731 INFO [brain_api] Stream simulation candidate finished batch_idx=0 status=ERROR attempts=1 retryable=False expr_hash=d4a4705408fc
  ✗ ERROR: unknown error
  [2/3] ERROR — group_neutralize(ts_rank(short_term_price_change_2
2026-08-16 14:04:07,905 INFO [brain_api] Batch heartbeat ts=2026-08-16T07:04:07.905278+00:00 elapsed=30s progress=2/3 in_flight=1 last_status=ERROR
  ✗ ERROR: unknown error
  [heartbeat] 14:04:07 elapsed=30s 2/3 in_flight=1 last=ERROR
2026-08-16 14:04:37,912 INFO [brain_api] Batch heartbeat ts=2026-08-16T07:04:37.912554+00:00 elapsed=60s progress=2/3 in_flight=1 last_status=ERROR
  [heartbeat] 14:04:37 elapsed=60s 2/3 in_flight=1 last=ERROR
2026-08-16 14:05:07,919 INFO [brain_api] Batch heartbeat ts=2026-08-16T07:05:07.919506+00:00 elapsed=90s progress=2/3 in_flight=1 last_status=ERROR
  [heartbeat] 14:05:07 elapsed=90s 2/3 in_flight=1 last=ERROR
2026-08-16 14:05:22,311 INFO [brain_api] Polling simulation status changed sim_id=17NHRlgIL4Mjc4iiV1LEhkA status=COMPLETE
2026-08-16 14:05:22,312 INFO [brain_api] Polling simulation terminal sim_id=17NHRlgIL4Mjc4iiV1LEhkA status=COMPLETE alpha_id=9qp50eLd
2026-08-16 14:05:22,312 INFO [brain_api] Fetching alpha details alpha_id=9qp50eLd retries=3
2026-08-16 14:05:22,722 INFO [brain_api] Fetched alpha details alpha_id=9qp50eLd status=UNSUBMITTED sharpe=1.69 fitness=0.76 turnover=0.33
2026-08-16 14:05:22,722 INFO [brain_api] Simulation complete alpha_id=9qp50eLd sharpe=1.69 fitness=0.76 turnover=0.33 expr_hash=b46531098ff4
2026-08-16 14:05:22,722 INFO [brain_api] Stream simulation candidate finished batch_idx=2 status=COMPLETE attempts=1 retryable=False expr_hash=b46531098ff4
  [3/3] COMPLETE — group_neutralize(rank(ts_rank(short_term_price_cha
2026-08-16 14:05:22,725 INFO [brain_api] Batch simulate stream complete candidate_count=3
2026-08-16 14:05:22,725 INFO [brain_api] Batch simulate stream start candidate_count=3 concurrency=3 max_retries=2
2026-08-16 14:05:22,726 INFO [brain_api] Simulation submit start expr_hash=59b2c9012b1f expr_len=118 settings_keys=['decay', 'delay', 'instrumentType', 'language', 'maxPosition', 'maxTrade', 'nanHandling', 'neutralization', 'pasteurization', 'region', 'truncation', 'unitHandling', 'universe', 'visualization']
2026-08-16 14:05:22,726 INFO [brain_api] Simulation submit start expr_hash=e0d55b4b24f5 expr_len=87 settings_keys=['decay', 'delay', 'instrumentType', 'language', 'maxPosition', 'maxTrade', 'nanHandling', 'neutralization', 'pasteurization', 'region', 'truncation', 'unitHandling', 'universe', 'visualization']
2026-08-16 14:05:22,729 INFO [brain_api] Simulation submit start expr_hash=4bff2db5a03e expr_len=130 settings_keys=['decay', 'delay', 'instrumentType', 'language', 'maxPosition', 'maxTrade', 'nanHandling', 'neutralization', 'pasteurization', 'region', 'truncation', 'unitHandling', 'universe', 'visualization']
2026-08-16 14:05:23,127 INFO [brain_api] Simulation created sim_id=4hQe8jCR4i99nvEtK3yEMu expr_hash=59b2c9012b1f
2026-08-16 14:05:23,127 INFO [brain_api] Polling simulation start sim_id=4hQe8jCR4i99nvEtK3yEMu timeout=600s
2026-08-16 14:05:23,537 INFO [brain_api] Polling simulation status changed sim_id=4hQe8jCR4i99nvEtK3yEMu status=UNKNOWN
2026-08-16 14:05:24,467 INFO [brain_api] Simulation created sim_id=3xOosg45c4Q0a1Qp5ncb9lH expr_hash=4bff2db5a03e
2026-08-16 14:05:24,467 INFO [brain_api] Polling simulation start sim_id=3xOosg45c4Q0a1Qp5ncb9lH timeout=600s
2026-08-16 14:05:24,470 INFO [brain_api] Simulation created sim_id=J3Tx83Dd5cWa3gvQn0BGms expr_hash=e0d55b4b24f5
2026-08-16 14:05:24,470 INFO [brain_api] Polling simulation start sim_id=J3Tx83Dd5cWa3gvQn0BGms timeout=600s
2026-08-16 14:05:25,556 INFO [brain_api] Polling simulation status changed sim_id=3xOosg45c4Q0a1Qp5ncb9lH status=UNKNOWN
2026-08-16 14:05:25,895 INFO [brain_api] Polling simulation status changed sim_id=J3Tx83Dd5cWa3gvQn0BGms status=UNKNOWN
2026-08-16 14:05:52,732 INFO [brain_api] Batch heartbeat ts=2026-08-16T07:05:52.732356+00:00 elapsed=30s progress=0/3 in_flight=3 last_status=-
  ✓ 9qp50eLd | sharpe=1.69 fitness=0.76 turnover=0.3300
[batch 48/69] Mô phỏng 3 candidates...
  [heartbeat] 14:05:52 elapsed=30s 0/3 in_flight=3 last=-
2026-08-16 14:05:55,592 INFO [brain_api] GET auth expired status_code=401 url=https://api.worldquantbrain.com/simulations/3xOosg45c4Q0a1Qp5ncb9lH; cookie-based auth detected
[brain_api] Session expired, pausing for cookie update...
2026-08-16 14:05:55,593 INFO [brain_api] GET auth expired status_code=401 url=https://api.worldquantbrain.com/simulations/4hQe8jCR4i99nvEtK3yEMu; cookie-based auth detected

======================================================================
  ⚠️  SESSION EXPIRED - COOKIE UPDATE REQUIRED
======================================================================

Your WorldQuant BRAIN session cookie has expired.

TO CONTINUE:
  1. Open https://platform.worldquantbrain.com in your browser
  2. Log in (if needed)
  3. Open Developer Tools (F12)
  4. Go to Application → Cookies → platform.worldquantbrain.com
  5. Find the 't' cookie
  6. Copy its Value (JWT token starting with eyJ...)
  7. Update the 't=' value in: /home/tohuy2710/T-MAG/.env
  8. Save the file
  9. Return here and press ENTER to continue

The mining loop will resume from where it left off.
======================================================================
[brain_api] Session expired, pausing for cookie update...

Press ENTER after updating .env cookie (or Ctrl+C to abort)... 2026-08-16 14:05:55,594 INFO [brain_api] Stream simulation raised exception batch_idx=2 attempt=1 expr_hash=4bff2db5a03e error=[Errno 9] Bad file descriptor

======================================================================
  ⚠️  SESSION EXPIRED - COOKIE UPDATE REQUIRED
======================================================================

Your WorldQuant BRAIN session cookie has expired.

TO CONTINUE:
  1. Open https://platform.worldquantbrain.com in your browser
  2. Log in (if needed)
  3. Open Developer Tools (F12)
  4. Go to Application → Cookies → platform.worldquantbrain.com
  5. Find the 't' cookie
  6. Copy its Value (JWT token starting with eyJ...)
  7. Update the 't=' value in: /home/tohuy2710/T-MAG/.env
  8. Save the file
  9. Return here and press ENTER to continue

The mining loop will resume from where it left off.
======================================================================

Press ENTER after updating .env cookie (or Ctrl+C to abort)... 2026-08-16 14:05:55,594 INFO [brain_api] Stream simulation candidate finished batch_idx=2 status=ERROR attempts=1 retryable=False expr_hash=4bff2db5a03e
2026-08-16 14:05:55,594 INFO [brain_api] Stream simulation raised exception batch_idx=0 attempt=1 expr_hash=59b2c9012b1f error=[Errno 9] Bad file descriptor
  [1/3] ERROR — group_neutralize((ts_rank(close, 10) - ts_rank(sho
2026-08-16 14:05:55,595 INFO [brain_api] Stream simulation candidate finished batch_idx=0 status=ERROR attempts=1 retryable=False expr_hash=59b2c9012b1f
  ✗ ERROR: unknown error
  [2/3] ERROR — group_neutralize(ts_decay_linear(ts_rank(short_ter
2026-08-16 14:05:58,294 INFO [brain_api] GET auth expired status_code=401 url=https://api.worldquantbrain.com/simulations/J3Tx83Dd5cWa3gvQn0BGms; cookie-based auth detected
  ✗ ERROR: unknown error
[brain_api] Session expired, pausing for cookie update...

======================================================================
  ⚠️  SESSION EXPIRED - COOKIE UPDATE REQUIRED
======================================================================

Your WorldQuant BRAIN session cookie has expired.

TO CONTINUE:
  1. Open https://platform.worldquantbrain.com in your browser
  2. Log in (if needed)
  3. Open Developer Tools (F12)
  4. Go to Application → Cookies → platform.worldquantbrain.com
  5. Find the 't' cookie
  6. Copy its Value (JWT token starting with eyJ...)
  7. Update the 't=' value in: /home/tohuy2710/T-MAG/.env
  8. Save the file
  9. Return here and press ENTER to continue

The mining loop will resume from where it left off.
======================================================================

Press ENTER after updating .env cookie (or Ctrl+C to abort)... 2026-08-16 14:05:58,294 INFO [brain_api] Stream simulation raised exception batch_idx=1 attempt=1 expr_hash=e0d55b4b24f5 error=[Errno 9] Bad file descriptor
2026-08-16 14:05:58,295 INFO [brain_api] Stream simulation candidate finished batch_idx=1 status=ERROR attempts=1 retryable=False expr_hash=e0d55b4b24f5
  [3/3] ERROR — group_neutralize(ts_rank(close, 10) - ts_rank(shor
2026-08-16 14:05:58,296 INFO [brain_api] Batch simulate stream complete candidate_count=3
2026-08-16 14:05:58,296 INFO [brain_api] Batch simulate stream start candidate_count=3 concurrency=3 max_retries=2
2026-08-16 14:05:58,297 INFO [brain_api] Simulation submit start expr_hash=c9dc68672eac expr_len=90 settings_keys=['decay', 'delay', 'instrumentType', 'language', 'maxPosition', 'maxTrade', 'nanHandling', 'neutralization', 'pasteurization', 'region', 'truncation', 'unitHandling', 'universe', 'visualization']
2026-08-16 14:05:58,299 INFO [brain_api] Simulation submit start expr_hash=f12b694825a3 expr_len=133 settings_keys=['decay', 'delay', 'instrumentType', 'language', 'maxPosition', 'maxTrade', 'nanHandling', 'neutralization', 'pasteurization', 'region', 'truncation', 'unitHandling', 'universe', 'visualization']
2026-08-16 14:05:58,300 INFO [brain_api] Simulation submit start expr_hash=27633a3f57f8 expr_len=87 settings_keys=['decay', 'delay', 'instrumentType', 'language', 'maxPosition', 'maxTrade', 'nanHandling', 'neutralization', 'pasteurization', 'region', 'truncation', 'unitHandling', 'universe', 'visualization']
2026-08-16 14:05:58,563 INFO [brain_api] POST auth expired status_code=401 url=https://api.worldquantbrain.com/simulations; cookie-based auth detected
  ✗ ERROR: unknown error
[batch 49/69] Mô phỏng 3 candidates...
[brain_api] Session expired, pausing for cookie update...

======================================================================
  ⚠️  SESSION EXPIRED - COOKIE UPDATE REQUIRED
======================================================================

Your WorldQuant BRAIN session cookie has expired.

TO CONTINUE:
  1. Open https://platform.worldquantbrain.com in your browser
  2. Log in (if needed)
  3. Open Developer Tools (F12)
  4. Go to Application → Cookies → platform.worldquantbrain.com
  5. Find the 't' cookie
  6. Copy its Value (JWT token starting with eyJ...)
  7. Update the 't=' value in: /home/tohuy2710/T-MAG/.env
  8. Save the file
  9. Return here and press ENTER to continue

The mining loop will resume from where it left off.
======================================================================

Press ENTER after updating .env cookie (or Ctrl+C to abort)... 2026-08-16 14:05:58,563 INFO [brain_api] Stream simulation raised exception batch_idx=1 attempt=1 expr_hash=f12b694825a3 error=[Errno 9] Bad file descriptor
2026-08-16 14:05:58,563 INFO [brain_api] Stream simulation candidate finished batch_idx=1 status=ERROR attempts=1 retryable=False expr_hash=f12b694825a3
  [1/3] ERROR — group_neutralize((ts_rank(close, 10) - ts_rank(sho
2026-08-16 14:05:59,345 INFO [brain_api] POST auth expired status_code=401 url=https://api.worldquantbrain.com/simulations; cookie-based auth detected
  ✗ ERROR: unknown error
[brain_api] Session expired, pausing for cookie update...

======================================================================
  ⚠️  SESSION EXPIRED - COOKIE UPDATE REQUIRED
======================================================================

Your WorldQuant BRAIN session cookie has expired.

TO CONTINUE:
  1. Open https://platform.worldquantbrain.com in your browser
  2. Log in (if needed)
  3. Open Developer Tools (F12)
  4. Go to Application → Cookies → platform.worldquantbrain.com
  5. Find the 't' cookie
  6. Copy its Value (JWT token starting with eyJ...)
  7. Update the 't=' value in: /home/tohuy2710/T-MAG/.env
  8. Save the file
  9. Return here and press ENTER to continue

The mining loop will resume from where it left off.
======================================================================

Press ENTER after updating .env cookie (or Ctrl+C to abort)... 2026-08-16 14:05:59,350 INFO [brain_api] Stream simulation raised exception batch_idx=2 attempt=1 expr_hash=27633a3f57f8 error=[Errno 9] Bad file descriptor
2026-08-16 14:05:59,351 INFO [brain_api] Stream simulation candidate finished batch_idx=2 status=ERROR attempts=1 retryable=False expr_hash=27633a3f57f8
  [2/3] ERROR — group_neutralize(ts_rank(close, 20) - ts_rank(shor
2026-08-16 14:06:02,858 INFO [brain_api] POST auth expired status_code=401 url=https://api.worldquantbrain.com/simulations; cookie-based auth detected
  ✗ ERROR: unknown error
[brain_api] Session expired, pausing for cookie update...

======================================================================
  ⚠️  SESSION EXPIRED - COOKIE UPDATE REQUIRED
======================================================================

Your WorldQuant BRAIN session cookie has expired.

TO CONTINUE:
  1. Open https://platform.worldquantbrain.com in your browser
  2. Log in (if needed)
  3. Open Developer Tools (F12)
  4. Go to Application → Cookies → platform.worldquantbrain.com
  5. Find the 't' cookie
  6. Copy its Value (JWT token starting with eyJ...)
  7. Update the 't=' value in: /home/tohuy2710/T-MAG/.env
  8. Save the file
  9. Return here and press ENTER to continue

The mining loop will resume from where it left off.
======================================================================

Press ENTER after updating .env cookie (or Ctrl+C to abort)... 2026-08-16 14:06:02,859 INFO [brain_api] Stream simulation raised exception batch_idx=0 attempt=1 expr_hash=c9dc68672eac error=[Errno 9] Bad file descriptor
2026-08-16 14:06:02,859 INFO [brain_api] Stream simulation candidate finished batch_idx=0 status=ERROR attempts=1 retryable=False expr_hash=c9dc68672eac
  [3/3] ERROR — group_neutralize(ts_rank(close, 10) - ts_rank(shor
2026-08-16 14:06:02,860 INFO [brain_api] Batch simulate stream complete candidate_count=3
2026-08-16 14:06:02,860 INFO [brain_api] Batch simulate stream start candidate_count=3 concurrency=3 max_retries=2
2026-08-16 14:06:02,861 INFO [brain_api] Simulation submit start expr_hash=9bb1e2ddb2f2 expr_len=130 settings_keys=['decay', 'delay', 'instrumentType', 'language', 'maxPosition', 'maxTrade', 'nanHandling', 'neutralization', 'pasteurization', 'region', 'truncation', 'unitHandling', 'universe', 'visualization']
2026-08-16 14:06:02,862 INFO [brain_api] Simulation submit start expr_hash=2cce55506c18 expr_len=90 settings_keys=['decay', 'delay', 'instrumentType', 'language', 'maxPosition', 'maxTrade', 'nanHandling', 'neutralization', 'pasteurization', 'region', 'truncation', 'unitHandling', 'universe', 'visualization']
2026-08-16 14:06:02,866 INFO [brain_api] Simulation submit start expr_hash=9f04bb57d90c expr_len=133 settings_keys=['decay', 'delay', 'instrumentType', 'language', 'maxPosition', 'maxTrade', 'nanHandling', 'neutralization', 'pasteurization', 'region', 'truncation', 'unitHandling', 'universe', 'visualization']
2026-08-16 14:06:03,272 INFO [brain_api] POST auth expired status_code=401 url=https://api.worldquantbrain.com/simulations; cookie-based auth detected
  ✗ ERROR: unknown error
[batch 50/69] Mô phỏng 3 candidates...
[brain_api] Session expired, pausing for cookie update...
2026-08-16 14:06:03,274 INFO [brain_api] POST auth expired status_code=401 url=https://api.worldquantbrain.com/simulations; cookie-based auth detected

======================================================================
  ⚠️  SESSION EXPIRED - COOKIE UPDATE REQUIRED
======================================================================

Your WorldQuant BRAIN session cookie has expired.

TO CONTINUE:
  1. Open https://platform.worldquantbrain.com in your browser
  2. Log in (if needed)
  3. Open Developer Tools (F12)
  4. Go to Application → Cookies → platform.worldquantbrain.com
  5. Find the 't' cookie
  6. Copy its Value (JWT token starting with eyJ...)
  7. Update the 't=' value in: /home/tohuy2710/T-MAG/.env
  8. Save the file
  9. Return here and press ENTER to continue

The mining loop will resume from where it left off.
======================================================================
[brain_api] Session expired, pausing for cookie update...
2026-08-16 14:06:03,275 INFO [brain_api] POST auth expired status_code=401 url=https://api.worldquantbrain.com/simulations; cookie-based auth detected

Press ENTER after updating .env cookie (or Ctrl+C to abort)... 2026-08-16 14:06:03,276 INFO [brain_api] Stream simulation raised exception batch_idx=1 attempt=1 expr_hash=2cce55506c18 error=[Errno 9] Bad file descriptor

======================================================================
  ⚠️  SESSION EXPIRED - COOKIE UPDATE REQUIRED
======================================================================

Your WorldQuant BRAIN session cookie has expired.

TO CONTINUE:
  1. Open https://platform.worldquantbrain.com in your browser
  2. Log in (if needed)
  3. Open Developer Tools (F12)
  4. Go to Application → Cookies → platform.worldquantbrain.com
  5. Find the 't' cookie
  6. Copy its Value (JWT token starting with eyJ...)
  7. Update the 't=' value in: /home/tohuy2710/T-MAG/.env
  8. Save the file
  9. Return here and press ENTER to continue

The mining loop will resume from where it left off.
======================================================================
[brain_api] Session expired, pausing for cookie update...
2026-08-16 14:06:03,276 INFO [brain_api] Stream simulation candidate finished batch_idx=1 status=ERROR attempts=1 retryable=False expr_hash=2cce55506c18

Press ENTER after updating .env cookie (or Ctrl+C to abort)... 
======================================================================
  ⚠️  SESSION EXPIRED - COOKIE UPDATE REQUIRED
======================================================================

Your WorldQuant BRAIN session cookie has expired.

TO CONTINUE:
  1. Open https://platform.worldquantbrain.com in your browser
  2. Log in (if needed)
  3. Open Developer Tools (F12)
  4. Go to Application → Cookies → platform.worldquantbrain.com
  5. Find the 't' cookie
  6. Copy its Value (JWT token starting with eyJ...)
  7. Update the 't=' value in: /home/tohuy2710/T-MAG/.env
  8. Save the file
  9. Return here and press ENTER to continue

The mining loop will resume from where it left off.
======================================================================

Press ENTER after updating .env cookie (or Ctrl+C to abort)... 2026-08-16 14:06:03,277 INFO [brain_api] Stream simulation raised exception batch_idx=2 attempt=1 expr_hash=9f04bb57d90c error=[Errno 9] Bad file descriptor
  [1/3] ERROR — group_neutralize(ts_rank(close, 20) - ts_rank(shor
2026-08-16 14:06:03,277 INFO [brain_api] Stream simulation raised exception batch_idx=0 attempt=1 expr_hash=9bb1e2ddb2f2 error=[Errno 9] Bad file descriptor
2026-08-16 14:06:03,277 INFO [brain_api] Stream simulation candidate finished batch_idx=2 status=ERROR attempts=1 retryable=False expr_hash=9f04bb57d90c
2026-08-16 14:06:03,278 INFO [brain_api] Stream simulation candidate finished batch_idx=0 status=ERROR attempts=1 retryable=False expr_hash=9bb1e2ddb2f2
  ✗ ERROR: unknown error
  [2/3] ERROR — group_neutralize((ts_rank(close, 20) - ts_rank(sho
  ✗ ERROR: unknown error
  [3/3] ERROR — group_neutralize((ts_rank(close, 20) - ts_rank(sho
2026-08-16 14:06:03,285 INFO [brain_api] Batch simulate stream complete candidate_count=3
2026-08-16 14:06:03,285 INFO [brain_api] Batch simulate stream start candidate_count=3 concurrency=3 max_retries=2
2026-08-16 14:06:03,286 INFO [brain_api] Simulation submit start expr_hash=69c079172195 expr_len=87 settings_keys=['decay', 'delay', 'instrumentType', 'language', 'maxPosition', 'maxTrade', 'nanHandling', 'neutralization', 'pasteurization', 'region', 'truncation', 'unitHandling', 'universe', 'visualization']
2026-08-16 14:06:03,286 INFO [brain_api] Simulation submit start expr_hash=b3498e8f07e5 expr_len=130 settings_keys=['decay', 'delay', 'instrumentType', 'language', 'maxPosition', 'maxTrade', 'nanHandling', 'neutralization', 'pasteurization', 'region', 'truncation', 'unitHandling', 'universe', 'visualization']
2026-08-16 14:06:03,291 INFO [brain_api] Simulation submit start expr_hash=b0d364631f1c expr_len=90 settings_keys=['decay', 'delay', 'instrumentType', 'language', 'maxPosition', 'maxTrade', 'nanHandling', 'neutralization', 'pasteurization', 'region', 'truncation', 'unitHandling', 'universe', 'visualization']
2026-08-16 14:06:03,575 INFO [brain_api] POST auth expired status_code=401 url=https://api.worldquantbrain.com/simulations; cookie-based auth detected
  ✗ ERROR: unknown error
[batch 51/69] Mô phỏng 3 candidates...
[brain_api] Session expired, pausing for cookie update...
2026-08-16 14:06:03,576 INFO [brain_api] POST auth expired status_code=401 url=https://api.worldquantbrain.com/simulations; cookie-based auth detected

======================================================================
  ⚠️  SESSION EXPIRED - COOKIE UPDATE REQUIRED
======================================================================

Your WorldQuant BRAIN session cookie has expired.

TO CONTINUE:
  1. Open https://platform.worldquantbrain.com in your browser
  2. Log in (if needed)
  3. Open Developer Tools (F12)
  4. Go to Application → Cookies → platform.worldquantbrain.com
  5. Find the 't' cookie
  6. Copy its Value (JWT token starting with eyJ...)
  7. Update the 't=' value in: /home/tohuy2710/T-MAG/.env
  8. Save the file
  9. Return here and press ENTER to continue

The mining loop will resume from where it left off.
======================================================================
[brain_api] Session expired, pausing for cookie update...

======================================================================
  ⚠️  SESSION EXPIRED - COOKIE UPDATE REQUIRED
======================================================================

Your WorldQuant BRAIN session cookie has expired.

TO CONTINUE:
  1. Open https://platform.worldquantbrain.com in your browser
  2. Log in (if needed)
  3. Open Developer Tools (F12)
  4. Go to Application → Cookies → platform.worldquantbrain.com
  5. Find the 't' cookie
  6. Copy its Value (JWT token starting with eyJ...)
  7. Update the 't=' value in: /home/tohuy2710/T-MAG/.env
  8. Save the file
  9. Return here and press ENTER to continue

The mining loop will resume from where it left off.
======================================================================

Press ENTER after updating .env cookie (or Ctrl+C to abort)... 2026-08-16 14:06:03,577 INFO [brain_api] Stream simulation raised exception batch_idx=0 attempt=1 expr_hash=69c079172195 error=[Errno 9] Bad file descriptor

Press ENTER after updating .env cookie (or Ctrl+C to abort)... 2026-08-16 14:06:03,577 INFO [brain_api] Stream simulation candidate finished batch_idx=0 status=ERROR attempts=1 retryable=False expr_hash=69c079172195
2026-08-16 14:06:03,578 INFO [brain_api] Stream simulation raised exception batch_idx=2 attempt=1 expr_hash=b0d364631f1c error=[Errno 9] Bad file descriptor
  [1/3] ERROR — group_neutralize(ts_rank(close, 60) - ts_rank(shor
2026-08-16 14:06:03,578 INFO [brain_api] Stream simulation candidate finished batch_idx=2 status=ERROR attempts=1 retryable=False expr_hash=b0d364631f1c
  ✗ ERROR: unknown error
  [2/3] ERROR — group_neutralize(ts_rank(close, 60) - ts_rank(shor
2026-08-16 14:06:03,597 INFO [brain_api] POST auth expired status_code=401 url=https://api.worldquantbrain.com/simulations; cookie-based auth detected
  ✗ ERROR: unknown error
[brain_api] Session expired, pausing for cookie update...

======================================================================
  ⚠️  SESSION EXPIRED - COOKIE UPDATE REQUIRED
======================================================================

Your WorldQuant BRAIN session cookie has expired.

TO CONTINUE:
  1. Open https://platform.worldquantbrain.com in your browser
  2. Log in (if needed)
  3. Open Developer Tools (F12)
  4. Go to Application → Cookies → platform.worldquantbrain.com
  5. Find the 't' cookie
  6. Copy its Value (JWT token starting with eyJ...)
  7. Update the 't=' value in: /home/tohuy2710/T-MAG/.env
  8. Save the file
  9. Return here and press ENTER to continue

The mining loop will resume from where it left off.
======================================================================

Press ENTER after updating .env cookie (or Ctrl+C to abort)... 2026-08-16 14:06:03,598 INFO [brain_api] Stream simulation raised exception batch_idx=1 attempt=1 expr_hash=b3498e8f07e5 error=[Errno 9] Bad file descriptor
2026-08-16 14:06:03,598 INFO [brain_api] Stream simulation candidate finished batch_idx=1 status=ERROR attempts=1 retryable=False expr_hash=b3498e8f07e5
  [3/3] ERROR — group_neutralize((ts_rank(close, 60) - ts_rank(sho
2026-08-16 14:06:03,599 INFO [brain_api] Batch simulate stream complete candidate_count=3
2026-08-16 14:06:03,599 INFO [brain_api] Batch simulate stream start candidate_count=3 concurrency=3 max_retries=2
2026-08-16 14:06:03,600 INFO [brain_api] Simulation submit start expr_hash=ec3b1b7fecee expr_len=133 settings_keys=['decay', 'delay', 'instrumentType', 'language', 'maxPosition', 'maxTrade', 'nanHandling', 'neutralization', 'pasteurization', 'region', 'truncation', 'unitHandling', 'universe', 'visualization']
2026-08-16 14:06:03,600 INFO [brain_api] Simulation submit start expr_hash=cb7bc5b07f00 expr_len=86 settings_keys=['decay', 'delay', 'instrumentType', 'language', 'maxPosition', 'maxTrade', 'nanHandling', 'neutralization', 'pasteurization', 'region', 'truncation', 'unitHandling', 'universe', 'visualization']
2026-08-16 14:06:03,602 INFO [brain_api] Simulation submit start expr_hash=dd678f6e389b expr_len=129 settings_keys=['decay', 'delay', 'instrumentType', 'language', 'maxPosition', 'maxTrade', 'nanHandling', 'neutralization', 'pasteurization', 'region', 'truncation', 'unitHandling', 'universe', 'visualization']
2026-08-16 14:06:03,886 INFO [brain_api] POST auth expired status_code=401 url=https://api.worldquantbrain.com/simulations; cookie-based auth detected
  ✗ ERROR: unknown error
[batch 52/69] Mô phỏng 3 candidates...
[brain_api] Session expired, pausing for cookie update...

======================================================================
  ⚠️  SESSION EXPIRED - COOKIE UPDATE REQUIRED
======================================================================

Your WorldQuant BRAIN session cookie has expired.

TO CONTINUE:
  1. Open https://platform.worldquantbrain.com in your browser
  2. Log in (if needed)
  3. Open Developer Tools (F12)
  4. Go to Application → Cookies → platform.worldquantbrain.com
  5. Find the 't' cookie
  6. Copy its Value (JWT token starting with eyJ...)
  7. Update the 't=' value in: /home/tohuy2710/T-MAG/.env
  8. Save the file
  9. Return here and press ENTER to continue

The mining loop will resume from where it left off.
======================================================================

Press ENTER after updating .env cookie (or Ctrl+C to abort)... 2026-08-16 14:06:03,887 INFO [brain_api] Stream simulation raised exception batch_idx=1 attempt=1 expr_hash=cb7bc5b07f00 error=[Errno 9] Bad file descriptor
2026-08-16 14:06:03,887 INFO [brain_api] Stream simulation candidate finished batch_idx=1 status=ERROR attempts=1 retryable=False expr_hash=cb7bc5b07f00
2026-08-16 14:06:03,888 INFO [brain_api] POST auth expired status_code=401 url=https://api.worldquantbrain.com/simulations; cookie-based auth detected
[brain_api] Session expired, pausing for cookie update...

======================================================================
  ⚠️  SESSION EXPIRED - COOKIE UPDATE REQUIRED
======================================================================

Your WorldQuant BRAIN session cookie has expired.

TO CONTINUE:
  1. Open https://platform.worldquantbrain.com in your browser
  2. Log in (if needed)
  3. Open Developer Tools (F12)
  4. Go to Application → Cookies → platform.worldquantbrain.com
  5. Find the 't' cookie
  6. Copy its Value (JWT token starting with eyJ...)
  7. Update the 't=' value in: /home/tohuy2710/T-MAG/.env
  8. Save the file
  9. Return here and press ENTER to continue

The mining loop will resume from where it left off.
======================================================================

Press ENTER after updating .env cookie (or Ctrl+C to abort)... 2026-08-16 14:06:03,889 INFO [brain_api] POST auth expired status_code=401 url=https://api.worldquantbrain.com/simulations; cookie-based auth detected
2026-08-16 14:06:03,890 INFO [brain_api] Stream simulation raised exception batch_idx=2 attempt=1 expr_hash=dd678f6e389b error=[Errno 9] Bad file descriptor
  [1/3] ERROR — group_neutralize(ts_rank(vwap, 10) - ts_rank(short
2026-08-16 14:06:03,890 INFO [brain_api] Stream simulation candidate finished batch_idx=2 status=ERROR attempts=1 retryable=False expr_hash=dd678f6e389b
[brain_api] Session expired, pausing for cookie update...

======================================================================
  ⚠️  SESSION EXPIRED - COOKIE UPDATE REQUIRED
======================================================================

Your WorldQuant BRAIN session cookie has expired.

TO CONTINUE:
  1. Open https://platform.worldquantbrain.com in your browser
  2. Log in (if needed)
  3. Open Developer Tools (F12)
  4. Go to Application → Cookies → platform.worldquantbrain.com
  5. Find the 't' cookie
  6. Copy its Value (JWT token starting with eyJ...)
  7. Update the 't=' value in: /home/tohuy2710/T-MAG/.env
  8. Save the file
  9. Return here and press ENTER to continue

The mining loop will resume from where it left off.
======================================================================

Press ENTER after updating .env cookie (or Ctrl+C to abort)... 2026-08-16 14:06:03,891 INFO [brain_api] Stream simulation raised exception batch_idx=0 attempt=1 expr_hash=ec3b1b7fecee error=[Errno 9] Bad file descriptor
2026-08-16 14:06:03,891 INFO [brain_api] Stream simulation candidate finished batch_idx=0 status=ERROR attempts=1 retryable=False expr_hash=ec3b1b7fecee
  ✗ ERROR: unknown error
  [2/3] ERROR — group_neutralize((ts_rank(vwap, 10) - ts_rank(shor
  ✗ ERROR: unknown error
  [3/3] ERROR — group_neutralize((ts_rank(close, 60) - ts_rank(sho
2026-08-16 14:06:03,898 INFO [brain_api] Batch simulate stream complete candidate_count=3
2026-08-16 14:06:03,898 INFO [brain_api] Batch simulate stream start candidate_count=3 concurrency=3 max_retries=2
2026-08-16 14:06:03,899 INFO [brain_api] Simulation submit start expr_hash=da783896d5a5 expr_len=89 settings_keys=['decay', 'delay', 'instrumentType', 'language', 'maxPosition', 'maxTrade', 'nanHandling', 'neutralization', 'pasteurization', 'region', 'truncation', 'unitHandling', 'universe', 'visualization']
2026-08-16 14:06:03,900 INFO [brain_api] Simulation submit start expr_hash=439ed4e5f5aa expr_len=132 settings_keys=['decay', 'delay', 'instrumentType', 'language', 'maxPosition', 'maxTrade', 'nanHandling', 'neutralization', 'pasteurization', 'region', 'truncation', 'unitHandling', 'universe', 'visualization']
2026-08-16 14:06:03,904 INFO [brain_api] Simulation submit start expr_hash=cc071c6d9941 expr_len=86 settings_keys=['decay', 'delay', 'instrumentType', 'language', 'maxPosition', 'maxTrade', 'nanHandling', 'neutralization', 'pasteurization', 'region', 'truncation', 'unitHandling', 'universe', 'visualization']
2026-08-16 14:06:04,193 INFO [brain_api] POST auth expired status_code=401 url=https://api.worldquantbrain.com/simulations; cookie-based auth detected
  ✗ ERROR: unknown error
[batch 53/69] Mô phỏng 3 candidates...
[brain_api] Session expired, pausing for cookie update...

======================================================================
  ⚠️  SESSION EXPIRED - COOKIE UPDATE REQUIRED
======================================================================

Your WorldQuant BRAIN session cookie has expired.

TO CONTINUE:
  1. Open https://platform.worldquantbrain.com in your browser
  2. Log in (if needed)
  3. Open Developer Tools (F12)
  4. Go to Application → Cookies → platform.worldquantbrain.com
  5. Find the 't' cookie
  6. Copy its Value (JWT token starting with eyJ...)
  7. Update the 't=' value in: /home/tohuy2710/T-MAG/.env
  8. Save the file
  9. Return here and press ENTER to continue

The mining loop will resume from where it left off.
======================================================================

Press ENTER after updating .env cookie (or Ctrl+C to abort)... 2026-08-16 14:06:04,194 INFO [brain_api] Stream simulation raised exception batch_idx=1 attempt=1 expr_hash=439ed4e5f5aa error=[Errno 9] Bad file descriptor
2026-08-16 14:06:04,194 INFO [brain_api] Stream simulation candidate finished batch_idx=1 status=ERROR attempts=1 retryable=False expr_hash=439ed4e5f5aa
2026-08-16 14:06:04,195 INFO [brain_api] POST auth expired status_code=401 url=https://api.worldquantbrain.com/simulations; cookie-based auth detected
[brain_api] Session expired, pausing for cookie update...
2026-08-16 14:06:04,197 INFO [brain_api] POST auth expired status_code=401 url=https://api.worldquantbrain.com/simulations; cookie-based auth detected
  [1/3] ERROR — group_neutralize((ts_rank(vwap, 10) - ts_rank(shor

======================================================================
  ⚠️  SESSION EXPIRED - COOKIE UPDATE REQUIRED
======================================================================

Your WorldQuant BRAIN session cookie has expired.

TO CONTINUE:
  1. Open https://platform.worldquantbrain.com in your browser
  2. Log in (if needed)
  3. Open Developer Tools (F12)
  4. Go to Application → Cookies → platform.worldquantbrain.com
  5. Find the 't' cookie
  6. Copy its Value (JWT token starting with eyJ...)
  7. Update the 't=' value in: /home/tohuy2710/T-MAG/.env
  8. Save the file
  9. Return here and press ENTER to continue

The mining loop will resume from where it left off.
======================================================================
[brain_api] Session expired, pausing for cookie update...

Press ENTER after updating .env cookie (or Ctrl+C to abort)... 2026-08-16 14:06:04,198 INFO [brain_api] Stream simulation raised exception batch_idx=2 attempt=1 expr_hash=cc071c6d9941 error=[Errno 9] Bad file descriptor

======================================================================
  ⚠️  SESSION EXPIRED - COOKIE UPDATE REQUIRED
======================================================================

Your WorldQuant BRAIN session cookie has expired.

TO CONTINUE:
  1. Open https://platform.worldquantbrain.com in your browser
  2. Log in (if needed)
  3. Open Developer Tools (F12)
  4. Go to Application → Cookies → platform.worldquantbrain.com
  5. Find the 't' cookie
  6. Copy its Value (JWT token starting with eyJ...)
  7. Update the 't=' value in: /home/tohuy2710/T-MAG/.env
  8. Save the file
  9. Return here and press ENTER to continue

The mining loop will resume from where it left off.
======================================================================

Press ENTER after updating .env cookie (or Ctrl+C to abort)... 2026-08-16 14:06:04,198 INFO [brain_api] Stream simulation candidate finished batch_idx=2 status=ERROR attempts=1 retryable=False expr_hash=cc071c6d9941
2026-08-16 14:06:04,199 INFO [brain_api] Stream simulation raised exception batch_idx=0 attempt=1 expr_hash=da783896d5a5 error=[Errno 9] Bad file descriptor
2026-08-16 14:06:04,199 INFO [brain_api] Stream simulation candidate finished batch_idx=0 status=ERROR attempts=1 retryable=False expr_hash=da783896d5a5
  ✗ ERROR: unknown error
  [2/3] ERROR — group_neutralize(ts_rank(vwap, 20) - ts_rank(short
  ✗ ERROR: unknown error
  [3/3] ERROR — group_neutralize(ts_rank(vwap, 10) - ts_rank(short
2026-08-16 14:06:04,205 INFO [brain_api] Batch simulate stream complete candidate_count=3
2026-08-16 14:06:04,206 INFO [brain_api] Batch simulate stream start candidate_count=3 concurrency=3 max_retries=2
2026-08-16 14:06:04,206 INFO [brain_api] Simulation submit start expr_hash=6f885dd857df expr_len=129 settings_keys=['decay', 'delay', 'instrumentType', 'language', 'maxPosition', 'maxTrade', 'nanHandling', 'neutralization', 'pasteurization', 'region', 'truncation', 'unitHandling', 'universe', 'visualization']
2026-08-16 14:06:04,207 INFO [brain_api] Simulation submit start expr_hash=c790c545f1e9 expr_len=89 settings_keys=['decay', 'delay', 'instrumentType', 'language', 'maxPosition', 'maxTrade', 'nanHandling', 'neutralization', 'pasteurization', 'region', 'truncation', 'unitHandling', 'universe', 'visualization']
2026-08-16 14:06:04,210 INFO [brain_api] Simulation submit start expr_hash=7c7edea560b5 expr_len=132 settings_keys=['decay', 'delay', 'instrumentType', 'language', 'maxPosition', 'maxTrade', 'nanHandling', 'neutralization', 'pasteurization', 'region', 'truncation', 'unitHandling', 'universe', 'visualization']
2026-08-16 14:06:04,603 INFO [brain_api] POST auth expired status_code=401 url=https://api.worldquantbrain.com/simulations; cookie-based auth detected
  ✗ ERROR: unknown error
[batch 54/69] Mô phỏng 3 candidates...
[brain_api] Session expired, pausing for cookie update...

======================================================================
  ⚠️  SESSION EXPIRED - COOKIE UPDATE REQUIRED
======================================================================

Your WorldQuant BRAIN session cookie has expired.

TO CONTINUE:
  1. Open https://platform.worldquantbrain.com in your browser
  2. Log in (if needed)
  3. Open Developer Tools (F12)
  4. Go to Application → Cookies → platform.worldquantbrain.com
  5. Find the 't' cookie
  6. Copy its Value (JWT token starting with eyJ...)
  7. Update the 't=' value in: /home/tohuy2710/T-MAG/.env
  8. Save the file
  9. Return here and press ENTER to continue

The mining loop will resume from where it left off.
======================================================================

Press ENTER after updating .env cookie (or Ctrl+C to abort)... 2026-08-16 14:06:04,603 INFO [brain_api] Stream simulation raised exception batch_idx=2 attempt=1 expr_hash=7c7edea560b5 error=[Errno 9] Bad file descriptor
2026-08-16 14:06:04,604 INFO [brain_api] Stream simulation candidate finished batch_idx=2 status=ERROR attempts=1 retryable=False expr_hash=7c7edea560b5
2026-08-16 14:06:04,605 INFO [brain_api] POST auth expired status_code=401 url=https://api.worldquantbrain.com/simulations; cookie-based auth detected
  [1/3] ERROR — group_neutralize((ts_rank(vwap, 20) - ts_rank(shor
2026-08-16 14:06:04,606 INFO [brain_api] POST auth expired status_code=401 url=https://api.worldquantbrain.com/simulations; cookie-based auth detected
[brain_api] Session expired, pausing for cookie update...

======================================================================
  ⚠️  SESSION EXPIRED - COOKIE UPDATE REQUIRED
======================================================================

Your WorldQuant BRAIN session cookie has expired.

TO CONTINUE:
  1. Open https://platform.worldquantbrain.com in your browser
  2. Log in (if needed)
  3. Open Developer Tools (F12)
  4. Go to Application → Cookies → platform.worldquantbrain.com
  5. Find the 't' cookie
  6. Copy its Value (JWT token starting with eyJ...)
  7. Update the 't=' value in: /home/tohuy2710/T-MAG/.env
  8. Save the file
  9. Return here and press ENTER to continue

The mining loop will resume from where it left off.
======================================================================

Press ENTER after updating .env cookie (or Ctrl+C to abort)... [brain_api] Session expired, pausing for cookie update...
2026-08-16 14:06:04,607 INFO [brain_api] Stream simulation raised exception batch_idx=0 attempt=1 expr_hash=6f885dd857df error=[Errno 9] Bad file descriptor
  ✗ ERROR: unknown error

======================================================================
  ⚠️  SESSION EXPIRED - COOKIE UPDATE REQUIRED
======================================================================

Your WorldQuant BRAIN session cookie has expired.

TO CONTINUE:
  1. Open https://platform.worldquantbrain.com in your browser
  2. Log in (if needed)
  3. Open Developer Tools (F12)
  4. Go to Application → Cookies → platform.worldquantbrain.com
  5. Find the 't' cookie
  6. Copy its Value (JWT token starting with eyJ...)
  7. Update the 't=' value in: /home/tohuy2710/T-MAG/.env
  8. Save the file
  9. Return here and press ENTER to continue

The mining loop will resume from where it left off.
======================================================================

Press ENTER after updating .env cookie (or Ctrl+C to abort)... 2026-08-16 14:06:04,608 INFO [brain_api] Stream simulation candidate finished batch_idx=0 status=ERROR attempts=1 retryable=False expr_hash=6f885dd857df
  [2/3] ERROR — group_neutralize((ts_rank(vwap, 20) - ts_rank(shor
2026-08-16 14:06:04,608 INFO [brain_api] Stream simulation raised exception batch_idx=1 attempt=1 expr_hash=c790c545f1e9 error=[Errno 9] Bad file descriptor
2026-08-16 14:06:04,609 INFO [brain_api] Stream simulation candidate finished batch_idx=1 status=ERROR attempts=1 retryable=False expr_hash=c790c545f1e9
  ✗ ERROR: unknown error
  [3/3] ERROR — group_neutralize(ts_rank(vwap, 20) - ts_rank(short
2026-08-16 14:06:04,614 INFO [brain_api] Batch simulate stream complete candidate_count=3
2026-08-16 14:06:04,614 INFO [brain_api] Batch simulate stream start candidate_count=3 concurrency=3 max_retries=2
2026-08-16 14:06:04,615 INFO [brain_api] Simulation submit start expr_hash=667b5fd3cec0 expr_len=86 settings_keys=['decay', 'delay', 'instrumentType', 'language', 'maxPosition', 'maxTrade', 'nanHandling', 'neutralization', 'pasteurization', 'region', 'truncation', 'unitHandling', 'universe', 'visualization']
2026-08-16 14:06:04,618 INFO [brain_api] Simulation submit start expr_hash=2a01e1cf1b54 expr_len=129 settings_keys=['decay', 'delay', 'instrumentType', 'language', 'maxPosition', 'maxTrade', 'nanHandling', 'neutralization', 'pasteurization', 'region', 'truncation', 'unitHandling', 'universe', 'visualization']
2026-08-16 14:06:04,620 INFO [brain_api] Simulation submit start expr_hash=b7eef750cfe8 expr_len=89 settings_keys=['decay', 'delay', 'instrumentType', 'language', 'maxPosition', 'maxTrade', 'nanHandling', 'neutralization', 'pasteurization', 'region', 'truncation', 'unitHandling', 'universe', 'visualization']
2026-08-16 14:06:05,013 INFO [brain_api] POST auth expired status_code=401 url=https://api.worldquantbrain.com/simulations; cookie-based auth detected
  ✗ ERROR: unknown error
[batch 55/69] Mô phỏng 3 candidates...
[brain_api] Session expired, pausing for cookie update...
2026-08-16 14:06:05,014 INFO [brain_api] POST auth expired status_code=401 url=https://api.worldquantbrain.com/simulations; cookie-based auth detected

======================================================================
  ⚠️  SESSION EXPIRED - COOKIE UPDATE REQUIRED
======================================================================

Your WorldQuant BRAIN session cookie has expired.

TO CONTINUE:
  1. Open https://platform.worldquantbrain.com in your browser
  2. Log in (if needed)
  3. Open Developer Tools (F12)
  4. Go to Application → Cookies → platform.worldquantbrain.com
  5. Find the 't' cookie
  6. Copy its Value (JWT token starting with eyJ...)
  7. Update the 't=' value in: /home/tohuy2710/T-MAG/.env
  8. Save the file
  9. Return here and press ENTER to continue

The mining loop will resume from where it left off.
======================================================================
[brain_api] Session expired, pausing for cookie update...
2026-08-16 14:06:05,016 INFO [brain_api] POST auth expired status_code=401 url=https://api.worldquantbrain.com/simulations; cookie-based auth detected

Press ENTER after updating .env cookie (or Ctrl+C to abort)... 
======================================================================
  ⚠️  SESSION EXPIRED - COOKIE UPDATE REQUIRED
======================================================================

Your WorldQuant BRAIN session cookie has expired.

TO CONTINUE:
  1. Open https://platform.worldquantbrain.com in your browser
  2. Log in (if needed)
  3. Open Developer Tools (F12)
  4. Go to Application → Cookies → platform.worldquantbrain.com
  5. Find the 't' cookie
  6. Copy its Value (JWT token starting with eyJ...)
  7. Update the 't=' value in: /home/tohuy2710/T-MAG/.env
  8. Save the file
  9. Return here and press ENTER to continue

The mining loop will resume from where it left off.
======================================================================

Press ENTER after updating .env cookie (or Ctrl+C to abort)... 2026-08-16 14:06:05,017 INFO [brain_api] Stream simulation raised exception batch_idx=2 attempt=1 expr_hash=b7eef750cfe8 error=[Errno 9] Bad file descriptor
2026-08-16 14:06:05,017 INFO [brain_api] Stream simulation candidate finished batch_idx=2 status=ERROR attempts=1 retryable=False expr_hash=b7eef750cfe8
[brain_api] Session expired, pausing for cookie update...

======================================================================
  ⚠️  SESSION EXPIRED - COOKIE UPDATE REQUIRED
======================================================================

Your WorldQuant BRAIN session cookie has expired.

TO CONTINUE:
  1. Open https://platform.worldquantbrain.com in your browser
  2. Log in (if needed)
  3. Open Developer Tools (F12)
  4. Go to Application → Cookies → platform.worldquantbrain.com
  5. Find the 't' cookie
  6. Copy its Value (JWT token starting with eyJ...)
  7. Update the 't=' value in: /home/tohuy2710/T-MAG/.env
  8. Save the file
  9. Return here and press ENTER to continue

The mining loop will resume from where it left off.
======================================================================

Press ENTER after updating .env cookie (or Ctrl+C to abort)... 2026-08-16 14:06:05,017 INFO [brain_api] Stream simulation raised exception batch_idx=0 attempt=1 expr_hash=667b5fd3cec0 error=[Errno 9] Bad file descriptor
  [1/3] ERROR — group_neutralize(ts_rank(vwap, 60) - ts_rank(short
2026-08-16 14:06:05,018 INFO [brain_api] Stream simulation raised exception batch_idx=1 attempt=1 expr_hash=2a01e1cf1b54 error=[Errno 9] Bad file descriptor
2026-08-16 14:06:05,018 INFO [brain_api] Stream simulation candidate finished batch_idx=0 status=ERROR attempts=1 retryable=False expr_hash=667b5fd3cec0
2026-08-16 14:06:05,019 INFO [brain_api] Stream simulation candidate finished batch_idx=1 status=ERROR attempts=1 retryable=False expr_hash=2a01e1cf1b54
  ✗ ERROR: unknown error
  [2/3] ERROR — group_neutralize(ts_rank(vwap, 60) - ts_rank(short
  ✗ ERROR: unknown error
  [3/3] ERROR — group_neutralize((ts_rank(vwap, 60) - ts_rank(shor
2026-08-16 14:06:05,025 INFO [brain_api] Batch simulate stream complete candidate_count=3
2026-08-16 14:06:05,025 INFO [brain_api] Batch simulate stream start candidate_count=3 concurrency=3 max_retries=2
2026-08-16 14:06:05,026 INFO [brain_api] Simulation submit start expr_hash=86891a3f80a7 expr_len=132 settings_keys=['decay', 'delay', 'instrumentType', 'language', 'maxPosition', 'maxTrade', 'nanHandling', 'neutralization', 'pasteurization', 'region', 'truncation', 'unitHandling', 'universe', 'visualization']
2026-08-16 14:06:05,027 INFO [brain_api] Simulation submit start expr_hash=a58a3944a842 expr_len=94 settings_keys=['decay', 'delay', 'instrumentType', 'language', 'maxPosition', 'maxTrade', 'nanHandling', 'neutralization', 'pasteurization', 'region', 'truncation', 'unitHandling', 'universe', 'visualization']
2026-08-16 14:06:05,029 INFO [brain_api] Simulation submit start expr_hash=2f2b9add33df expr_len=97 settings_keys=['decay', 'delay', 'instrumentType', 'language', 'maxPosition', 'maxTrade', 'nanHandling', 'neutralization', 'pasteurization', 'region', 'truncation', 'unitHandling', 'universe', 'visualization']
2026-08-16 14:06:05,323 INFO [brain_api] POST auth expired status_code=401 url=https://api.worldquantbrain.com/simulations; cookie-based auth detected
  ✗ ERROR: unknown error
[batch 56/69] Mô phỏng 3 candidates...
[brain_api] Session expired, pausing for cookie update...
2026-08-16 14:06:05,324 INFO [brain_api] POST auth expired status_code=401 url=https://api.worldquantbrain.com/simulations; cookie-based auth detected
2026-08-16 14:06:05,325 INFO [brain_api] POST auth expired status_code=401 url=https://api.worldquantbrain.com/simulations; cookie-based auth detected
[brain_api] Session expired, pausing for cookie update...

======================================================================
  ⚠️  SESSION EXPIRED - COOKIE UPDATE REQUIRED
======================================================================

Your WorldQuant BRAIN session cookie has expired.

TO CONTINUE:
  1. Open https://platform.worldquantbrain.com in your browser
  2. Log in (if needed)
  3. Open Developer Tools (F12)
  4. Go to Application → Cookies → platform.worldquantbrain.com
  5. Find the 't' cookie
  6. Copy its Value (JWT token starting with eyJ...)
  7. Update the 't=' value in: /home/tohuy2710/T-MAG/.env
  8. Save the file
  9. Return here and press ENTER to continue

The mining loop will resume from where it left off.
======================================================================

Press ENTER after updating .env cookie (or Ctrl+C to abort)... 2026-08-16 14:06:05,326 INFO [brain_api] Stream simulation raised exception batch_idx=0 attempt=1 expr_hash=86891a3f80a7 error=[Errno 9] Bad file descriptor

======================================================================
  ⚠️  SESSION EXPIRED - COOKIE UPDATE REQUIRED
======================================================================

Your WorldQuant BRAIN session cookie has expired.

TO CONTINUE:
  1. Open https://platform.worldquantbrain.com in your browser
  2. Log in (if needed)
  3. Open Developer Tools (F12)
  4. Go to Application → Cookies → platform.worldquantbrain.com
  5. Find the 't' cookie
  6. Copy its Value (JWT token starting with eyJ...)
  7. Update the 't=' value in: /home/tohuy2710/T-MAG/.env
  8. Save the file
  9. Return here and press ENTER to continue

The mining loop will resume from where it left off.
======================================================================

Press ENTER after updating .env cookie (or Ctrl+C to abort)... 2026-08-16 14:06:05,326 INFO [brain_api] Stream simulation candidate finished batch_idx=0 status=ERROR attempts=1 retryable=False expr_hash=86891a3f80a7
[brain_api] Session expired, pausing for cookie update...

======================================================================
  ⚠️  SESSION EXPIRED - COOKIE UPDATE REQUIRED
======================================================================

Your WorldQuant BRAIN session cookie has expired.

TO CONTINUE:
  1. Open https://platform.worldquantbrain.com in your browser
  2. Log in (if needed)
  3. Open Developer Tools (F12)
  4. Go to Application → Cookies → platform.worldquantbrain.com
  5. Find the 't' cookie
  6. Copy its Value (JWT token starting with eyJ...)
  7. Update the 't=' value in: /home/tohuy2710/T-MAG/.env
  8. Save the file
  9. Return here and press ENTER to continue

The mining loop will resume from where it left off.
======================================================================

Press ENTER after updating .env cookie (or Ctrl+C to abort)... 2026-08-16 14:06:05,326 INFO [brain_api] Stream simulation raised exception batch_idx=2 attempt=1 expr_hash=2f2b9add33df error=[Errno 9] Bad file descriptor
  [1/3] ERROR — group_neutralize((ts_rank(vwap, 60) - ts_rank(shor
2026-08-16 14:06:05,327 INFO [brain_api] Stream simulation raised exception batch_idx=1 attempt=1 expr_hash=a58a3944a842 error=[Errno 9] Bad file descriptor
2026-08-16 14:06:05,327 INFO [brain_api] Stream simulation candidate finished batch_idx=2 status=ERROR attempts=1 retryable=False expr_hash=2f2b9add33df
2026-08-16 14:06:05,327 INFO [brain_api] Stream simulation candidate finished batch_idx=1 status=ERROR attempts=1 retryable=False expr_hash=a58a3944a842
  ✗ ERROR: unknown error
  [2/3] ERROR — group_neutralize(ts_mean(short_term_price_change_2
  ✗ ERROR: unknown error
  [3/3] ERROR — group_neutralize(ts_mean(short_term_price_change_2
2026-08-16 14:06:05,334 INFO [brain_api] Batch simulate stream complete candidate_count=3
2026-08-16 14:06:05,334 INFO [brain_api] Batch simulate stream start candidate_count=3 concurrency=3 max_retries=2
2026-08-16 14:06:05,335 INFO [brain_api] Simulation submit start expr_hash=c8148c91a2f9 expr_len=94 settings_keys=['decay', 'delay', 'instrumentType', 'language', 'maxPosition', 'maxTrade', 'nanHandling', 'neutralization', 'pasteurization', 'region', 'truncation', 'unitHandling', 'universe', 'visualization']
2026-08-16 14:06:05,336 INFO [brain_api] Simulation submit start expr_hash=3f1d57f3a295 expr_len=97 settings_keys=['decay', 'delay', 'instrumentType', 'language', 'maxPosition', 'maxTrade', 'nanHandling', 'neutralization', 'pasteurization', 'region', 'truncation', 'unitHandling', 'universe', 'visualization']
2026-08-16 14:06:05,339 INFO [brain_api] Simulation submit start expr_hash=ca83de22f8b8 expr_len=95 settings_keys=['decay', 'delay', 'instrumentType', 'language', 'maxPosition', 'maxTrade', 'nanHandling', 'neutralization', 'pasteurization', 'region', 'truncation', 'unitHandling', 'universe', 'visualization']
2026-08-16 14:06:05,629 INFO [brain_api] POST auth expired status_code=401 url=https://api.worldquantbrain.com/simulations; cookie-based auth detected
  ✗ ERROR: unknown error
[batch 57/69] Mô phỏng 3 candidates...
[brain_api] Session expired, pausing for cookie update...

======================================================================
  ⚠️  SESSION EXPIRED - COOKIE UPDATE REQUIRED
======================================================================

Your WorldQuant BRAIN session cookie has expired.

TO CONTINUE:
  1. Open https://platform.worldquantbrain.com in your browser
  2. Log in (if needed)
  3. Open Developer Tools (F12)
  4. Go to Application → Cookies → platform.worldquantbrain.com
  5. Find the 't' cookie
  6. Copy its Value (JWT token starting with eyJ...)
  7. Update the 't=' value in: /home/tohuy2710/T-MAG/.env
  8. Save the file
  9. Return here and press ENTER to continue

The mining loop will resume from where it left off.
======================================================================

Press ENTER after updating .env cookie (or Ctrl+C to abort)... 2026-08-16 14:06:05,630 INFO [brain_api] POST auth expired status_code=401 url=https://api.worldquantbrain.com/simulations; cookie-based auth detected
2026-08-16 14:06:05,631 INFO [brain_api] Stream simulation raised exception batch_idx=2 attempt=1 expr_hash=ca83de22f8b8 error=[Errno 9] Bad file descriptor
[brain_api] Session expired, pausing for cookie update...
2026-08-16 14:06:05,631 INFO [brain_api] Stream simulation candidate finished batch_idx=2 status=ERROR attempts=1 retryable=False expr_hash=ca83de22f8b8
  [1/3] ERROR — group_neutralize(ts_mean(short_term_price_change_2

======================================================================
  ⚠️  SESSION EXPIRED - COOKIE UPDATE REQUIRED
======================================================================

Your WorldQuant BRAIN session cookie has expired.

TO CONTINUE:
  1. Open https://platform.worldquantbrain.com in your browser
  2. Log in (if needed)
  3. Open Developer Tools (F12)
  4. Go to Application → Cookies → platform.worldquantbrain.com
  5. Find the 't' cookie
  6. Copy its Value (JWT token starting with eyJ...)
  7. Update the 't=' value in: /home/tohuy2710/T-MAG/.env
  8. Save the file
  9. Return here and press ENTER to continue

The mining loop will resume from where it left off.
======================================================================

Press ENTER after updating .env cookie (or Ctrl+C to abort)... 2026-08-16 14:06:05,632 INFO [brain_api] Stream simulation raised exception batch_idx=0 attempt=1 expr_hash=c8148c91a2f9 error=[Errno 9] Bad file descriptor
2026-08-16 14:06:05,632 INFO [brain_api] Stream simulation candidate finished batch_idx=0 status=ERROR attempts=1 retryable=False expr_hash=c8148c91a2f9
  ✗ ERROR: unknown error
  [2/3] ERROR — group_neutralize(ts_mean(short_term_price_change_2
2026-08-16 14:06:05,938 INFO [brain_api] POST auth expired status_code=401 url=https://api.worldquantbrain.com/simulations; cookie-based auth detected
  ✗ ERROR: unknown error
[brain_api] Session expired, pausing for cookie update...

======================================================================
  ⚠️  SESSION EXPIRED - COOKIE UPDATE REQUIRED
======================================================================

Your WorldQuant BRAIN session cookie has expired.

TO CONTINUE:
  1. Open https://platform.worldquantbrain.com in your browser
  2. Log in (if needed)
  3. Open Developer Tools (F12)
  4. Go to Application → Cookies → platform.worldquantbrain.com
  5. Find the 't' cookie
  6. Copy its Value (JWT token starting with eyJ...)
  7. Update the 't=' value in: /home/tohuy2710/T-MAG/.env
  8. Save the file
  9. Return here and press ENTER to continue

The mining loop will resume from where it left off.
======================================================================

Press ENTER after updating .env cookie (or Ctrl+C to abort)... 2026-08-16 14:06:05,938 INFO [brain_api] Stream simulation raised exception batch_idx=1 attempt=1 expr_hash=3f1d57f3a295 error=[Errno 9] Bad file descriptor
2026-08-16 14:06:05,938 INFO [brain_api] Stream simulation candidate finished batch_idx=1 status=ERROR attempts=1 retryable=False expr_hash=3f1d57f3a295
  [3/3] ERROR — group_neutralize(ts_mean(short_term_price_change_2
2026-08-16 14:06:05,939 INFO [brain_api] Batch simulate stream complete candidate_count=3
2026-08-16 14:06:05,940 INFO [brain_api] Batch simulate stream start candidate_count=3 concurrency=3 max_retries=2
2026-08-16 14:06:05,941 INFO [brain_api] Simulation submit start expr_hash=ec9df6fd069e expr_len=98 settings_keys=['decay', 'delay', 'instrumentType', 'language', 'maxPosition', 'maxTrade', 'nanHandling', 'neutralization', 'pasteurization', 'region', 'truncation', 'unitHandling', 'universe', 'visualization']
2026-08-16 14:06:05,941 INFO [brain_api] Simulation submit start expr_hash=f78d3a3afb4f expr_len=95 settings_keys=['decay', 'delay', 'instrumentType', 'language', 'maxPosition', 'maxTrade', 'nanHandling', 'neutralization', 'pasteurization', 'region', 'truncation', 'unitHandling', 'universe', 'visualization']
2026-08-16 14:06:05,943 INFO [brain_api] Simulation submit start expr_hash=20766966f43a expr_len=98 settings_keys=['decay', 'delay', 'instrumentType', 'language', 'maxPosition', 'maxTrade', 'nanHandling', 'neutralization', 'pasteurization', 'region', 'truncation', 'unitHandling', 'universe', 'visualization']
2026-08-16 14:06:06,242 INFO [brain_api] POST auth expired status_code=401 url=https://api.worldquantbrain.com/simulations; cookie-based auth detected
  ✗ ERROR: unknown error
[batch 58/69] Mô phỏng 3 candidates...
[brain_api] Session expired, pausing for cookie update...

======================================================================
  ⚠️  SESSION EXPIRED - COOKIE UPDATE REQUIRED
======================================================================

Your WorldQuant BRAIN session cookie has expired.

TO CONTINUE:
  1. Open https://platform.worldquantbrain.com in your browser
  2. Log in (if needed)
  3. Open Developer Tools (F12)
  4. Go to Application → Cookies → platform.worldquantbrain.com
  5. Find the 't' cookie
  6. Copy its Value (JWT token starting with eyJ...)
  7. Update the 't=' value in: /home/tohuy2710/T-MAG/.env
  8. Save the file
  9. Return here and press ENTER to continue

The mining loop will resume from where it left off.
======================================================================

Press ENTER after updating .env cookie (or Ctrl+C to abort)... 2026-08-16 14:06:06,244 INFO [brain_api] POST auth expired status_code=401 url=https://api.worldquantbrain.com/simulations; cookie-based auth detected
2026-08-16 14:06:06,245 INFO [brain_api] POST auth expired status_code=401 url=https://api.worldquantbrain.com/simulations; cookie-based auth detected
[brain_api] Session expired, pausing for cookie update...
2026-08-16 14:06:06,245 INFO [brain_api] Stream simulation raised exception batch_idx=0 attempt=1 expr_hash=ec9df6fd069e error=[Errno 9] Bad file descriptor
[brain_api] Session expired, pausing for cookie update...
2026-08-16 14:06:06,246 INFO [brain_api] Stream simulation candidate finished batch_idx=0 status=ERROR attempts=1 retryable=False expr_hash=ec9df6fd069e

======================================================================
  ⚠️  SESSION EXPIRED - COOKIE UPDATE REQUIRED
======================================================================

Your WorldQuant BRAIN session cookie has expired.

TO CONTINUE:
  1. Open https://platform.worldquantbrain.com in your browser
  2. Log in (if needed)
  3. Open Developer Tools (F12)
  4. Go to Application → Cookies → platform.worldquantbrain.com
  5. Find the 't' cookie
  6. Copy its Value (JWT token starting with eyJ...)
  7. Update the 't=' value in: /home/tohuy2710/T-MAG/.env
  8. Save the file
  9. Return here and press ENTER to continue

The mining loop will resume from where it left off.
======================================================================

Press ENTER after updating .env cookie (or Ctrl+C to abort)... 
======================================================================
  ⚠️  SESSION EXPIRED - COOKIE UPDATE REQUIRED
======================================================================

Your WorldQuant BRAIN session cookie has expired.

TO CONTINUE:
  1. Open https://platform.worldquantbrain.com in your browser
  2. Log in (if needed)
  3. Open Developer Tools (F12)
  4. Go to Application → Cookies → platform.worldquantbrain.com
  5. Find the 't' cookie
  6. Copy its Value (JWT token starting with eyJ...)
  7. Update the 't=' value in: /home/tohuy2710/T-MAG/.env
  8. Save the file
  9. Return here and press ENTER to continue

The mining loop will resume from where it left off.
======================================================================

Press ENTER after updating .env cookie (or Ctrl+C to abort)... 2026-08-16 14:06:06,246 INFO [brain_api] Stream simulation raised exception batch_idx=2 attempt=1 expr_hash=20766966f43a error=[Errno 9] Bad file descriptor
  [1/3] ERROR — group_neutralize(ts_mean(short_term_price_change_2
2026-08-16 14:06:06,246 INFO [brain_api] Stream simulation raised exception batch_idx=1 attempt=1 expr_hash=f78d3a3afb4f error=[Errno 9] Bad file descriptor
2026-08-16 14:06:06,247 INFO [brain_api] Stream simulation candidate finished batch_idx=2 status=ERROR attempts=1 retryable=False expr_hash=20766966f43a
2026-08-16 14:06:06,247 INFO [brain_api] Stream simulation candidate finished batch_idx=1 status=ERROR attempts=1 retryable=False expr_hash=f78d3a3afb4f
  ✗ ERROR: unknown error
  [2/3] ERROR — group_neutralize(ts_mean(short_term_price_change_2
  ✗ ERROR: unknown error
  [3/3] ERROR — group_neutralize(ts_mean(short_term_price_change_2
2026-08-16 14:06:06,254 INFO [brain_api] Batch simulate stream complete candidate_count=3
2026-08-16 14:06:06,254 INFO [brain_api] Batch simulate stream start candidate_count=3 concurrency=3 max_retries=2
2026-08-16 14:06:06,255 INFO [brain_api] Simulation submit start expr_hash=85f8bc00c6fb expr_len=178 settings_keys=['decay', 'delay', 'instrumentType', 'language', 'maxPosition', 'maxTrade', 'nanHandling', 'neutralization', 'pasteurization', 'region', 'truncation', 'unitHandling', 'universe', 'visualization']
2026-08-16 14:06:06,256 INFO [brain_api] Simulation submit start expr_hash=514e39088690 expr_len=181 settings_keys=['decay', 'delay', 'instrumentType', 'language', 'maxPosition', 'maxTrade', 'nanHandling', 'neutralization', 'pasteurization', 'region', 'truncation', 'unitHandling', 'universe', 'visualization']
2026-08-16 14:06:06,258 INFO [brain_api] Simulation submit start expr_hash=efb640ff8981 expr_len=177 settings_keys=['decay', 'delay', 'instrumentType', 'language', 'maxPosition', 'maxTrade', 'nanHandling', 'neutralization', 'pasteurization', 'region', 'truncation', 'unitHandling', 'universe', 'visualization']
2026-08-16 14:06:06,549 INFO [brain_api] POST auth expired status_code=401 url=https://api.worldquantbrain.com/simulations; cookie-based auth detected
  ✗ ERROR: unknown error
[batch 59/69] Mô phỏng 3 candidates...
[brain_api] Session expired, pausing for cookie update...
2026-08-16 14:06:06,550 INFO [brain_api] POST auth expired status_code=401 url=https://api.worldquantbrain.com/simulations; cookie-based auth detected
[brain_api] Session expired, pausing for cookie update...

======================================================================
  ⚠️  SESSION EXPIRED - COOKIE UPDATE REQUIRED
======================================================================

Your WorldQuant BRAIN session cookie has expired.

TO CONTINUE:
  1. Open https://platform.worldquantbrain.com in your browser
  2. Log in (if needed)
  3. Open Developer Tools (F12)
  4. Go to Application → Cookies → platform.worldquantbrain.com
  5. Find the 't' cookie
  6. Copy its Value (JWT token starting with eyJ...)
  7. Update the 't=' value in: /home/tohuy2710/T-MAG/.env
  8. Save the file
  9. Return here and press ENTER to continue

The mining loop will resume from where it left off.
======================================================================

Press ENTER after updating .env cookie (or Ctrl+C to abort)... 2026-08-16 14:06:06,551 INFO [brain_api] Stream simulation raised exception batch_idx=1 attempt=1 expr_hash=514e39088690 error=[Errno 9] Bad file descriptor

======================================================================
  ⚠️  SESSION EXPIRED - COOKIE UPDATE REQUIRED
======================================================================

Your WorldQuant BRAIN session cookie has expired.

TO CONTINUE:
  1. Open https://platform.worldquantbrain.com in your browser
  2. Log in (if needed)
  3. Open Developer Tools (F12)
  4. Go to Application → Cookies → platform.worldquantbrain.com
  5. Find the 't' cookie
  6. Copy its Value (JWT token starting with eyJ...)
  7. Update the 't=' value in: /home/tohuy2710/T-MAG/.env
  8. Save the file
  9. Return here and press ENTER to continue

The mining loop will resume from where it left off.
======================================================================

Press ENTER after updating .env cookie (or Ctrl+C to abort)... 2026-08-16 14:06:06,551 INFO [brain_api] Stream simulation candidate finished batch_idx=1 status=ERROR attempts=1 retryable=False expr_hash=514e39088690
2026-08-16 14:06:06,553 INFO [brain_api] POST auth expired status_code=401 url=https://api.worldquantbrain.com/simulations; cookie-based auth detected
  [1/3] ERROR — group_neutralize(((short_term_price_change_2 - ts_
2026-08-16 14:06:06,553 INFO [brain_api] Stream simulation raised exception batch_idx=0 attempt=1 expr_hash=85f8bc00c6fb error=[Errno 9] Bad file descriptor
2026-08-16 14:06:06,554 INFO [brain_api] Stream simulation candidate finished batch_idx=0 status=ERROR attempts=1 retryable=False expr_hash=85f8bc00c6fb
[brain_api] Session expired, pausing for cookie update...

======================================================================
  ⚠️  SESSION EXPIRED - COOKIE UPDATE REQUIRED
======================================================================

Your WorldQuant BRAIN session cookie has expired.

TO CONTINUE:
  1. Open https://platform.worldquantbrain.com in your browser
  2. Log in (if needed)
  3. Open Developer Tools (F12)
  4. Go to Application → Cookies → platform.worldquantbrain.com
  5. Find the 't' cookie
  6. Copy its Value (JWT token starting with eyJ...)
  7. Update the 't=' value in: /home/tohuy2710/T-MAG/.env
  8. Save the file
  9. Return here and press ENTER to continue

The mining loop will resume from where it left off.
======================================================================

Press ENTER after updating .env cookie (or Ctrl+C to abort)... 2026-08-16 14:06:06,554 INFO [brain_api] Stream simulation raised exception batch_idx=2 attempt=1 expr_hash=efb640ff8981 error=[Errno 9] Bad file descriptor
  ✗ ERROR: unknown error
  [2/3] ERROR — group_neutralize(((short_term_price_change_2 - ts_
2026-08-16 14:06:06,554 INFO [brain_api] Stream simulation candidate finished batch_idx=2 status=ERROR attempts=1 retryable=False expr_hash=efb640ff8981
  ✗ ERROR: unknown error
  [3/3] ERROR — group_neutralize(((short_term_price_change_2 - ts_
2026-08-16 14:06:06,560 INFO [brain_api] Batch simulate stream complete candidate_count=3
2026-08-16 14:06:06,561 INFO [brain_api] Batch simulate stream start candidate_count=3 concurrency=3 max_retries=2
2026-08-16 14:06:06,562 INFO [brain_api] Simulation submit start expr_hash=401fa25bbca2 expr_len=180 settings_keys=['decay', 'delay', 'instrumentType', 'language', 'maxPosition', 'maxTrade', 'nanHandling', 'neutralization', 'pasteurization', 'region', 'truncation', 'unitHandling', 'universe', 'visualization']
2026-08-16 14:06:06,562 INFO [brain_api] Simulation submit start expr_hash=b1ba82a20ff3 expr_len=178 settings_keys=['decay', 'delay', 'instrumentType', 'language', 'maxPosition', 'maxTrade', 'nanHandling', 'neutralization', 'pasteurization', 'region', 'truncation', 'unitHandling', 'universe', 'visualization']
2026-08-16 14:06:06,566 INFO [brain_api] Simulation submit start expr_hash=2b11d704f9dc expr_len=181 settings_keys=['decay', 'delay', 'instrumentType', 'language', 'maxPosition', 'maxTrade', 'nanHandling', 'neutralization', 'pasteurization', 'region', 'truncation', 'unitHandling', 'universe', 'visualization']
2026-08-16 14:06:06,960 INFO [brain_api] POST auth expired status_code=401 url=https://api.worldquantbrain.com/simulations; cookie-based auth detected
  ✗ ERROR: unknown error
[batch 60/69] Mô phỏng 3 candidates...
[brain_api] Session expired, pausing for cookie update...

======================================================================
  ⚠️  SESSION EXPIRED - COOKIE UPDATE REQUIRED
======================================================================

Your WorldQuant BRAIN session cookie has expired.

TO CONTINUE:
  1. Open https://platform.worldquantbrain.com in your browser
  2. Log in (if needed)
  3. Open Developer Tools (F12)
  4. Go to Application → Cookies → platform.worldquantbrain.com
  5. Find the 't' cookie
  6. Copy its Value (JWT token starting with eyJ...)
  7. Update the 't=' value in: /home/tohuy2710/T-MAG/.env
  8. Save the file
  9. Return here and press ENTER to continue

The mining loop will resume from where it left off.
======================================================================

Press ENTER after updating .env cookie (or Ctrl+C to abort)... 2026-08-16 14:06:06,960 INFO [brain_api] Stream simulation raised exception batch_idx=1 attempt=1 expr_hash=b1ba82a20ff3 error=[Errno 9] Bad file descriptor
2026-08-16 14:06:06,962 INFO [brain_api] POST auth expired status_code=401 url=https://api.worldquantbrain.com/simulations; cookie-based auth detected
[brain_api] Session expired, pausing for cookie update...

======================================================================
  ⚠️  SESSION EXPIRED - COOKIE UPDATE REQUIRED
======================================================================

Your WorldQuant BRAIN session cookie has expired.

TO CONTINUE:
  1. Open https://platform.worldquantbrain.com in your browser
  2. Log in (if needed)
  3. Open Developer Tools (F12)
  4. Go to Application → Cookies → platform.worldquantbrain.com
  5. Find the 't' cookie
  6. Copy its Value (JWT token starting with eyJ...)
  7. Update the 't=' value in: /home/tohuy2710/T-MAG/.env
  8. Save the file
  9. Return here and press ENTER to continue

The mining loop will resume from where it left off.
======================================================================

Press ENTER after updating .env cookie (or Ctrl+C to abort)... 2026-08-16 14:06:06,963 INFO [brain_api] POST auth expired status_code=401 url=https://api.worldquantbrain.com/simulations; cookie-based auth detected
[brain_api] Session expired, pausing for cookie update...
2026-08-16 14:06:06,963 INFO [brain_api] Stream simulation candidate finished batch_idx=1 status=ERROR attempts=1 retryable=False expr_hash=b1ba82a20ff3

======================================================================
  ⚠️  SESSION EXPIRED - COOKIE UPDATE REQUIRED
======================================================================

Your WorldQuant BRAIN session cookie has expired.

TO CONTINUE:
  1. Open https://platform.worldquantbrain.com in your browser
  2. Log in (if needed)
  3. Open Developer Tools (F12)
  4. Go to Application → Cookies → platform.worldquantbrain.com
  5. Find the 't' cookie
  6. Copy its Value (JWT token starting with eyJ...)
  7. Update the 't=' value in: /home/tohuy2710/T-MAG/.env
  8. Save the file
  9. Return here and press ENTER to continue

The mining loop will resume from where it left off.
======================================================================

Press ENTER after updating .env cookie (or Ctrl+C to abort)...   [1/3] ERROR — group_neutralize(((short_term_price_change_2 - ts_
2026-08-16 14:06:06,964 INFO [brain_api] Stream simulation raised exception batch_idx=2 attempt=1 expr_hash=2b11d704f9dc error=[Errno 9] Bad file descriptor
2026-08-16 14:06:06,964 INFO [brain_api] Stream simulation raised exception batch_idx=0 attempt=1 expr_hash=401fa25bbca2 error=[Errno 9] Bad file descriptor
2026-08-16 14:06:06,965 INFO [brain_api] Stream simulation candidate finished batch_idx=2 status=ERROR attempts=1 retryable=False expr_hash=2b11d704f9dc
2026-08-16 14:06:06,965 INFO [brain_api] Stream simulation candidate finished batch_idx=0 status=ERROR attempts=1 retryable=False expr_hash=401fa25bbca2
  ✗ ERROR: unknown error
  [2/3] ERROR — group_neutralize(((short_term_price_change_2 - ts_
  ✗ ERROR: unknown error
  [3/3] ERROR — group_neutralize(((short_term_price_change_2 - ts_
2026-08-16 14:06:06,972 INFO [brain_api] Batch simulate stream complete candidate_count=3
2026-08-16 14:06:06,972 INFO [brain_api] Batch simulate stream start candidate_count=3 concurrency=3 max_retries=2
2026-08-16 14:06:06,973 INFO [brain_api] Simulation submit start expr_hash=89dcdd073ef7 expr_len=177 settings_keys=['decay', 'delay', 'instrumentType', 'language', 'maxPosition', 'maxTrade', 'nanHandling', 'neutralization', 'pasteurization', 'region', 'truncation', 'unitHandling', 'universe', 'visualization']
2026-08-16 14:06:06,973 INFO [brain_api] Simulation submit start expr_hash=cae1720d62ea expr_len=180 settings_keys=['decay', 'delay', 'instrumentType', 'language', 'maxPosition', 'maxTrade', 'nanHandling', 'neutralization', 'pasteurization', 'region', 'truncation', 'unitHandling', 'universe', 'visualization']
2026-08-16 14:06:06,976 INFO [brain_api] Simulation submit start expr_hash=7b2302cd728d expr_len=104 settings_keys=['decay', 'delay', 'instrumentType', 'language', 'maxPosition', 'maxTrade', 'nanHandling', 'neutralization', 'pasteurization', 'region', 'truncation', 'unitHandling', 'universe', 'visualization']
2026-08-16 14:06:07,367 INFO [brain_api] POST auth expired status_code=401 url=https://api.worldquantbrain.com/simulations; cookie-based auth detected
  ✗ ERROR: unknown error
[batch 61/69] Mô phỏng 3 candidates...
[brain_api] Session expired, pausing for cookie update...
2026-08-16 14:06:07,369 INFO [brain_api] POST auth expired status_code=401 url=https://api.worldquantbrain.com/simulations; cookie-based auth detected

======================================================================
  ⚠️  SESSION EXPIRED - COOKIE UPDATE REQUIRED
======================================================================

Your WorldQuant BRAIN session cookie has expired.

TO CONTINUE:
  1. Open https://platform.worldquantbrain.com in your browser
  2. Log in (if needed)
  3. Open Developer Tools (F12)
  4. Go to Application → Cookies → platform.worldquantbrain.com
  5. Find the 't' cookie
  6. Copy its Value (JWT token starting with eyJ...)
  7. Update the 't=' value in: /home/tohuy2710/T-MAG/.env
  8. Save the file
  9. Return here and press ENTER to continue

The mining loop will resume from where it left off.
======================================================================
[brain_api] Session expired, pausing for cookie update...
2026-08-16 14:06:07,370 INFO [brain_api] POST auth expired status_code=401 url=https://api.worldquantbrain.com/simulations; cookie-based auth detected

Press ENTER after updating .env cookie (or Ctrl+C to abort)... 
======================================================================
  ⚠️  SESSION EXPIRED - COOKIE UPDATE REQUIRED
======================================================================

Your WorldQuant BRAIN session cookie has expired.

TO CONTINUE:
  1. Open https://platform.worldquantbrain.com in your browser
  2. Log in (if needed)
  3. Open Developer Tools (F12)
  4. Go to Application → Cookies → platform.worldquantbrain.com
  5. Find the 't' cookie
  6. Copy its Value (JWT token starting with eyJ...)
  7. Update the 't=' value in: /home/tohuy2710/T-MAG/.env
  8. Save the file
  9. Return here and press ENTER to continue

The mining loop will resume from where it left off.
======================================================================

Press ENTER after updating .env cookie (or Ctrl+C to abort)... 2026-08-16 14:06:07,371 INFO [brain_api] Stream simulation raised exception batch_idx=2 attempt=1 expr_hash=7b2302cd728d error=[Errno 9] Bad file descriptor
[brain_api] Session expired, pausing for cookie update...

======================================================================
  ⚠️  SESSION EXPIRED - COOKIE UPDATE REQUIRED
======================================================================

Your WorldQuant BRAIN session cookie has expired.

TO CONTINUE:
  1. Open https://platform.worldquantbrain.com in your browser
  2. Log in (if needed)
  3. Open Developer Tools (F12)
  4. Go to Application → Cookies → platform.worldquantbrain.com
  5. Find the 't' cookie
  6. Copy its Value (JWT token starting with eyJ...)
  7. Update the 't=' value in: /home/tohuy2710/T-MAG/.env
  8. Save the file
  9. Return here and press ENTER to continue

The mining loop will resume from where it left off.
======================================================================

Press ENTER after updating .env cookie (or Ctrl+C to abort)... 2026-08-16 14:06:07,371 INFO [brain_api] Stream simulation raised exception batch_idx=0 attempt=1 expr_hash=89dcdd073ef7 error=[Errno 9] Bad file descriptor
2026-08-16 14:06:07,371 INFO [brain_api] Stream simulation candidate finished batch_idx=2 status=ERROR attempts=1 retryable=False expr_hash=7b2302cd728d
2026-08-16 14:06:07,372 INFO [brain_api] Stream simulation raised exception batch_idx=1 attempt=1 expr_hash=cae1720d62ea error=[Errno 9] Bad file descriptor
  [1/3] ERROR — group_neutralize(short_term_price_change_2 * (1 - 
2026-08-16 14:06:07,372 INFO [brain_api] Stream simulation candidate finished batch_idx=0 status=ERROR attempts=1 retryable=False expr_hash=89dcdd073ef7
2026-08-16 14:06:07,372 INFO [brain_api] Stream simulation candidate finished batch_idx=1 status=ERROR attempts=1 retryable=False expr_hash=cae1720d62ea
  ✗ ERROR: unknown error
  [2/3] ERROR — group_neutralize(((short_term_price_change_2 - ts_
  ✗ ERROR: unknown error
  [3/3] ERROR — group_neutralize(((short_term_price_change_2 - ts_
2026-08-16 14:06:07,379 INFO [brain_api] Batch simulate stream complete candidate_count=3
2026-08-16 14:06:07,379 INFO [brain_api] Batch simulate stream start candidate_count=3 concurrency=3 max_retries=2
2026-08-16 14:06:07,380 INFO [brain_api] Simulation submit start expr_hash=e649496af205 expr_len=107 settings_keys=['decay', 'delay', 'instrumentType', 'language', 'maxPosition', 'maxTrade', 'nanHandling', 'neutralization', 'pasteurization', 'region', 'truncation', 'unitHandling', 'universe', 'visualization']
2026-08-16 14:06:07,381 INFO [brain_api] Simulation submit start expr_hash=8c99c16a02df expr_len=104 settings_keys=['decay', 'delay', 'instrumentType', 'language', 'maxPosition', 'maxTrade', 'nanHandling', 'neutralization', 'pasteurization', 'region', 'truncation', 'unitHandling', 'universe', 'visualization']
2026-08-16 14:06:07,383 INFO [brain_api] Simulation submit start expr_hash=b648413a3299 expr_len=107 settings_keys=['decay', 'delay', 'instrumentType', 'language', 'maxPosition', 'maxTrade', 'nanHandling', 'neutralization', 'pasteurization', 'region', 'truncation', 'unitHandling', 'universe', 'visualization']
2026-08-16 14:06:07,675 INFO [brain_api] POST auth expired status_code=401 url=https://api.worldquantbrain.com/simulations; cookie-based auth detected
  ✗ ERROR: unknown error
[batch 62/69] Mô phỏng 3 candidates...
[brain_api] Session expired, pausing for cookie update...

======================================================================
  ⚠️  SESSION EXPIRED - COOKIE UPDATE REQUIRED
======================================================================

Your WorldQuant BRAIN session cookie has expired.

TO CONTINUE:
  1. Open https://platform.worldquantbrain.com in your browser
  2. Log in (if needed)
  3. Open Developer Tools (F12)
  4. Go to Application → Cookies → platform.worldquantbrain.com
  5. Find the 't' cookie
  6. Copy its Value (JWT token starting with eyJ...)
  7. Update the 't=' value in: /home/tohuy2710/T-MAG/.env
  8. Save the file
  9. Return here and press ENTER to continue

The mining loop will resume from where it left off.
======================================================================

Press ENTER after updating .env cookie (or Ctrl+C to abort)... 2026-08-16 14:06:07,675 INFO [brain_api] Stream simulation raised exception batch_idx=0 attempt=1 expr_hash=e649496af205 error=[Errno 9] Bad file descriptor
2026-08-16 14:06:07,675 INFO [brain_api] Stream simulation candidate finished batch_idx=0 status=ERROR attempts=1 retryable=False expr_hash=e649496af205
2026-08-16 14:06:07,676 INFO [brain_api] POST auth expired status_code=401 url=https://api.worldquantbrain.com/simulations; cookie-based auth detected
  [1/3] ERROR — group_neutralize(short_term_price_change_2 * (1 - 
[brain_api] Session expired, pausing for cookie update...

======================================================================
  ⚠️  SESSION EXPIRED - COOKIE UPDATE REQUIRED
======================================================================

Your WorldQuant BRAIN session cookie has expired.

TO CONTINUE:
  1. Open https://platform.worldquantbrain.com in your browser
  2. Log in (if needed)
  3. Open Developer Tools (F12)
  4. Go to Application → Cookies → platform.worldquantbrain.com
  5. Find the 't' cookie
  6. Copy its Value (JWT token starting with eyJ...)
  7. Update the 't=' value in: /home/tohuy2710/T-MAG/.env
  8. Save the file
  9. Return here and press ENTER to continue

The mining loop will resume from where it left off.
======================================================================

Press ENTER after updating .env cookie (or Ctrl+C to abort)... 2026-08-16 14:06:07,677 INFO [brain_api] Stream simulation raised exception batch_idx=1 attempt=1 expr_hash=8c99c16a02df error=[Errno 9] Bad file descriptor
2026-08-16 14:06:07,678 INFO [brain_api] Stream simulation candidate finished batch_idx=1 status=ERROR attempts=1 retryable=False expr_hash=8c99c16a02df
  ✗ ERROR: unknown error
  [2/3] ERROR — group_neutralize(short_term_price_change_2 * (1 - 
2026-08-16 14:06:07,692 INFO [brain_api] POST auth expired status_code=401 url=https://api.worldquantbrain.com/simulations; cookie-based auth detected
  ✗ ERROR: unknown error
[brain_api] Session expired, pausing for cookie update...

======================================================================
  ⚠️  SESSION EXPIRED - COOKIE UPDATE REQUIRED
======================================================================

Your WorldQuant BRAIN session cookie has expired.

TO CONTINUE:
  1. Open https://platform.worldquantbrain.com in your browser
  2. Log in (if needed)
  3. Open Developer Tools (F12)
  4. Go to Application → Cookies → platform.worldquantbrain.com
  5. Find the 't' cookie
  6. Copy its Value (JWT token starting with eyJ...)
  7. Update the 't=' value in: /home/tohuy2710/T-MAG/.env
  8. Save the file
  9. Return here and press ENTER to continue

The mining loop will resume from where it left off.
======================================================================

Press ENTER after updating .env cookie (or Ctrl+C to abort)... 2026-08-16 14:06:07,693 INFO [brain_api] Stream simulation raised exception batch_idx=2 attempt=1 expr_hash=b648413a3299 error=[Errno 9] Bad file descriptor
2026-08-16 14:06:07,693 INFO [brain_api] Stream simulation candidate finished batch_idx=2 status=ERROR attempts=1 retryable=False expr_hash=b648413a3299
  [3/3] ERROR — group_neutralize(short_term_price_change_2 * (1 - 
2026-08-16 14:06:07,694 INFO [brain_api] Batch simulate stream complete candidate_count=3
2026-08-16 14:06:07,694 INFO [brain_api] Batch simulate stream start candidate_count=3 concurrency=3 max_retries=2
2026-08-16 14:06:07,695 INFO [brain_api] Simulation submit start expr_hash=2bf58e00dbcd expr_len=91 settings_keys=['decay', 'delay', 'instrumentType', 'language', 'maxPosition', 'maxTrade', 'nanHandling', 'neutralization', 'pasteurization', 'region', 'truncation', 'unitHandling', 'universe', 'visualization']
2026-08-16 14:06:07,695 INFO [brain_api] Simulation submit start expr_hash=c7ed8b69c637 expr_len=94 settings_keys=['decay', 'delay', 'instrumentType', 'language', 'maxPosition', 'maxTrade', 'nanHandling', 'neutralization', 'pasteurization', 'region', 'truncation', 'unitHandling', 'universe', 'visualization']
2026-08-16 14:06:07,698 INFO [brain_api] Simulation submit start expr_hash=2bf58e00dbcd expr_len=91 settings_keys=['decay', 'delay', 'instrumentType', 'language', 'maxPosition', 'maxTrade', 'nanHandling', 'neutralization', 'pasteurization', 'region', 'truncation', 'unitHandling', 'universe', 'visualization']
2026-08-16 14:06:07,983 INFO [brain_api] POST auth expired status_code=401 url=https://api.worldquantbrain.com/simulations; cookie-based auth detected
  ✗ ERROR: unknown error
[batch 63/69] Mô phỏng 3 candidates...
[brain_api] Session expired, pausing for cookie update...

======================================================================
  ⚠️  SESSION EXPIRED - COOKIE UPDATE REQUIRED
======================================================================

Your WorldQuant BRAIN session cookie has expired.

TO CONTINUE:
  1. Open https://platform.worldquantbrain.com in your browser
  2. Log in (if needed)
  3. Open Developer Tools (F12)
  4. Go to Application → Cookies → platform.worldquantbrain.com
  5. Find the 't' cookie
  6. Copy its Value (JWT token starting with eyJ...)
  7. Update the 't=' value in: /home/tohuy2710/T-MAG/.env
  8. Save the file
  9. Return here and press ENTER to continue

The mining loop will resume from where it left off.
======================================================================

Press ENTER after updating .env cookie (or Ctrl+C to abort)... 2026-08-16 14:06:07,983 INFO [brain_api] Stream simulation raised exception batch_idx=1 attempt=1 expr_hash=c7ed8b69c637 error=[Errno 9] Bad file descriptor
2026-08-16 14:06:07,983 INFO [brain_api] Stream simulation candidate finished batch_idx=1 status=ERROR attempts=1 retryable=False expr_hash=c7ed8b69c637
  [1/3] ERROR — group_neutralize(short_term_price_change_2 * ts_de
2026-08-16 14:06:08,289 INFO [brain_api] POST auth expired status_code=401 url=https://api.worldquantbrain.com/simulations; cookie-based auth detected
  ✗ ERROR: unknown error
[brain_api] Session expired, pausing for cookie update...

======================================================================
  ⚠️  SESSION EXPIRED - COOKIE UPDATE REQUIRED
======================================================================

Your WorldQuant BRAIN session cookie has expired.

TO CONTINUE:
  1. Open https://platform.worldquantbrain.com in your browser
  2. Log in (if needed)
  3. Open Developer Tools (F12)
  4. Go to Application → Cookies → platform.worldquantbrain.com
  5. Find the 't' cookie
  6. Copy its Value (JWT token starting with eyJ...)
  7. Update the 't=' value in: /home/tohuy2710/T-MAG/.env
  8. Save the file
  9. Return here and press ENTER to continue

The mining loop will resume from where it left off.
======================================================================

Press ENTER after updating .env cookie (or Ctrl+C to abort)... 2026-08-16 14:06:08,291 INFO [brain_api] POST auth expired status_code=401 url=https://api.worldquantbrain.com/simulations; cookie-based auth detected
[brain_api] Session expired, pausing for cookie update...
2026-08-16 14:06:08,291 INFO [brain_api] Stream simulation raised exception batch_idx=2 attempt=1 expr_hash=2bf58e00dbcd error=[Errno 9] Bad file descriptor

======================================================================
  ⚠️  SESSION EXPIRED - COOKIE UPDATE REQUIRED
======================================================================

Your WorldQuant BRAIN session cookie has expired.

TO CONTINUE:
  1. Open https://platform.worldquantbrain.com in your browser
  2. Log in (if needed)
  3. Open Developer Tools (F12)
  4. Go to Application → Cookies → platform.worldquantbrain.com
  5. Find the 't' cookie
  6. Copy its Value (JWT token starting with eyJ...)
  7. Update the 't=' value in: /home/tohuy2710/T-MAG/.env
  8. Save the file
  9. Return here and press ENTER to continue

The mining loop will resume from where it left off.
======================================================================

Press ENTER after updating .env cookie (or Ctrl+C to abort)... 2026-08-16 14:06:08,292 INFO [brain_api] Stream simulation candidate finished batch_idx=2 status=ERROR attempts=1 retryable=False expr_hash=2bf58e00dbcd
2026-08-16 14:06:08,292 INFO [brain_api] Stream simulation raised exception batch_idx=0 attempt=1 expr_hash=2bf58e00dbcd error=[Errno 9] Bad file descriptor
2026-08-16 14:06:08,292 INFO [brain_api] Stream simulation candidate finished batch_idx=0 status=ERROR attempts=1 retryable=False expr_hash=2bf58e00dbcd
  [2/3] ERROR — group_neutralize(short_term_price_change_2 * ts_de
  ✗ ERROR: unknown error
  [3/3] ERROR — group_neutralize(short_term_price_change_2 * ts_de
2026-08-16 14:06:08,299 INFO [brain_api] Batch simulate stream complete candidate_count=3
2026-08-16 14:06:08,299 INFO [brain_api] Batch simulate stream start candidate_count=3 concurrency=3 max_retries=2
2026-08-16 14:06:08,300 INFO [brain_api] Simulation submit start expr_hash=c7ed8b69c637 expr_len=94 settings_keys=['decay', 'delay', 'instrumentType', 'language', 'maxPosition', 'maxTrade', 'nanHandling', 'neutralization', 'pasteurization', 'region', 'truncation', 'unitHandling', 'universe', 'visualization']
2026-08-16 14:06:08,300 INFO [brain_api] Simulation submit start expr_hash=fb9acbf03910 expr_len=81 settings_keys=['decay', 'delay', 'instrumentType', 'language', 'maxPosition', 'maxTrade', 'nanHandling', 'neutralization', 'pasteurization', 'region', 'truncation', 'unitHandling', 'universe', 'visualization']
2026-08-16 14:06:08,303 INFO [brain_api] Simulation submit start expr_hash=e311a713d5b0 expr_len=84 settings_keys=['decay', 'delay', 'instrumentType', 'language', 'maxPosition', 'maxTrade', 'nanHandling', 'neutralization', 'pasteurization', 'region', 'truncation', 'unitHandling', 'universe', 'visualization']
2026-08-16 14:06:08,804 INFO [brain_api] POST auth expired status_code=401 url=https://api.worldquantbrain.com/simulations; cookie-based auth detected
  ✗ ERROR: unknown error
[batch 64/69] Mô phỏng 3 candidates...
[brain_api] Session expired, pausing for cookie update...
2026-08-16 14:06:08,805 INFO [brain_api] POST auth expired status_code=401 url=https://api.worldquantbrain.com/simulations; cookie-based auth detected

======================================================================
  ⚠️  SESSION EXPIRED - COOKIE UPDATE REQUIRED
======================================================================

Your WorldQuant BRAIN session cookie has expired.

TO CONTINUE:
  1. Open https://platform.worldquantbrain.com in your browser
  2. Log in (if needed)
  3. Open Developer Tools (F12)
  4. Go to Application → Cookies → platform.worldquantbrain.com
  5. Find the 't' cookie
  6. Copy its Value (JWT token starting with eyJ...)
  7. Update the 't=' value in: /home/tohuy2710/T-MAG/.env
  8. Save the file
  9. Return here and press ENTER to continue

The mining loop will resume from where it left off.
======================================================================
[brain_api] Session expired, pausing for cookie update...
2026-08-16 14:06:08,806 INFO [brain_api] POST auth expired status_code=401 url=https://api.worldquantbrain.com/simulations; cookie-based auth detected

Press ENTER after updating .env cookie (or Ctrl+C to abort)... 2026-08-16 14:06:08,807 INFO [brain_api] Stream simulation raised exception batch_idx=0 attempt=1 expr_hash=c7ed8b69c637 error=[Errno 9] Bad file descriptor

======================================================================
  ⚠️  SESSION EXPIRED - COOKIE UPDATE REQUIRED
======================================================================

Your WorldQuant BRAIN session cookie has expired.

TO CONTINUE:
  1. Open https://platform.worldquantbrain.com in your browser
  2. Log in (if needed)
  3. Open Developer Tools (F12)
  4. Go to Application → Cookies → platform.worldquantbrain.com
  5. Find the 't' cookie
  6. Copy its Value (JWT token starting with eyJ...)
  7. Update the 't=' value in: /home/tohuy2710/T-MAG/.env
  8. Save the file
  9. Return here and press ENTER to continue

The mining loop will resume from where it left off.
======================================================================

Press ENTER after updating .env cookie (or Ctrl+C to abort)... 2026-08-16 14:06:08,807 INFO [brain_api] Stream simulation candidate finished batch_idx=0 status=ERROR attempts=1 retryable=False expr_hash=c7ed8b69c637
[brain_api] Session expired, pausing for cookie update...
2026-08-16 14:06:08,807 INFO [brain_api] Stream simulation raised exception batch_idx=2 attempt=1 expr_hash=e311a713d5b0 error=[Errno 9] Bad file descriptor

======================================================================
  ⚠️  SESSION EXPIRED - COOKIE UPDATE REQUIRED
======================================================================

Your WorldQuant BRAIN session cookie has expired.

TO CONTINUE:
  1. Open https://platform.worldquantbrain.com in your browser
  2. Log in (if needed)
  3. Open Developer Tools (F12)
  4. Go to Application → Cookies → platform.worldquantbrain.com
  5. Find the 't' cookie
  6. Copy its Value (JWT token starting with eyJ...)
  7. Update the 't=' value in: /home/tohuy2710/T-MAG/.env
  8. Save the file
  9. Return here and press ENTER to continue

The mining loop will resume from where it left off.
======================================================================
  [1/3] ERROR — group_neutralize(short_term_price_change_2 * ts_de

Press ENTER after updating .env cookie (or Ctrl+C to abort)... 2026-08-16 14:06:08,808 INFO [brain_api] Stream simulation candidate finished batch_idx=2 status=ERROR attempts=1 retryable=False expr_hash=e311a713d5b0
2026-08-16 14:06:08,808 INFO [brain_api] Stream simulation raised exception batch_idx=1 attempt=1 expr_hash=fb9acbf03910 error=[Errno 9] Bad file descriptor
2026-08-16 14:06:08,808 INFO [brain_api] Stream simulation candidate finished batch_idx=1 status=ERROR attempts=1 retryable=False expr_hash=fb9acbf03910
  ✗ ERROR: unknown error
  [2/3] ERROR — group_neutralize(short_term_price_change_2 * analy
  ✗ ERROR: unknown error
  [3/3] ERROR — group_neutralize(short_term_price_change_2 * analy
2026-08-16 14:06:08,815 INFO [brain_api] Batch simulate stream complete candidate_count=3
2026-08-16 14:06:08,815 INFO [brain_api] Batch simulate stream start candidate_count=3 concurrency=3 max_retries=2
2026-08-16 14:06:08,815 INFO [brain_api] Simulation submit start expr_hash=5db56c3152cc expr_len=105 settings_keys=['decay', 'delay', 'instrumentType', 'language', 'maxPosition', 'maxTrade', 'nanHandling', 'neutralization', 'pasteurization', 'region', 'truncation', 'unitHandling', 'universe', 'visualization']
2026-08-16 14:06:08,817 INFO [brain_api] Simulation submit start expr_hash=076af6b46ba9 expr_len=108 settings_keys=['decay', 'delay', 'instrumentType', 'language', 'maxPosition', 'maxTrade', 'nanHandling', 'neutralization', 'pasteurization', 'region', 'truncation', 'unitHandling', 'universe', 'visualization']
2026-08-16 14:06:08,817 INFO [brain_api] Simulation submit start expr_hash=e066c8084b43 expr_len=118 settings_keys=['decay', 'delay', 'instrumentType', 'language', 'maxPosition', 'maxTrade', 'nanHandling', 'neutralization', 'pasteurization', 'region', 'truncation', 'unitHandling', 'universe', 'visualization']
2026-08-16 14:06:09,318 INFO [brain_api] POST auth expired status_code=401 url=https://api.worldquantbrain.com/simulations; cookie-based auth detected
  ✗ ERROR: unknown error
[batch 65/69] Mô phỏng 3 candidates...
[brain_api] Session expired, pausing for cookie update...

======================================================================
  ⚠️  SESSION EXPIRED - COOKIE UPDATE REQUIRED
======================================================================

Your WorldQuant BRAIN session cookie has expired.

TO CONTINUE:
  1. Open https://platform.worldquantbrain.com in your browser
  2. Log in (if needed)
  3. Open Developer Tools (F12)
  4. Go to Application → Cookies → platform.worldquantbrain.com
  5. Find the 't' cookie
  6. Copy its Value (JWT token starting with eyJ...)
  7. Update the 't=' value in: /home/tohuy2710/T-MAG/.env
  8. Save the file
  9. Return here and press ENTER to continue

The mining loop will resume from where it left off.
======================================================================

Press ENTER after updating .env cookie (or Ctrl+C to abort)... 2026-08-16 14:06:09,319 INFO [brain_api] POST auth expired status_code=401 url=https://api.worldquantbrain.com/simulations; cookie-based auth detected
[brain_api] Session expired, pausing for cookie update...
2026-08-16 14:06:09,321 INFO [brain_api] POST auth expired status_code=401 url=https://api.worldquantbrain.com/simulations; cookie-based auth detected

======================================================================
  ⚠️  SESSION EXPIRED - COOKIE UPDATE REQUIRED
======================================================================

Your WorldQuant BRAIN session cookie has expired.

TO CONTINUE:
  1. Open https://platform.worldquantbrain.com in your browser
  2. Log in (if needed)
  3. Open Developer Tools (F12)
  4. Go to Application → Cookies → platform.worldquantbrain.com
  5. Find the 't' cookie
  6. Copy its Value (JWT token starting with eyJ...)
  7. Update the 't=' value in: /home/tohuy2710/T-MAG/.env
  8. Save the file
  9. Return here and press ENTER to continue

The mining loop will resume from where it left off.
======================================================================

Press ENTER after updating .env cookie (or Ctrl+C to abort)... 2026-08-16 14:06:09,324 INFO [brain_api] Stream simulation raised exception batch_idx=2 attempt=1 expr_hash=e066c8084b43 error=[Errno 9] Bad file descriptor
2026-08-16 14:06:09,325 INFO [brain_api] Stream simulation candidate finished batch_idx=2 status=ERROR attempts=1 retryable=False expr_hash=e066c8084b43
[brain_api] Session expired, pausing for cookie update...
2026-08-16 14:06:09,325 INFO [brain_api] Stream simulation raised exception batch_idx=1 attempt=1 expr_hash=076af6b46ba9 error=[Errno 9] Bad file descriptor

======================================================================
  ⚠️  SESSION EXPIRED - COOKIE UPDATE REQUIRED
======================================================================

Your WorldQuant BRAIN session cookie has expired.

TO CONTINUE:
  1. Open https://platform.worldquantbrain.com in your browser
  2. Log in (if needed)
  3. Open Developer Tools (F12)
  4. Go to Application → Cookies → platform.worldquantbrain.com
  5. Find the 't' cookie
  6. Copy its Value (JWT token starting with eyJ...)
  7. Update the 't=' value in: /home/tohuy2710/T-MAG/.env
  8. Save the file
  9. Return here and press ENTER to continue

The mining loop will resume from where it left off.
======================================================================
  [1/3] ERROR — group_neutralize(rank(ts_delta(short_term_price_ch

Press ENTER after updating .env cookie (or Ctrl+C to abort)... 2026-08-16 14:06:09,325 INFO [brain_api] Stream simulation candidate finished batch_idx=1 status=ERROR attempts=1 retryable=False expr_hash=076af6b46ba9
2026-08-16 14:06:09,326 INFO [brain_api] Stream simulation raised exception batch_idx=0 attempt=1 expr_hash=5db56c3152cc error=[Errno 9] Bad file descriptor
2026-08-16 14:06:09,326 INFO [brain_api] Stream simulation candidate finished batch_idx=0 status=ERROR attempts=1 retryable=False expr_hash=5db56c3152cc
  ✗ ERROR: unknown error
  [2/3] ERROR — group_neutralize(short_term_price_change_2 * avg_e
  ✗ ERROR: unknown error
  [3/3] ERROR — group_neutralize(short_term_price_change_2 * avg_e
2026-08-16 14:06:09,328 INFO [brain_api] Batch simulate stream complete candidate_count=3
2026-08-16 14:06:09,328 INFO [brain_api] Batch simulate stream start candidate_count=3 concurrency=3 max_retries=2
2026-08-16 14:06:09,329 INFO [brain_api] Simulation submit start expr_hash=fa63084d9a19 expr_len=121 settings_keys=['decay', 'delay', 'instrumentType', 'language', 'maxPosition', 'maxTrade', 'nanHandling', 'neutralization', 'pasteurization', 'region', 'truncation', 'unitHandling', 'universe', 'visualization']
2026-08-16 14:06:09,329 INFO [brain_api] Simulation submit start expr_hash=a1c3ec1b78df expr_len=120 settings_keys=['decay', 'delay', 'instrumentType', 'language', 'maxPosition', 'maxTrade', 'nanHandling', 'neutralization', 'pasteurization', 'region', 'truncation', 'unitHandling', 'universe', 'visualization']
2026-08-16 14:06:09,331 INFO [brain_api] Simulation submit start expr_hash=e4a8c214bfa1 expr_len=123 settings_keys=['decay', 'delay', 'instrumentType', 'language', 'maxPosition', 'maxTrade', 'nanHandling', 'neutralization', 'pasteurization', 'region', 'truncation', 'unitHandling', 'universe', 'visualization']
2026-08-16 14:06:09,621 INFO [brain_api] POST auth expired status_code=401 url=https://api.worldquantbrain.com/simulations; cookie-based auth detected
  ✗ ERROR: unknown error
[batch 66/69] Mô phỏng 3 candidates...
[brain_api] Session expired, pausing for cookie update...

======================================================================
  ⚠️  SESSION EXPIRED - COOKIE UPDATE REQUIRED
======================================================================

Your WorldQuant BRAIN session cookie has expired.

TO CONTINUE:
  1. Open https://platform.worldquantbrain.com in your browser
  2. Log in (if needed)
  3. Open Developer Tools (F12)
  4. Go to Application → Cookies → platform.worldquantbrain.com
  5. Find the 't' cookie
  6. Copy its Value (JWT token starting with eyJ...)
  7. Update the 't=' value in: /home/tohuy2710/T-MAG/.env
  8. Save the file
  9. Return here and press ENTER to continue

The mining loop will resume from where it left off.
======================================================================

Press ENTER after updating .env cookie (or Ctrl+C to abort)... 2026-08-16 14:06:09,621 INFO [brain_api] Stream simulation raised exception batch_idx=0 attempt=1 expr_hash=fa63084d9a19 error=[Errno 9] Bad file descriptor
2026-08-16 14:06:09,621 INFO [brain_api] Stream simulation candidate finished batch_idx=0 status=ERROR attempts=1 retryable=False expr_hash=fa63084d9a19
2026-08-16 14:06:09,623 INFO [brain_api] POST auth expired status_code=401 url=https://api.worldquantbrain.com/simulations; cookie-based auth detected
[brain_api] Session expired, pausing for cookie update...

======================================================================
  ⚠️  SESSION EXPIRED - COOKIE UPDATE REQUIRED
======================================================================

Your WorldQuant BRAIN session cookie has expired.

TO CONTINUE:
  1. Open https://platform.worldquantbrain.com in your browser
  2. Log in (if needed)
  3. Open Developer Tools (F12)
  4. Go to Application → Cookies → platform.worldquantbrain.com
  5. Find the 't' cookie
  6. Copy its Value (JWT token starting with eyJ...)
  7. Update the 't=' value in: /home/tohuy2710/T-MAG/.env
  8. Save the file
  9. Return here and press ENTER to continue

The mining loop will resume from where it left off.
======================================================================

Press ENTER after updating .env cookie (or Ctrl+C to abort)... 2026-08-16 14:06:09,623 INFO [brain_api] Stream simulation raised exception batch_idx=2 attempt=1 expr_hash=e4a8c214bfa1 error=[Errno 9] Bad file descriptor
  [1/3] ERROR — group_neutralize(rank(ts_delta(short_term_price_ch
2026-08-16 14:06:09,623 INFO [brain_api] Stream simulation candidate finished batch_idx=2 status=ERROR attempts=1 retryable=False expr_hash=e4a8c214bfa1
2026-08-16 14:06:09,624 INFO [brain_api] POST auth expired status_code=401 url=https://api.worldquantbrain.com/simulations; cookie-based auth detected
[brain_api] Session expired, pausing for cookie update...

======================================================================
  ⚠️  SESSION EXPIRED - COOKIE UPDATE REQUIRED
======================================================================

Your WorldQuant BRAIN session cookie has expired.

TO CONTINUE:
  1. Open https://platform.worldquantbrain.com in your browser
  2. Log in (if needed)
  3. Open Developer Tools (F12)
  4. Go to Application → Cookies → platform.worldquantbrain.com
  5. Find the 't' cookie
  6. Copy its Value (JWT token starting with eyJ...)
  7. Update the 't=' value in: /home/tohuy2710/T-MAG/.env
  8. Save the file
  9. Return here and press ENTER to continue

The mining loop will resume from where it left off.
======================================================================

Press ENTER after updating .env cookie (or Ctrl+C to abort)... 2026-08-16 14:06:09,625 INFO [brain_api] Stream simulation raised exception batch_idx=1 attempt=1 expr_hash=a1c3ec1b78df error=[Errno 9] Bad file descriptor
  ✗ ERROR: unknown error
  [2/3] ERROR — group_neutralize(rank(ts_delta(short_term_price_ch
2026-08-16 14:06:09,626 INFO [brain_api] Stream simulation candidate finished batch_idx=1 status=ERROR attempts=1 retryable=False expr_hash=a1c3ec1b78df
  ✗ ERROR: unknown error
  [3/3] ERROR — group_neutralize(rank(ts_delta(short_term_price_ch
2026-08-16 14:06:09,637 INFO [brain_api] Batch simulate stream complete candidate_count=3
2026-08-16 14:06:09,637 INFO [brain_api] Batch simulate stream start candidate_count=3 concurrency=3 max_retries=2
2026-08-16 14:06:09,638 INFO [brain_api] Simulation submit start expr_hash=d0eff38a46c3 expr_len=120 settings_keys=['decay', 'delay', 'instrumentType', 'language', 'maxPosition', 'maxTrade', 'nanHandling', 'neutralization', 'pasteurization', 'region', 'truncation', 'unitHandling', 'universe', 'visualization']
2026-08-16 14:06:09,639 INFO [brain_api] Simulation submit start expr_hash=60f896959ee4 expr_len=123 settings_keys=['decay', 'delay', 'instrumentType', 'language', 'maxPosition', 'maxTrade', 'nanHandling', 'neutralization', 'pasteurization', 'region', 'truncation', 'unitHandling', 'universe', 'visualization']
2026-08-16 14:06:09,643 INFO [brain_api] Simulation submit start expr_hash=043528bbd8cf expr_len=67 settings_keys=['decay', 'delay', 'instrumentType', 'language', 'maxPosition', 'maxTrade', 'nanHandling', 'neutralization', 'pasteurization', 'region', 'truncation', 'unitHandling', 'universe', 'visualization']
2026-08-16 14:06:09,928 INFO [brain_api] POST auth expired status_code=401 url=https://api.worldquantbrain.com/simulations; cookie-based auth detected
  ✗ ERROR: unknown error
[batch 67/69] Mô phỏng 3 candidates...
[brain_api] Session expired, pausing for cookie update...

======================================================================
  ⚠️  SESSION EXPIRED - COOKIE UPDATE REQUIRED
======================================================================

Your WorldQuant BRAIN session cookie has expired.

TO CONTINUE:
  1. Open https://platform.worldquantbrain.com in your browser
  2. Log in (if needed)
  3. Open Developer Tools (F12)
  4. Go to Application → Cookies → platform.worldquantbrain.com
  5. Find the 't' cookie
  6. Copy its Value (JWT token starting with eyJ...)
  7. Update the 't=' value in: /home/tohuy2710/T-MAG/.env
  8. Save the file
  9. Return here and press ENTER to continue

The mining loop will resume from where it left off.
======================================================================

Press ENTER after updating .env cookie (or Ctrl+C to abort)... 2026-08-16 14:06:09,928 INFO [brain_api] Stream simulation raised exception batch_idx=0 attempt=1 expr_hash=d0eff38a46c3 error=[Errno 9] Bad file descriptor
2026-08-16 14:06:09,929 INFO [brain_api] Stream simulation candidate finished batch_idx=0 status=ERROR attempts=1 retryable=False expr_hash=d0eff38a46c3
  [1/3] ERROR — group_neutralize(rank(ts_delta(short_term_price_ch
2026-08-16 14:06:09,953 INFO [brain_api] POST auth expired status_code=401 url=https://api.worldquantbrain.com/simulations; cookie-based auth detected
  ✗ ERROR: unknown error
[brain_api] Session expired, pausing for cookie update...

======================================================================
  ⚠️  SESSION EXPIRED - COOKIE UPDATE REQUIRED
======================================================================

Your WorldQuant BRAIN session cookie has expired.

TO CONTINUE:
  1. Open https://platform.worldquantbrain.com in your browser
  2. Log in (if needed)
  3. Open Developer Tools (F12)
  4. Go to Application → Cookies → platform.worldquantbrain.com
  5. Find the 't' cookie
  6. Copy its Value (JWT token starting with eyJ...)
  7. Update the 't=' value in: /home/tohuy2710/T-MAG/.env
  8. Save the file
  9. Return here and press ENTER to continue

The mining loop will resume from where it left off.
======================================================================

Press ENTER after updating .env cookie (or Ctrl+C to abort)... 2026-08-16 14:06:09,954 INFO [brain_api] Stream simulation raised exception batch_idx=1 attempt=1 expr_hash=60f896959ee4 error=[Errno 9] Bad file descriptor
2026-08-16 14:06:09,954 INFO [brain_api] Stream simulation candidate finished batch_idx=1 status=ERROR attempts=1 retryable=False expr_hash=60f896959ee4
  [2/3] ERROR — group_neutralize(rank(ts_delta(short_term_price_ch
2026-08-16 14:06:10,235 INFO [brain_api] POST auth expired status_code=401 url=https://api.worldquantbrain.com/simulations; cookie-based auth detected
  ✗ ERROR: unknown error
[brain_api] Session expired, pausing for cookie update...

======================================================================
  ⚠️  SESSION EXPIRED - COOKIE UPDATE REQUIRED
======================================================================

Your WorldQuant BRAIN session cookie has expired.

TO CONTINUE:
  1. Open https://platform.worldquantbrain.com in your browser
  2. Log in (if needed)
  3. Open Developer Tools (F12)
  4. Go to Application → Cookies → platform.worldquantbrain.com
  5. Find the 't' cookie
  6. Copy its Value (JWT token starting with eyJ...)
  7. Update the 't=' value in: /home/tohuy2710/T-MAG/.env
  8. Save the file
  9. Return here and press ENTER to continue

The mining loop will resume from where it left off.
======================================================================

Press ENTER after updating .env cookie (or Ctrl+C to abort)... 2026-08-16 14:06:10,236 INFO [brain_api] Stream simulation raised exception batch_idx=2 attempt=1 expr_hash=043528bbd8cf error=[Errno 9] Bad file descriptor
2026-08-16 14:06:10,236 INFO [brain_api] Stream simulation candidate finished batch_idx=2 status=ERROR attempts=1 retryable=False expr_hash=043528bbd8cf
  [3/3] ERROR — group_neutralize(-ts_rank(short_term_price_change_
2026-08-16 14:06:10,237 INFO [brain_api] Batch simulate stream complete candidate_count=3
2026-08-16 14:06:10,237 INFO [brain_api] Batch simulate stream start candidate_count=3 concurrency=3 max_retries=2
2026-08-16 14:06:10,238 INFO [brain_api] Simulation submit start expr_hash=b1845ee1c3c6 expr_len=70 settings_keys=['decay', 'delay', 'instrumentType', 'language', 'maxPosition', 'maxTrade', 'nanHandling', 'neutralization', 'pasteurization', 'region', 'truncation', 'unitHandling', 'universe', 'visualization']
2026-08-16 14:06:10,240 INFO [brain_api] Simulation submit start expr_hash=2324b49089fe expr_len=67 settings_keys=['decay', 'delay', 'instrumentType', 'language', 'maxPosition', 'maxTrade', 'nanHandling', 'neutralization', 'pasteurization', 'region', 'truncation', 'unitHandling', 'universe', 'visualization']
2026-08-16 14:06:10,241 INFO [brain_api] Simulation submit start expr_hash=540c7002292f expr_len=70 settings_keys=['decay', 'delay', 'instrumentType', 'language', 'maxPosition', 'maxTrade', 'nanHandling', 'neutralization', 'pasteurization', 'region', 'truncation', 'unitHandling', 'universe', 'visualization']
2026-08-16 14:06:10,505 INFO [brain_api] POST auth expired status_code=401 url=https://api.worldquantbrain.com/simulations; cookie-based auth detected
  ✗ ERROR: unknown error
[batch 68/69] Mô phỏng 3 candidates...
[brain_api] Session expired, pausing for cookie update...

======================================================================
  ⚠️  SESSION EXPIRED - COOKIE UPDATE REQUIRED
======================================================================

Your WorldQuant BRAIN session cookie has expired.

TO CONTINUE:
  1. Open https://platform.worldquantbrain.com in your browser
  2. Log in (if needed)
  3. Open Developer Tools (F12)
  4. Go to Application → Cookies → platform.worldquantbrain.com
  5. Find the 't' cookie
  6. Copy its Value (JWT token starting with eyJ...)
  7. Update the 't=' value in: /home/tohuy2710/T-MAG/.env
  8. Save the file
  9. Return here and press ENTER to continue

The mining loop will resume from where it left off.
======================================================================

Press ENTER after updating .env cookie (or Ctrl+C to abort)... 2026-08-16 14:06:10,506 INFO [brain_api] Stream simulation raised exception batch_idx=1 attempt=1 expr_hash=2324b49089fe error=[Errno 9] Bad file descriptor
2026-08-16 14:06:10,507 INFO [brain_api] POST auth expired status_code=401 url=https://api.worldquantbrain.com/simulations; cookie-based auth detected
[brain_api] Session expired, pausing for cookie update...
2026-08-16 14:06:10,507 INFO [brain_api] Stream simulation candidate finished batch_idx=1 status=ERROR attempts=1 retryable=False expr_hash=2324b49089fe

======================================================================
  ⚠️  SESSION EXPIRED - COOKIE UPDATE REQUIRED
======================================================================

Your WorldQuant BRAIN session cookie has expired.

TO CONTINUE:
  1. Open https://platform.worldquantbrain.com in your browser
  2. Log in (if needed)
  3. Open Developer Tools (F12)
  4. Go to Application → Cookies → platform.worldquantbrain.com
  5. Find the 't' cookie
  6. Copy its Value (JWT token starting with eyJ...)
  7. Update the 't=' value in: /home/tohuy2710/T-MAG/.env
  8. Save the file
  9. Return here and press ENTER to continue

The mining loop will resume from where it left off.
======================================================================

Press ENTER after updating .env cookie (or Ctrl+C to abort)... 2026-08-16 14:06:10,508 INFO [brain_api] Stream simulation raised exception batch_idx=0 attempt=1 expr_hash=b1845ee1c3c6 error=[Errno 9] Bad file descriptor
  [1/3] ERROR — group_neutralize(-ts_rank(short_term_price_change_
2026-08-16 14:06:10,508 INFO [brain_api] Stream simulation candidate finished batch_idx=0 status=ERROR attempts=1 retryable=False expr_hash=b1845ee1c3c6
  ✗ ERROR: unknown error
  [2/3] ERROR — group_neutralize(-ts_rank(short_term_price_change_
2026-08-16 14:06:10,514 INFO [brain_api] POST auth expired status_code=401 url=https://api.worldquantbrain.com/simulations; cookie-based auth detected
[brain_api] Session expired, pausing for cookie update...

======================================================================
  ⚠️  SESSION EXPIRED - COOKIE UPDATE REQUIRED
======================================================================

Your WorldQuant BRAIN session cookie has expired.

TO CONTINUE:
  1. Open https://platform.worldquantbrain.com in your browser
  2. Log in (if needed)
  3. Open Developer Tools (F12)
  4. Go to Application → Cookies → platform.worldquantbrain.com
  5. Find the 't' cookie
  6. Copy its Value (JWT token starting with eyJ...)
  7. Update the 't=' value in: /home/tohuy2710/T-MAG/.env
  8. Save the file
  9. Return here and press ENTER to continue

The mining loop will resume from where it left off.
======================================================================

Press ENTER after updating .env cookie (or Ctrl+C to abort)... 2026-08-16 14:06:10,514 INFO [brain_api] Stream simulation raised exception batch_idx=2 attempt=1 expr_hash=540c7002292f error=[Errno 9] Bad file descriptor
2026-08-16 14:06:10,515 INFO [brain_api] Stream simulation candidate finished batch_idx=2 status=ERROR attempts=1 retryable=False expr_hash=540c7002292f
  ✗ ERROR: unknown error
  [3/3] ERROR — group_neutralize(-ts_rank(short_term_price_change_
2026-08-16 14:06:10,516 INFO [brain_api] Batch simulate stream complete candidate_count=3
2026-08-16 14:06:10,516 INFO [brain_api] Batch simulate stream start candidate_count=2 concurrency=3 max_retries=2
2026-08-16 14:06:10,517 INFO [brain_api] Simulation submit start expr_hash=63ef967058f7 expr_len=165 settings_keys=['decay', 'delay', 'instrumentType', 'language', 'maxPosition', 'maxTrade', 'nanHandling', 'neutralization', 'pasteurization', 'region', 'truncation', 'unitHandling', 'universe', 'visualization']
2026-08-16 14:06:10,519 INFO [brain_api] Simulation submit start expr_hash=f0420b2d37e5 expr_len=168 settings_keys=['decay', 'delay', 'instrumentType', 'language', 'maxPosition', 'maxTrade', 'nanHandling', 'neutralization', 'pasteurization', 'region', 'truncation', 'unitHandling', 'universe', 'visualization']
2026-08-16 14:06:10,784 INFO [brain_api] POST auth expired status_code=401 url=https://api.worldquantbrain.com/simulations; cookie-based auth detected
  ✗ ERROR: unknown error
[batch 69/69] Mô phỏng 2 candidates...
[brain_api] Session expired, pausing for cookie update...
2026-08-16 14:06:10,786 INFO [brain_api] POST auth expired status_code=401 url=https://api.worldquantbrain.com/simulations; cookie-based auth detected
[brain_api] Session expired, pausing for cookie update...

======================================================================
  ⚠️  SESSION EXPIRED - COOKIE UPDATE REQUIRED
======================================================================

Your WorldQuant BRAIN session cookie has expired.

TO CONTINUE:
  1. Open https://platform.worldquantbrain.com in your browser
  2. Log in (if needed)
  3. Open Developer Tools (F12)
  4. Go to Application → Cookies → platform.worldquantbrain.com
  5. Find the 't' cookie
  6. Copy its Value (JWT token starting with eyJ...)
  7. Update the 't=' value in: /home/tohuy2710/T-MAG/.env
  8. Save the file
  9. Return here and press ENTER to continue

The mining loop will resume from where it left off.
======================================================================

Press ENTER after updating .env cookie (or Ctrl+C to abort)... 2026-08-16 14:06:10,786 INFO [brain_api] Stream simulation raised exception batch_idx=0 attempt=1 expr_hash=63ef967058f7 error=[Errno 9] Bad file descriptor

======================================================================
  ⚠️  SESSION EXPIRED - COOKIE UPDATE REQUIRED
======================================================================

Your WorldQuant BRAIN session cookie has expired.

TO CONTINUE:
  1. Open https://platform.worldquantbrain.com in your browser
  2. Log in (if needed)
  3. Open Developer Tools (F12)
  4. Go to Application → Cookies → platform.worldquantbrain.com
  5. Find the 't' cookie
  6. Copy its Value (JWT token starting with eyJ...)
  7. Update the 't=' value in: /home/tohuy2710/T-MAG/.env
  8. Save the file
  9. Return here and press ENTER to continue

The mining loop will resume from where it left off.
======================================================================

Press ENTER after updating .env cookie (or Ctrl+C to abort)... 2026-08-16 14:06:10,787 INFO [brain_api] Stream simulation candidate finished batch_idx=0 status=ERROR attempts=1 retryable=False expr_hash=63ef967058f7
2026-08-16 14:06:10,787 INFO [brain_api] Stream simulation raised exception batch_idx=1 attempt=1 expr_hash=f0420b2d37e5 error=[Errno 9] Bad file descriptor
  [1/2] ERROR — group_neutralize(rank(ts_rank(short_term_price_cha
2026-08-16 14:06:10,787 INFO [brain_api] Stream simulation candidate finished batch_idx=1 status=ERROR attempts=1 retryable=False expr_hash=f0420b2d37e5
  ✗ ERROR: unknown error
  [2/2] ERROR — group_neutralize(rank(ts_rank(short_term_price_cha
2026-08-16 14:06:10,788 INFO [brain_api] Batch simulate stream complete candidate_count=2
  ✗ ERROR: unknown error

[save] Đã lưu 206 kết quả vào /home/tohuy2710/T-MAG/phase_1_plus/output/simulation_results.json

================================================================================
  KẾT QUẢ MÔ PHỎNG
================================================================================

Tổng số: 206
  ✓ Thành công: 105
  ✗ Lỗi: 101

Sharpe Ratio:
  Trung bình: 1.554
  Max: 1.960
  Min: 1.170

Fitness:
  Trung bình: 0.615
  Max: 0.860
  Min: 0.470

Turnover:
  Trung bình: 0.3590
  Max: 0.4731
  Min: 0.2251

================================================================================
  TOP 20 PERFORMERS (Sorted by Fitness)
================================================================================

1. 88pxxpdW
   Step: 3 | Step3.5: Dual rank + neutralize(industry) | CMF=3, Rev=60
   Sharpe: 1.930 | Fitness: 0.860 | Turnover: 0.4528 | Returns: 0.0904
   Expression: group_neutralize(rank(ts_rank(short_term_price_change_2, 3)) * rank(1 - ts_rank(returns, 60)), in...

2. vRNX79Aw
   Step: 3 | Step3.5: Dual rank + neutralize(subindustry) | CMF=3, Rev=60
   Sharpe: 1.930 | Fitness: 0.860 | Turnover: 0.4525 | Returns: 0.0901
   Expression: group_neutralize(rank(ts_rank(short_term_price_change_2, 3)) * rank(1 - ts_rank(returns, 60)), su...

3. RRmwvAa1
   Step: 3 | Step3.5: Dual rank + neutralize(industry) | CMF=3, Rev=20
   Sharpe: 1.960 | Fitness: 0.850 | Turnover: 0.4581 | Returns: 0.0852
   Expression: group_neutralize(rank(ts_rank(short_term_price_change_2, 3)) * rank(1 - ts_rank(returns, 20)), in...

4. gJ8V5Lxe
   Step: 3 | Step3.5: Dual rank + neutralize(subindustry) | CMF=3, Rev=20
   Sharpe: 1.950 | Fitness: 0.840 | Turnover: 0.4577 | Returns: 0.0848
   Expression: group_neutralize(rank(ts_rank(short_term_price_change_2, 3)) * rank(1 - ts_rank(returns, 20)), su...

5. d5ZJ50ex
   Step: 3 | Step3.5: Dual rank + neutralize(industry) | CMF=5, Rev=60
   Sharpe: 1.870 | Fitness: 0.840 | Turnover: 0.4019 | Returns: 0.0807
   Expression: group_neutralize(rank(ts_rank(short_term_price_change_2, 5)) * rank(1 - ts_rank(returns, 60)), in...

6. 0mpZOQzk
   Step: 3 | Step3.5: Dual rank + neutralize(subindustry) | CMF=5, Rev=60
   Sharpe: 1.860 | Fitness: 0.830 | Turnover: 0.4016 | Returns: 0.0804
   Expression: group_neutralize(rank(ts_rank(short_term_price_change_2, 5)) * rank(1 - ts_rank(returns, 60)), su...

7. A1G8oQ1Q
   Step: 3 | Step3.5: Dual rank + neutralize(industry) | CMF=5, Rev=20
   Sharpe: 1.870 | Fitness: 0.810 | Turnover: 0.4063 | Returns: 0.0757
   Expression: group_neutralize(rank(ts_rank(short_term_price_change_2, 5)) * rank(1 - ts_rank(returns, 20)), in...

8. 88pWm3Pl
   Step: 3 | Step3.5: Dual rank + neutralize(subindustry) | CMF=5, Rev=20
   Sharpe: 1.870 | Fitness: 0.810 | Turnover: 0.4060 | Returns: 0.0754
   Expression: group_neutralize(rank(ts_rank(short_term_price_change_2, 5)) * rank(1 - ts_rank(returns, 20)), su...

9. 88pxYQ1o
   Step: 2 | Param: CMF_window=22, Reversal_window=60
   Sharpe: 1.620 | Fitness: 0.780 | Turnover: 0.2409 | Returns: 0.0559
   Expression: ts_rank(short_term_price_change_2, 22) * (1 - ts_rank(returns, 60))

10. leWwX2aO
   Step: 3 | Step3.5: Dual rank + neutralize(industry) | CMF=10, Rev=60
   Sharpe: 1.690 | Fitness: 0.760 | Turnover: 0.3303 | Returns: 0.0665
   Expression: group_neutralize(rank(ts_rank(short_term_price_change_2, 10)) * rank(1 - ts_rank(returns, 60)), i...

11. 9qp50eLd
   Step: 3 | Step3.5: Dual rank + neutralize(subindustry) | CMF=10, Rev=60
   Sharpe: 1.690 | Fitness: 0.760 | Turnover: 0.3300 | Returns: 0.0663
   Expression: group_neutralize(rank(ts_rank(short_term_price_change_2, 10)) * rank(1 - ts_rank(returns, 60)), s...

12. KPGMZed1
   Step: 3 | Step3.5: Dual rank + neutralize(industry) | CMF=3, Rev=10
   Sharpe: 1.860 | Fitness: 0.750 | Turnover: 0.4731 | Returns: 0.0770
   Expression: group_neutralize(rank(ts_rank(short_term_price_change_2, 3)) * rank(1 - ts_rank(returns, 10)), in...

13. blQ1Klxq
   Step: 3 | Step3.5: Dual rank + neutralize(subindustry) | CMF=3, Rev=10
   Sharpe: 1.850 | Fitness: 0.750 | Turnover: 0.4728 | Returns: 0.0768
   Expression: group_neutralize(rank(ts_rank(short_term_price_change_2, 3)) * rank(1 - ts_rank(returns, 10)), su...

14. YPv3Pd9v
   Step: 3 | Step3.3: group_neutralize(industry) | CMF=5, Rev=60
   Sharpe: 1.760 | Fitness: 0.740 | Turnover: 0.3753 | Returns: 0.0657
   Expression: group_neutralize(ts_rank(short_term_price_change_2, 5) * (1 - ts_rank(returns, 60)), industry)

15. N1blzmoL
   Step: 2 | Param: CMF_window=5, Reversal_window=60
   Sharpe: 1.750 | Fitness: 0.730 | Turnover: 0.3722 | Returns: 0.0654
   Expression: ts_rank(short_term_price_change_2, 5) * (1 - ts_rank(returns, 60))

16. ak19zZOW
   Step: 2 | Param: CMF_window=5, Reversal_window=20
   Sharpe: 1.770 | Fitness: 0.730 | Turnover: 0.3774 | Returns: 0.0636
   Expression: ts_rank(short_term_price_change_2, 5) * (1 - ts_rank(returns, 20))

17. leWPG00e
   Step: 2 | Param: CMF_window=10, Reversal_window=60
   Sharpe: 1.660 | Fitness: 0.730 | Turnover: 0.3033 | Returns: 0.0590
   Expression: ts_rank(short_term_price_change_2, 10) * (1 - ts_rank(returns, 60))

18. d5Zrzzng
   Step: 2 | Param: CMF_window=22, Reversal_window=20
   Sharpe: 1.580 | Fitness: 0.730 | Turnover: 0.2475 | Returns: 0.0533
   Expression: ts_rank(short_term_price_change_2, 22) * (1 - ts_rank(returns, 20))

19. 58pdPVv5
   Step: 3 | Step3.3: group_neutralize(industry) | CMF=5, Rev=20
   Sharpe: 1.780 | Fitness: 0.730 | Turnover: 0.3805 | Returns: 0.0641
   Expression: group_neutralize(ts_rank(short_term_price_change_2, 5) * (1 - ts_rank(returns, 20)), industry)

20. wpa7p7Z5
   Step: 3 | Step3.3: group_neutralize(subindustry) | CMF=5, Rev=60
   Sharpe: 1.750 | Fitness: 0.730 | Turnover: 0.3749 | Returns: 0.0653
   Expression: group_neutralize(ts_rank(short_term_price_change_2, 5) * (1 - ts_rank(returns, 60)), subindustry)

[save] Kết quả đã lưu tại:
       Tổng hợp: /home/tohuy2710/T-MAG/phase_1_plus/output/simulation_results.json
       Chi tiết: /home/tohuy2710/T-MAG/phase_1_plus/output/individual/

================================================================================
  ✓ Hoàn thành mô phỏng!
================================================================================

